date,spot,option_pnl,total_pnl,in_trade,opened,closed
2020-05-04,19.670000076293945,-8.999999999999972,-8.999999999999972,True,True,False
2020-05-05,21.510000228881836,-26.49999999999999,-26.49999999999999,True,False,False
2020-05-06,20.850000381469727,11.99999999999999,11.99999999999999,True,False,False
2020-05-07,20.469999313354492,22.500000000000007,22.500000000000007,True,False,False
2020-05-08,21.469999313354492,2.500000000000002,2.500000000000002,True,False,False
2020-05-11,21.170000076293945,27.500000000000014,27.500000000000014,True,False,False
2020-05-12,20.969999313354492,19.5,19.5,True,False,False
2020-05-13,20.600000381469727,16.499999999999993,16.499999999999993,True,False,False
2020-05-14,21.450000762939453,-4.999999999999999,-4.999999999999999,True,False,False
2020-05-15,22.389999389648438,-20.499999999999996,-20.499999999999996,True,False,False
2020-05-18,24.309999465942383,-96.50000000000001,-96.50000000000001,True,False,False
2020-05-19,24.440000534057617,16.499999999999996,16.499999999999996,True,False,False
2020-05-20,25.34000015258789,-76.50000000000003,-76.50000000000003,True,False,False
2020-05-21,26.600000381469727,-132.00000000000003,-132.00000000000003,False,False,True
2020-05-22,25.56999969482422,0.0,0.0,False,False,False
2020-05-26,25.65999984741211,0.0,0.0,False,False,False
2020-05-27,25.0,0.0,0.0,False,False,False
2020-05-28,25.030000686645508,0.0,0.0,False,False,False
2020-05-29,25.8799991607666,0.0,0.0,False,False,False
2020-06-01,26.219999313354492,0.0,0.0,False,False,False
2020-06-02,27.06999969482422,-5.500000000000028,-5.500000000000028,True,True,False
2020-06-03,27.1200008392334,10.999999999999988,10.999999999999988,True,False,False
2020-06-04,27.5,13.00000000000001,13.00000000000001,True,False,False
2020-06-05,28.8700008392334,-19.999999999999996,-19.999999999999996,True,False,False
2020-06-08,28.3700008392334,-6.500000000000005,-6.500000000000005,True,False,False
2020-06-09,28.420000076293945,29.00000000000002,29.00000000000002,True,False,False
2020-06-10,28.43000030517578,13.99999999999999,13.99999999999999,True,False,False
2020-06-11,26.360000610351562,-20.999999999999986,-20.999999999999986,True,False,False
2020-06-12,26.43000030517578,18.999999999999993,18.999999999999993,True,False,False
2020-06-15,26.979999542236328,24.50000000000001,24.50000000000001,True,False,False
2020-06-16,27.639999389648438,3.9999999999999813,3.9999999999999813,True,False,False
2020-06-17,27.280000686645508,11.499999999999993,11.499999999999993,True,False,False
2020-06-18,27.889999389648438,10.500000000000004,10.500000000000004,True,False,False
2020-06-19,28.229999542236328,3.5000000000000004,3.5000000000000004,True,False,False
2020-06-22,28.979999542236328,2.500000000000002,2.500000000000002,True,False,False
2020-06-23,28.719999313354492,10.000000000000004,10.000000000000004,True,False,False
2020-06-24,27.25,-5.000000000000002,-5.000000000000002,True,False,False
2020-06-25,27.940000534057617,9.500000000000002,9.500000000000002,False,False,True
2020-06-26,27.360000610351562,0.0,0.0,False,False,False
2020-06-29,28.270000457763672,0.0,0.0,False,False,False
2020-06-30,28.059999465942383,0.0,0.0,False,False,False
2020-07-01,28.350000381469727,-4.000000000000014,-4.000000000000014,True,True,False
2020-07-02,28.75,6.499999999999995,6.499999999999995,True,False,False
2020-07-06,28.959999084472656,17.000000000000004,17.000000000000004,True,False,False
2020-07-07,28.790000915527344,9.499999999999986,9.499999999999986,True,False,False
2020-07-08,29.18000030517578,12.499999999999995,12.499999999999995,True,False,False
2020-07-09,28.40999984741211,-1.9999999999999962,-1.9999999999999962,True,False,False
2020-07-10,29.030000686645508,7.9999999999999964,7.9999999999999964,True,False,False
2020-07-13,28.5,9.500000000000004,9.500000000000004,True,False,False
2020-07-14,28.8799991607666,-1.1102230246251565e-14,-1.1102230246251565e-14,True,False,False
2020-07-15,29.290000915527344,4.999999999999999,4.999999999999999,True,False,False
2020-07-16,29.15999984741211,11.000000000000004,11.000000000000004,True,False,False
2020-07-17,29.100000381469727,15.999999999999998,15.999999999999998,True,False,False
2020-07-20,29.1200008392334,6.5,6.5,True,False,False
2020-07-21,29.719999313354492,-4.999999999999999,-4.999999999999999,True,False,False
2020-07-22,29.75,3.5000000000000018,3.5000000000000018,True,False,False
2020-07-23,29.40999984741211,3.0,3.0,True,False,False
2020-07-24,29.440000534057617,5.000000000000001,5.000000000000001,False,False,True
2020-07-27,29.719999313354492,0.0,0.0,False,False,False
2020-07-28,29.350000381469727,0.0,0.0,False,False,False
2020-07-29,29.56999969482422,0.0,0.0,False,False,False
2020-07-30,28.93000030517578,-8.500000000000014,-8.500000000000014,True,True,False
2020-07-31,29.06999969482422,5.500000000000005,5.500000000000005,True,False,False
2020-08-03,29.34000015258789,13.49999999999999,13.49999999999999,True,False,False
2020-08-04,29.780000686645508,-3.9999999999999813,-3.9999999999999813,True,False,False
2020-08-05,30.229999542236328,0.9999999999999898,0.9999999999999898,True,False,False
2020-08-06,30.18000030517578,4.499999999999993,4.499999999999993,True,False,False
2020-08-07,29.850000381469727,15.499999999999996,15.499999999999996,True,False,False
2020-08-10,30.15999984741211,6.500000000000005,6.500000000000005,True,False,False
2020-08-11,29.81999969482422,5.500000000000005,5.500000000000005,True,False,False
2020-08-12,30.559999465942383,-10.500000000000004,-10.500000000000004,True,False,False
2020-08-13,30.399999618530273,8.500000000000009,8.500000000000009,True,False,False
2020-08-14,30.329999923706055,9.0,9.0,True,False,False
2020-08-17,30.770000457763672,-5.500000000000002,-5.500000000000002,True,False,False
2020-08-18,30.600000381469727,15.499999999999996,15.499999999999996,True,False,False
2020-08-19,30.65999984741211,1.4999999999999987,1.4999999999999987,True,False,False
2020-08-20,30.520000457763672,7.499999999999997,7.499999999999997,True,False,False
2020-08-21,30.18000030517578,11.5,11.5,False,False,True
2020-08-24,30.350000381469727,0.0,0.0,False,False,False
2020-08-25,30.920000076293945,0.0,0.0,False,False,False
2020-08-26,30.93000030517578,0.0,0.0,False,False,False
2020-08-27,30.670000076293945,0.0,0.0,False,False,False
2020-08-28,30.719999313354492,-5.5,-5.5,True,True,False
2020-08-31,30.579999923706055,7.500000000000001,7.500000000000001,True,False,False
2020-09-01,30.610000610351562,6.999999999999995,6.999999999999995,True,False,False
2020-09-02,29.860000610351562,-19.0,-19.0,True,False,False
2020-09-03,29.639999389648438,-13.5,-13.5,True,False,False
2020-09-04,28.510000228881836,-48.49999999999999,-48.49999999999999,False,False,True
2020-09-08,26.75,0.0,0.0,False,False,False
2020-09-09,27.40999984741211,0.0,0.0,False,False,False
2020-09-10,26.790000915527344,0.0,0.0,False,False,False
2020-09-11,27.040000915527344,0.0,0.0,False,False,False
2020-09-14,26.940000534057617,0.0,0.0,False,False,False
2020-09-15,27.520000457763672,0.0,0.0,False,False,False
2020-09-16,28.700000762939453,0.0,0.0,False,False,False
2020-09-17,29.229999542236328,0.0,0.0,False,False,False
2020-09-18,29.059999465942383,0.0,0.0,False,False,False
2020-09-21,28.290000915527344,0.0,0.0,False,False,False
2020-09-22,28.170000076293945,0.0,0.0,False,False,False
2020-09-23,28.030000686645508,0.0,0.0,False,False,False
2020-09-24,28.5,0.0,0.0,False,False,False
2020-09-25,28.350000381469727,0.0,0.0,False,False,False
2020-09-28,28.690000534057617,-5.0,-5.0,True,True,False
2020-09-29,27.700000762939453,-14.000000000000002,-14.000000000000002,True,False,False
2020-09-30,28.290000915527344,11.00000000000001,11.00000000000001,True,False,False
2020-10-01,27.510000228881836,-18.500000000000007,-18.500000000000007,True,False,False
2020-10-02,26.350000381469727,-50.00000000000002,-50.00000000000002,True,False,False
2020-10-05,27.93000030517578,61.5,61.5,True,False,False
2020-10-06,28.389999389648438,13.500000000000012,13.500000000000012,True,False,False
2020-10-07,28.389999389648438,8.499999999999986,8.499999999999986,True,False,False
2020-10-08,29.139999389648438,7.000000000000006,7.000000000000006,True,False,False
2020-10-09,28.690000534057617,7.499999999999996,7.499999999999996,True,False,False
2020-10-12,28.06999969482422,3.9999999999999982,3.9999999999999982,True,False,False
2020-10-13,28.459999084472656,6.0,6.0,True,False,False
2020-10-14,28.979999542236328,3.499999999999992,3.499999999999992,True,False,False
2020-10-15,28.940000534057617,1.9999999999999962,1.9999999999999962,True,False,False
2020-10-16,28.719999313354492,8.999999999999996,8.999999999999996,True,False,False
2020-10-19,28.59000015258789,10.0,10.0,True,False,False
2020-10-20,29.049999237060547,-1.5000000000000013,-1.5000000000000013,True,False,False
2020-10-21,28.100000381469727,0.5000000000000004,0.5000000000000004,True,False,False
2020-10-22,28.510000228881836,11.000000000000002,11.000000000000002,True,False,False
2020-10-23,27.8799991607666,-2.000000000000001,-2.000000000000001,False,False,True
2020-10-26,27.110000610351562,0.0,0.0,False,False,False
2020-10-27,27.690000534057617,-4.0,-4.0,True,True,False
2020-10-28,26.309999465942383,-36.0,-36.0,True,False,False
2020-10-29,25.600000381469727,-25.49999999999999,-25.49999999999999,True,False,False
2020-10-30,25.25,-63.499999999999986,-63.499999999999986,False,False,True
2020-11-02,26.260000228881836,0.0,0.0,False,False,False
2020-11-03,26.719999313354492,0.0,0.0,False,False,False
2020-11-04,27.440000534057617,0.0,0.0,False,False,False
2020-11-05,27.15999984741211,0.0,0.0,False,False,False
2020-11-06,26.469999313354492,0.0,0.0,False,False,False
2020-11-09,28.06999969482422,0.0,0.0,False,False,False
2020-11-10,28.90999984741211,0.0,0.0,False,False,False
2020-11-11,29.040000915527344,0.0,0.0,False,False,False
2020-11-12,28.65999984741211,0.0,0.0,False,False,False
2020-11-13,28.1299991607666,0.0,0.0,False,False,False
2020-11-16,28.809999465942383,0.0,0.0,False,False,False
2020-11-17,28.8700008392334,0.0,0.0,False,False,False
2020-11-18,29.0,0.0,0.0,False,False,False
2020-11-19,29.09000015258789,0.0,0.0,False,False,False
2020-11-20,29.270000457763672,0.0,0.0,False,False,False
2020-11-23,29.520000457763672,0.0,0.0,False,False,False
2020-11-24,30.799999237060547,0.0,0.0,False,False,False
2020-11-25,31.3700008392334,-13.0,-13.0,True,True,False
2020-11-27,31.219999313354492,2.0000000000000018,2.0000000000000018,True,False,False
2020-11-30,30.969999313354492,-3.0000000000000027,-3.0000000000000027,True,False,False
2020-12-01,30.6200008392334,-7.000000000000018,-7.000000000000018,True,False,False
2020-12-02,30.969999313354492,24.000000000000004,24.000000000000004,True,False,False
2020-12-03,31.25,21.999999999999996,21.999999999999996,True,False,False
2020-12-04,31.559999465942383,13.5,13.5,True,False,False
2020-12-07,31.399999618530273,-0.5000000000000004,-0.5000000000000004,True,False,False
2020-12-08,31.40999984741211,15.500000000000004,15.500000000000004,True,False,False
2020-12-09,31.34000015258789,-3.0,-3.0,True,False,False
2020-12-10,32.11000061035156,-4.500000000000001,-4.500000000000001,True,False,False
2020-12-11,31.940000534057617,4.999999999999999,4.999999999999999,True,False,False
2020-12-14,32.16999816894531,5.000000000000004,5.000000000000004,True,False,False
2020-12-15,32.540000915527344,-1.4999999999999987,-1.4999999999999987,True,False,False
2020-12-16,32.7400016784668,3.9999999999999933,3.9999999999999933,True,False,False
2020-12-17,33.15999984741211,-6.4999999999999964,-6.4999999999999964,False,False,True
2020-12-18,33.47999954223633,0.0,0.0,False,False,False
2020-12-21,32.63999938964844,0.0,0.0,False,False,False
2020-12-22,32.09000015258789,0.0,0.0,False,False,False
2020-12-23,32.75,0.0,0.0,False,False,False
2020-12-24,32.91999816894531,-12.5,-12.5,True,True,False
2020-12-28,32.59000015258789,8.000000000000007,8.000000000000007,True,False,False
2020-12-29,32.779998779296875,8.500000000000012,8.500000000000012,True,False,False
2020-12-30,32.90999984741211,5.999999999999995,5.999999999999995,True,False,False
2020-12-31,33.0099983215332,3.0000000000000027,3.0000000000000027,True,False,False
2021-01-04,32.380001068115234,-9.000000000000007,-9.000000000000007,True,False,False
2021-01-05,33.939998626708984,4.0000000000000036,4.0000000000000036,True,False,False
2021-01-06,34.11000061035156,4.499999999999998,4.499999999999998,True,False,False
2021-01-07,34.529998779296875,0.500000000000006,0.500000000000006,True,False,False
2021-01-08,35.43000030517578,-45.50000000000001,-45.50000000000001,True,False,False
2021-01-11,35.2599983215332,20.5,20.5,True,False,False
2021-01-12,35.900001525878906,-36.49999999999999,-36.49999999999999,True,False,False
2021-01-13,35.79999923706055,8.500000000000027,8.500000000000027,True,False,False
2021-01-14,36.2400016784668,-24.500000000000004,-24.500000000000004,True,False,False
2021-01-15,35.34000015258789,66.5,66.5,False,False,True
2021-01-19,35.75,0.0,0.0,False,False,False
2021-01-20,35.790000915527344,0.0,0.0,False,False,False
2021-01-21,35.7599983215332,0.0,0.0,False,False,False
2021-01-22,35.22999954223633,-2.0,-2.0,True,True,False
2021-01-25,35.59000015258789,6.999999999999995,6.999999999999995,True,False,False
2021-01-26,35.45000076293945,3.9999999999999982,3.9999999999999982,True,False,False
2021-01-27,35.5,-11.000000000000004,-11.000000000000004,True,False,False
2021-01-28,35.25,-2.0000000000000018,-2.0000000000000018,True,False,False
2021-01-29,35.18000030517578,14.000000000000002,14.000000000000002,True,False,False
2021-02-01,36.119998931884766,1.9999999999999962,1.9999999999999962,True,False,False
2021-02-02,36.81999969482422,-8.500000000000002,-8.500000000000002,True,False,False
2021-02-03,37.439998626708984,-18.99999999999999,-18.99999999999999,True,False,False
2021-02-04,37.810001373291016,-7.000000000000006,-7.000000000000006,True,False,False
2021-02-05,38.189998626708984,-21.500000000000004,-21.500000000000004,True,False,False
2021-02-08,38.939998626708984,-45.999999999999986,-45.999999999999986,False,False,True
2021-02-09,39.16999816894531,0.0,0.0,False,False,False
2021-02-10,39.279998779296875,0.0,0.0,False,False,False
2021-02-11,38.970001220703125,0.0,0.0,False,False,False
2021-02-12,39.939998626708984,0.0,0.0,False,False,False
2021-02-16,40.45000076293945,0.0,0.0,False,False,False
2021-02-17,40.88999938964844,0.0,0.0,False,False,False
2021-02-18,40.27000045776367,0.0,0.0,False,False,False
2021-02-19,39.68000030517578,0.0,0.0,False,False,False
2021-02-22,41.279998779296875,-7.0,-7.0,True,True,False
2021-02-23,41.619998931884766,-9.50000000000002,-9.50000000000002,True,False,False
2021-02-24,42.5,-9.00000000000002,-9.00000000000002,True,False,False
2021-02-25,42.459999084472656,-2.499999999999969,-2.499999999999969,True,False,False
2021-02-26,41.310001373291016,12.499999999999979,12.499999999999979,True,False,False
2021-03-01,40.599998474121094,9.000000000000007,9.000000000000007,True,False,False
2021-03-02,40.06999969482422,11.5,11.5,True,False,False
2021-03-03,41.13999938964844,14.499999999999979,14.499999999999979,True,False,False
2021-03-04,43.06999969482422,-19.000000000000007,-19.000000000000007,True,False,False
2021-03-05,44.439998626708984,-45.499999999999964,-45.499999999999964,True,False,False
2021-03-08,43.5,40.0,40.0,True,False,False
2021-03-09,43.11000061035156,24.499999999999982,24.499999999999982,True,False,False
2021-03-10,43.7400016784668,-15.500000000000009,-15.500000000000009,True,False,False
2021-03-11,44.599998474121094,-34.499999999999986,-34.499999999999986,True,False,False
2021-03-12,44.349998474121094,19.49999999999998,19.49999999999998,True,False,False
2021-03-15,44.2599983215332,13.000000000000005,13.000000000000005,True,False,False
2021-03-16,43.83000183105469,21.500000000000014,21.500000000000014,True,False,False
2021-03-17,43.81999969482422,19.5,19.5,True,False,False
2021-03-18,40.470001220703125,12.999999999999998,12.999999999999998,True,False,False
2021-03-19,41.77000045776367,32.0,32.0,False,False,True
2021-03-22,41.709999084472656,0.0,0.0,False,False,False
2021-03-23,39.369998931884766,-11.5,-11.5,True,True,False
2021-03-24,41.45000076293945,-10.500000000000021,-10.500000000000021,True,False,False
2021-03-25,39.88999938964844,6.0,6.0,True,False,False
2021-03-26,41.529998779296875,-2.0000000000000018,-2.0000000000000018,True,False,False
2021-03-29,41.91999816894531,4.0000000000000036,4.0000000000000036,True,False,False
2021-03-30,41.16999816894531,32.000000000000014,32.000000000000014,True,False,False
2021-03-31,40.529998779296875,2.499999999999991,2.499999999999991,True,False,False
2021-04-01,41.84000015258789,4.499999999999993,4.499999999999993,True,False,False
2021-04-05,40.279998779296875,34.000000000000014,34.000000000000014,True,False,False
2021-04-06,40.70000076293945,9.999999999999998,9.999999999999998,True,False,False
2021-04-07,40.86000061035156,8.499999999999996,8.499999999999996,True,False,False
2021-04-08,40.81999969482422,7.0000000000000115,7.0000000000000115,True,False,False
2021-04-09,40.63999938964844,16.499999999999996,16.499999999999996,True,False,False
2021-04-12,40.900001525878906,4.999999999999999,4.999999999999999,True,False,False
2021-04-13,41.400001525878906,0.4999999999999949,0.4999999999999949,True,False,False
2021-04-14,43.040000915527344,-56.99999999999999,-56.99999999999999,True,False,False
2021-04-15,43.27000045776367,-17.500000000000004,-17.500000000000004,True,False,False
2021-04-16,43.18000030517578,-197.0,-197.0,False,False,True
2021-04-19,43.31999969482422,0.0,0.0,False,False,False
2021-04-20,42.7400016784668,0.0,0.0,False,False,False
2021-04-21,41.77000045776367,-4.0,-4.0,True,True,False
2021-04-22,42.09000015258789,3.9999999999999925,3.9999999999999925,True,False,False
2021-04-23,42.459999084472656,10.999999999999988,10.999999999999988,True,False,False
2021-04-26,42.33000183105469,6.499999999999984,6.499999999999984,True,False,False
2021-04-27,43.11000061035156,3.0000000000000138,3.0000000000000138,True,False,False
2021-04-28,43.529998779296875,-2.499999999999991,-2.499999999999991,True,False,False
2021-04-29,44.2599983215332,-19.500000000000018,-19.500000000000018,True,False,False
2021-04-30,43.27000045776367,30.50000000000001,30.50000000000001,True,False,False
2021-05-03,43.97999954223633,-12.499999999999995,-12.499999999999995,True,False,False
2021-05-04,44.869998931884766,-23.50000000000001,-23.50000000000001,True,False,False
2021-05-05,44.65999984741211,9.499999999999996,9.499999999999996,True,False,False
2021-05-06,44.40999984741211,17.000000000000004,17.000000000000004,True,False,False
2021-05-07,44.43000030517578,12.5,12.5,True,False,False
2021-05-10,44.47999954223633,0.5000000000000129,0.5000000000000129,True,False,False
2021-05-11,44.869998931884766,-7.5000000000000036,-7.5000000000000036,True,False,False
2021-05-12,45.220001220703125,-3.9999999999999982,-3.9999999999999982,True,False,False
2021-05-13,43.810001373291016,55.49999999999999,55.49999999999999,True,False,False
2021-05-14,44.709999084472656,-22.5,-22.5,False,False,True
2021-05-17,45.38999938964844,0.0,0.0,False,False,False
2021-05-18,44.84000015258789,0.0,0.0,False,False,False
2021-05-19,43.43000030517578,0.0,0.0,False,False,False
2021-05-20,42.47999954223633,-5.500000000000014,-5.500000000000014,True,True,False
2021-05-21,43.70000076293945,13.0,13.0,True,False,False
2021-05-24,45.02000045776367,-14.500000000000002,-14.500000000000002,True,False,False
2021-05-25,44.91999816894531,4.500000000000015,4.500000000000015,True,False,False
2021-05-26,45.20000076293945,4.999999999999993,4.999999999999993,True,False,False
2021-05-27,45.54999923706055,-8.000000000000012,-8.000000000000012,True,False,False
2021-05-28,45.41999816894531,9.500000000000016,9.500000000000016,True,False,False
2021-06-01,46.33000183105469,-31.500000000000007,-31.500000000000007,True,False,False
2021-06-02,46.900001525878906,-19.49999999999998,-19.49999999999998,True,False,False
2021-06-03,46.970001220703125,-2.9999999999999956,-2.9999999999999956,True,False,False
2021-06-04,47.2599983215332,-9.5,-9.5,True,False,False
2021-06-07,47.27000045776367,14.000000000000002,14.000000000000002,True,False,False
2021-06-08,47.880001068115234,-50.499999999999986,-50.499999999999986,True,False,False
2021-06-09,47.58000183105469,28.500000000000004,28.500000000000004,True,False,False
2021-06-10,47.83000183105469,-19.99999999999996,-19.99999999999996,True,False,False
2021-06-11,48.06999969482422,-19.500000000000018,-19.500000000000018,False,False,True
2021-06-14,48.31999969482422,0.0,0.0,False,False,False
2021-06-15,48.97999954223633,0.0,0.0,False,False,False
2021-06-16,48.75,0.0,0.0,False,False,False
2021-06-17,48.040000915527344,0.0,0.0,False,False,False
2021-06-18,48.36000061035156,-3.0,-3.0,True,True,False
2021-06-21,49.36000061035156,-1.9999999999999907,-1.9999999999999907,True,False,False
2021-06-22,49.41999816894531,7.499999999999996,7.499999999999996,True,False,False
2021-06-23,49.720001220703125,4.499999999999993,4.499999999999993,True,False,False
2021-06-24,49.84000015258789,13.499999999999995,13.499999999999995,True,False,False
2021-06-25,50.25,-0.5000000000000004,-0.5000000000000004,True,False,False
2021-06-28,49.540000915527344,26.00000000000001,26.00000000000001,True,False,False
2021-06-29,49.88999938964844,-5.499999999999999,-5.499999999999999,True,False,False
2021-06-30,49.880001068115234,3.9999999999999925,3.9999999999999925,True,False,False
2021-07-01,50.619998931884766,-15.999999999999993,-15.999999999999993,True,False,False
2021-07-02,50.93000030517578,-22.99999999999999,-22.99999999999999,True,False,False
2021-07-06,49.900001525878906,42.499999999999986,42.499999999999986,True,False,False
2021-07-07,48.65999984741211,17.000000000000004,17.000000000000004,True,False,False
2021-07-08,49.52000045776367,15.500000000000009,15.500000000000009,True,False,False
2021-07-09,50.40999984741211,-6.500000000000004,-6.500000000000004,False,False,True
2021-07-12,50.310001373291016,0.0,0.0,False,False,False
2021-07-13,51.150001525878906,0.0,0.0,False,False,False
2021-07-14,49.70000076293945,0.0,0.0,False,False,False
2021-07-15,49.040000915527344,0.0,0.0,False,False,False
2021-07-16,49.13999938964844,0.0,0.0,False,False,False
2021-07-19,45.84000015258789,-5.499999999999972,-5.499999999999972,True,True,False
2021-07-20,46.5099983215332,25.5,25.5,True,False,False
2021-07-21,48.27000045776367,-24.5,-24.5,True,False,False
2021-07-22,49.16999816894531,-21.000000000000018,-21.000000000000018,True,False,False
2021-07-23,49.470001220703125,0.5000000000000115,0.5000000000000115,True,False,False
2021-07-26,49.66999816894531,-4.499999999999988,-4.499999999999988,True,False,False
2021-07-27,49.470001220703125,16.50000000000001,16.50000000000001,True,False,False
2021-07-28,49.720001220703125,-3.500000000000009,-3.500000000000009,True,False,False
2021-07-29,50.63999938964844,-48.0,-48.0,True,False,False
2021-07-30,50.65999984741211,-1.4999999999999556,-1.4999999999999556,True,False,False
2021-08-02,49.18000030517578,87.50000000000001,87.50000000000001,True,False,False
2021-08-03,48.849998474121094,17.499999999999993,17.499999999999993,True,False,False
2021-08-04,47.20000076293945,35.5,35.5,True,False,False
2021-08-05,48.099998474121094,-3.500000000000014,-3.500000000000014,True,False,False
2021-08-06,47.56999969482422,18.5,18.5,True,False,False
2021-08-09,46.599998474121094,9.000000000000005,9.000000000000005,True,False,False
2021-08-10,47.68000030517578,5.000000000000004,5.000000000000004,True,False,False
2021-08-11,48.29999923706055,-2.00000000000001,-2.00000000000001,True,False,False
2021-08-12,48.099998474121094,18.5,18.5,True,False,False
2021-08-13,47.43000030517578,20.999999999999996,20.999999999999996,False,False,True
2021-08-16,47.040000915527344,0.0,0.0,False,False,False
2021-08-17,46.58000183105469,-4.0,-4.0,True,True,False
2021-08-18,45.400001525878906,-5.000000000000004,-5.000000000000004,True,False,False
2021-08-19,44.77000045776367,-4.0000000000000036,-4.0000000000000036,True,False,False
2021-08-20,43.43000030517578,-34.5,-34.5,True,False,False
2021-08-23,45.849998474121094,71.00000000000001,71.00000000000001,True,False,False
2021-08-24,47.369998931884766,3.499999999999992,3.499999999999992,True,False,False
2021-08-25,47.810001373291016,5.000000000000016,5.000000000000016,True,False,False
2021-08-26,47.47999954223633,12.500000000000005,12.500000000000005,True,False,False
2021-08-27,48.150001525878906,-5.000000000000004,-5.000000000000004,True,False,False
2021-08-30,48.400001525878906,9.0,9.0,True,False,False
2021-08-31,48.040000915527344,9.499999999999995,9.499999999999995,True,False,False
2021-09-01,47.93000030517578,10.499999999999995,10.499999999999995,True,False,False
2021-09-02,48.95000076293945,-16.000000000000004,-16.000000000000004,True,False,False
2021-09-03,48.65999984741211,14.000000000000007,14.000000000000007,True,False,False
2021-09-07,48.040000915527344,25.0,25.0,True,False,False
2021-09-08,48.59000015258789,-5.499999999999998,-5.499999999999998,True,False,False
2021-09-09,47.75,13.000000000000004,13.000000000000004,True,False,False
2021-09-10,48.79999923706055,-12.000000000000002,-12.000000000000002,False,False,True
2021-09-13,49.47999954223633,0.0,0.0,False,False,False
2021-09-14,49.310001373291016,0.0,0.0,False,False,False
2021-09-15,50.689998626708984,-2.5,-2.5,True,True,False
2021-09-16,50.70000076293945,2.000000000000013,2.000000000000013,True,False,False
2021-09-17,50.31999969482422,12.0,12.0,True,False,False
2021-09-20,49.599998474121094,-24.00000000000001,-24.00000000000001,True,False,False
2021-09-21,49.58000183105469,24.0,24.0,True,False,False
2021-09-22,50.47999954223633,24.0,24.0,True,False,False
2021-09-23,51.380001068115234,-1.0000000000000009,-1.0000000000000009,True,False,False
2021-09-24,51.81999969482422,3.4999999999999973,3.4999999999999973,True,False,False
2021-09-27,52.90999984741211,-23.5,-23.5,True,False,False
2021-09-28,52.400001525878906,7.500000000000012,7.500000000000012,True,False,False
2021-09-29,52.31999969482422,7.9999999999999964,7.9999999999999964,True,False,False
2021-09-30,52.560001373291016,-14.500000000000002,-14.500000000000002,True,False,False
2021-10-01,53.2599983215332,0.5000000000000115,0.5000000000000115,True,False,False
2021-10-04,54.4900016784668,-47.5,-47.5,True,False,False
2021-10-05,55.630001068115234,-65.50000000000003,-65.50000000000003,True,False,False
2021-10-06,54.15999984741211,95.00000000000001,95.00000000000001,True,False,False
2021-10-07,55.36000061035156,-66.5,-66.5,True,False,False
2021-10-08,55.470001220703125,-0.4999999999999929,-0.4999999999999929,False,False,True
2021-10-11,56.18000030517578,0.0,0.0,False,False,False
2021-10-12,56.11000061035156,0.0,0.0,False,False,False
2021-10-13,56.15999984741211,0.0,0.0,False,False,False
2021-10-14,56.810001373291016,-6.0,-6.0,True,True,False
2021-10-15,57.150001525878906,7.9999999999999964,7.9999999999999964,True,False,False
2021-10-18,56.959999084472656,12.500000000000021,12.500000000000021,True,False,False
2021-10-19,57.41999816894531,13.499999999999979,13.499999999999979,True,False,False
2021-10-20,58.119998931884766,-0.5000000000000004,-0.5000000000000004,True,False,False
2021-10-21,57.40999984741211,3.499999999999992,3.499999999999992,True,False,False
2021-10-22,58.029998779296875,3.499999999999992,3.499999999999992,True,False,False
2021-10-25,57.83000183105469,12.50000000000001,12.50000000000001,True,False,False
2021-10-26,58.45000076293945,9.999999999999998,9.999999999999998,True,False,False
2021-10-27,56.900001525878906,3.0000000000000053,3.0000000000000053,True,False,False
2021-10-28,57.400001525878906,12.99999999999999,12.99999999999999,True,False,False
2021-10-29,57.150001525878906,5.500000000000005,5.500000000000005,True,False,False
2021-11-01,57.529998779296875,15.500000000000004,15.500000000000004,True,False,False
2021-11-02,57.529998779296875,5.499999999999994,5.499999999999994,True,False,False
2021-11-03,55.34000015258789,-31.999999999999996,-31.999999999999996,True,False,False
2021-11-04,54.91999816894531,-0.5000000000000115,-0.5000000000000115,True,False,False
2021-11-05,56.54999923706055,42.00000000000001,42.00000000000001,False,False,True
2021-11-08,57.09000015258789,0.0,0.0,False,False,False
2021-11-09,57.970001220703125,0.0,0.0,False,False,False
2021-11-10,56.31999969482422,0.0,0.0,False,False,False
2021-11-11,56.220001220703125,0.0,0.0,False,False,False
2021-11-12,55.97999954223633,-6.0,-6.0,True,True,False
2021-11-15,56.06999969482422,14.000000000000002,14.000000000000002,True,False,False
2021-11-16,56.20000076293945,21.499999999999986,21.499999999999986,True,False,False
2021-11-17,55.0,6.999999999999995,6.999999999999995,True,False,False
2021-11-18,55.54999923706055,14.500000000000002,14.500000000000002,True,False,False
2021-11-19,53.779998779296875,-40.49999999999998,-40.49999999999998,True,False,False
2021-11-22,54.45000076293945,32.999999999999986,32.999999999999986,True,False,False
2021-11-23,56.20000076293945,23.5,23.5,True,False,False
2021-11-24,55.880001068115234,11.5,11.5,True,False,False
2021-11-26,49.630001068115234,-362.5,-362.5,False,False,True
2021-11-29,50.16999816894531,0.0,0.0,False,False,False
2021-11-30,47.90999984741211,0.0,0.0,False,False,False
2021-12-01,47.040000915527344,0.0,0.0,False,False,False
2021-12-02,48.290000915527344,0.0,0.0,False,False,False
2021-12-03,48.0,0.0,0.0,False,False,False
2021-12-06,50.5099983215332,0.0,0.0,False,False,False
2021-12-07,51.59000015258789,0.0,0.0,False,False,False
2021-12-08,52.41999816894531,0.0,0.0,False,False,False
2021-12-09,51.02000045776367,0.0,0.0,False,False,False
2021-12-10,52.029998779296875,0.0,0.0,False,False,False
2021-12-13,51.439998626708984,-16.5,-16.5,True,True,False
2021-12-14,50.91999816894531,-21.000000000000018,-21.000000000000018,True,False,False
2021-12-15,51.619998931884766,24.99999999999998,24.99999999999998,True,False,False
2021-12-16,51.869998931884766,14.499999999999991,14.499999999999991,True,False,False
2021-12-17,50.779998779296875,-4.499999999999993,-4.499999999999993,True,False,False
2021-12-20,49.900001525878906,-17.499999999999982,-17.499999999999982,True,False,False
2021-12-21,51.56999969482422,42.99999999999997,42.99999999999997,True,False,False
2021-12-22,52.47999954223633,1.1102230246251565e-14,1.1102230246251565e-14,True,False,False
2021-12-23,53.130001068115234,3.499999999999992,3.499999999999992,True,False,False
2021-12-27,54.52000045776367,-11.999999999999977,-11.999999999999977,True,False,False
2021-12-28,54.66999816894531,9.499999999999986,9.499999999999986,True,False,False
2021-12-29,55.08000183105469,-1.0000000000000009,-1.0000000000000009,True,False,False
2021-12-30,55.099998474121094,4.999999999999999,4.999999999999999,True,False,False
2021-12-31,54.36000061035156,33.50000000000001,33.50000000000001,True,False,False
2022-01-03,54.83000183105469,8.499999999999991,8.499999999999991,True,False,False
2022-01-04,55.59000015258789,-27.499999999999993,-27.499999999999993,True,False,False
2022-01-05,55.43000030517578,7.49999999999999,7.49999999999999,True,False,False
2022-01-06,56.88999938964844,-75.0,-75.0,True,False,False
2022-01-07,56.66999816894531,24.000000000000025,24.000000000000025,False,False,True
2022-01-10,56.15999984741211,0.0,0.0,False,False,False
2022-01-11,58.15999984741211,-13.5,-13.5,True,True,False
2022-01-12,58.90999984741211,1.4999999999999902,1.4999999999999902,True,False,False
2022-01-13,58.27000045776367,-45.499999999999986,-45.499999999999986,True,False,False
2022-01-14,59.970001220703125,-19.00000000000004,-19.00000000000004,True,False,False
2022-01-18,60.970001220703125,-9.000000000000007,-9.000000000000007,True,False,False
2022-01-19,61.04999923706055,14.000000000000012,14.000000000000012,True,False,False
2022-01-20,60.65999984741211,20.500000000000007,20.500000000000007,True,False,False
2022-01-21,60.779998779296875,0.4999999999999949,0.4999999999999949,True,False,False
2022-01-24,60.11000061035156,18.500000000000007,18.500000000000007,True,False,False
2022-01-25,60.970001220703125,-24.49999999999999,-24.49999999999999,True,False,False
2022-01-26,61.68000030517578,-10.500000000000021,-10.500000000000021,True,False,False
2022-01-27,61.86000061035156,0.49999999999998934,0.49999999999998934,True,False,False
2022-01-28,61.970001220703125,2.499999999999991,2.499999999999991,True,False,False
2022-01-31,62.47999954223633,13.5,13.5,True,False,False
2022-02-01,62.529998779296875,18.499999999999993,18.499999999999993,True,False,False
2022-02-02,62.52000045776367,-10.000000000000009,-10.000000000000009,True,False,False
2022-02-03,63.5099983215332,-54.999999999999986,-54.999999999999986,True,False,False
2022-02-04,64.91000366210938,-109.00000000000004,-109.00000000000004,False,False,True
2022-02-07,64.68000030517578,0.0,0.0,False,False,False
2022-02-08,63.619998931884766,0.0,0.0,False,False,False
2022-02-09,64.16999816894531,-187.5,-187.5,True,True,False
2022-02-10,63.959999084472656,177.5,177.5,True,False,False
2022-02-11,65.73999786376953,-277.0,-277.0,False,False,True
2022-02-14,66.36000061035156,0.0,0.0,False,False,False
2022-02-15,64.27999877929688,0.0,0.0,False,False,False
2022-02-16,63.540000915527344,0.0,0.0,False,False,False
2022-02-17,64.16999816894531,0.0,0.0,False,False,False
2022-02-18,64.73999786376953,0.0,0.0,False,False,False
2022-02-22,65.54000091552734,0.0,0.0,False,False,False
2022-02-23,66.23999786376953,0.0,0.0,False,False,False
2022-02-24,66.33999633789062,0.0,0.0,False,False,False
2022-02-25,65.80000305175781,0.0,0.0,False,False,False
2022-02-28,67.4800033569336,0.0,0.0,False,False,False
2022-03-01,71.81999969482422,0.0,0.0,False,False,False
2022-03-02,75.41999816894531,0.0,0.0,False,False,False
2022-03-03,74.52999877929688,0.0,0.0,False,False,False
2022-03-04,79.45999908447266,0.0,0.0,False,False,False
2022-03-07,82.37000274658203,0.0,0.0,False,False,False
2022-03-08,85.43000030517578,0.0,0.0,False,False,False
2022-03-09,75.47000122070312,0.0,0.0,False,False,False
2022-03-10,74.05999755859375,-56.5,-56.5,True,True,False
2022-03-11,76.4000015258789,-345.5,-345.5,False,False,True
2022-03-14,72.83999633789062,0.0,0.0,False,False,False
2022-03-15,68.62999725341797,0.0,0.0,False,False,False
2022-03-16,68.27999877929688,0.0,0.0,False,False,False
2022-03-17,73.68000030517578,0.0,0.0,False,False,False
2022-03-18,74.63999938964844,0.0,0.0,False,False,False
2022-03-21,79.54000091552734,0.0,0.0,False,False,False
2022-03-22,78.55999755859375,0.0,0.0,False,False,False
2022-03-23,81.94999694824219,0.0,0.0,False,False,False
2022-03-24,79.75,0.0,0.0,False,False,False
2022-03-25,80.73999786376953,0.0,0.0,False,False,False
2022-03-28,74.52999877929688,0.0,0.0,False,False,False
2022-03-29,76.1500015258789,0.0,0.0,False,False,False
2022-03-30,77.91000366210938,0.0,0.0,False,False,False
2022-03-31,74.12000274658203,0.0,0.0,False,False,False
2022-04-01,74.16999816894531,0.0,0.0,False,False,False
2022-04-04,76.86000061035156,0.0,0.0,False,False,False
2022-04-05,74.80000305175781,0.0,0.0,False,False,False
2022-04-06,73.05000305175781,0.0,0.0,False,False,False
2022-04-07,73.11000061035156,0.0,0.0,False,False,False
2022-04-08,74.11000061035156,-43.00000000000006,-43.00000000000006,True,True,False
2022-04-11,72.30000305175781,24.49999999999999,24.49999999999999,True,False,False
2022-04-12,75.9800033569336,26.49999999999999,26.49999999999999,True,False,False
2022-04-13,78.41999816894531,-6.500000000000005,-6.500000000000005,True,False,False
2022-04-14,79.56999969482422,-9.499999999999954,-9.499999999999954,True,False,False
2022-04-18,80.41000366210938,-2.000000000000046,-2.000000000000046,True,False,False
2022-04-19,76.86000061035156,104.00000000000004,104.00000000000004,True,False,False
2022-04-20,77.23999786376953,8.500000000000007,8.500000000000007,True,False,False
2022-04-21,78.12000274658203,15.000000000000002,15.000000000000002,True,False,False
2022-04-22,76.30999755859375,25.99999999999999,25.99999999999999,True,False,False
2022-04-25,74.6500015258789,18.000000000000004,18.000000000000004,True,False,False
2022-04-26,76.45999908447266,-5.500000000000005,-5.500000000000005,True,False,False
2022-04-27,76.37000274658203,23.000000000000004,23.000000000000004,True,False,False
2022-04-28,78.08000183105469,-2.500000000000002,-2.500000000000002,True,False,False
2022-04-29,77.16000366210938,22.5,22.5,False,False,True
2022-05-02,78.37999725341797,0.0,0.0,False,False,False
2022-05-03,76.69000244140625,0.0,0.0,False,False,False
2022-05-04,80.22000122070312,0.0,0.0,False,False,False
2022-05-05,80.4800033569336,0.0,0.0,False,False,False
2022-05-06,82.12999725341797,0.0,0.0,False,False,False
2022-05-09,76.56999969482422,-26.000000000000057,-26.000000000000057,True,True,False
2022-05-10,74.52999877929688,20.999999999999996,20.999999999999996,True,False,False
2022-05-11,78.18000030517578,47.50000000000001,47.50000000000001,True,False,False
2022-05-12,79.2300033569336,-8.499999999999975,-8.499999999999975,True,False,False
2022-05-13,81.27999877929688,-5.499999999999949,-5.499999999999949,True,False,False
2022-05-16,83.11000061035156,-18.00000000000004,-18.00000000000004,True,False,False
2022-05-17,81.11000061035156,68.99999999999999,68.99999999999999,True,False,False
2022-05-18,79.29000091552734,32.50000000000001,32.50000000000001,True,False,False
2022-05-19,80.58000183105469,5.500000000000016,5.500000000000016,True,False,False
2022-05-20,81.6500015258789,1.0000000000000009,1.0000000000000009,True,False,False
2022-05-23,81.97000122070312,32.500000000000014,32.500000000000014,True,False,False
2022-05-24,82.0,17.499999999999993,17.499999999999993,True,False,False
2022-05-25,82.4800033569336,-8.999999999999986,-8.999999999999986,True,False,False
2022-05-26,84.58999633789062,-79.50000000000004,-79.50000000000004,True,False,False
2022-05-27,85.45999908447266,-25.5,-25.5,True,False,False
2022-05-31,85.47000122070312,35.0,35.0,True,False,False
2022-06-01,85.54000091552734,8.49999999999999,8.49999999999999,True,False,False
2022-06-02,87.25,-65.49999999999997,-65.49999999999997,True,False,False
2022-06-03,89.47000122070312,-129.49999999999997,-129.49999999999997,False,False,True
2022-06-06,88.38999938964844,0.0,0.0,False,False,False
2022-06-07,90.04000091552734,-21.5,-21.5,True,True,False
2022-06-08,91.98999786376953,21.499999999999986,21.499999999999986,True,False,False
2022-06-09,91.08000183105469,32.00000000000003,32.00000000000003,True,False,False
2022-06-10,90.12999725341797,8.499999999999975,8.499999999999975,True,False,False
2022-06-13,90.36000061035156,-13.499999999999979,-13.499999999999979,True,False,False
2022-06-14,88.44999694824219,-10.999999999999988,-10.999999999999988,True,False,False
2022-06-15,86.93000030517578,30.499999999999993,30.499999999999993,True,False,False
2022-06-16,87.66000366210938,27.500000000000014,27.500000000000014,True,False,False
2022-06-17,83.33999633789062,-147.5,-147.5,True,False,False
2022-06-21,84.05000305175781,93.50000000000006,93.50000000000006,True,False,False
2022-06-22,80.87999725341797,-147.50000000000014,-147.50000000000014,True,False,False
2022-06-23,78.9800033569336,-97.99999999999986,-97.99999999999986,True,False,False
2022-06-24,81.2699966430664,140.49999999999997,140.49999999999997,True,False,False
2022-06-27,82.93000030517578,124.49999999999997,124.49999999999997,True,False,False
2022-06-28,84.72000122070312,85.00000000000001,85.00000000000001,True,False,False
2022-06-29,82.94999694824219,-65.00000000000001,-65.00000000000001,True,False,False
2022-06-30,80.3499984741211,-139.0,-139.0,True,False,False
2022-07-01,81.66999816894531,108.50000000000003,108.50000000000003,False,False,True
2022-07-05,74.77999877929688,0.0,0.0,False,False,False
2022-07-06,73.66999816894531,-23.0,-23.0,True,True,False
2022-07-07,76.55000305175781,-33.5,-33.5,True,False,False
2022-07-08,78.54000091552734,-21.499999999999964,-21.499999999999964,True,False,False
2022-07-11,78.2300033569336,19.500000000000007,19.500000000000007,True,False,False
2022-07-12,72.80999755859375,92.49999999999999,92.49999999999999,True,False,False
2022-07-13,73.19000244140625,19.000000000000018,19.000000000000018,True,False,False
2022-07-14,72.8499984741211,-9.999999999999986,-9.999999999999986,True,False,False
2022-07-15,73.73999786376953,43.00000000000001,43.00000000000001,True,False,False
2022-07-18,76.80999755859375,-26.0,-26.0,True,False,False
2022-07-19,78.05000305175781,-9.500000000000014,-9.500000000000014,True,False,False
2022-07-20,77.63999938964844,26.500000000000007,26.500000000000007,True,False,False
2022-07-21,75.48999786376953,59.499999999999986,59.499999999999986,True,False,False
2022-07-22,74.52999877929688,31.5,31.5,True,False,False
2022-07-25,76.22000122070312,7.49999999999999,7.49999999999999,True,False,False
2022-07-26,75.16000366210938,19.5,19.5,True,False,False
2022-07-27,77.87000274658203,-41.00000000000001,-41.00000000000001,True,False,False
2022-07-28,77.12999725341797,42.500000000000014,42.500000000000014,True,False,False
2022-07-29,78.05000305175781,-16.500000000000007,-16.500000000000007,False,False,True
2022-08-01,75.12999725341797,0.0,0.0,False,False,False
2022-08-02,75.93000030517578,0.0,0.0,False,False,False
2022-08-03,73.52999877929688,0.0,0.0,False,False,False
2022-08-04,71.52999877929688,-23.49999999999997,-23.49999999999997,True,True,False
2022-08-05,71.54000091552734,37.000000000000014,37.000000000000014,True,False,False
2022-08-08,73.54000091552734,4.999999999999982,4.999999999999982,True,False,False
2022-08-09,73.44999694824219,27.499999999999993,27.499999999999993,True,False,False
2022-08-10,74.31999969482422,8.499999999999975,8.499999999999975,True,False,False
2022-08-11,76.27999877929688,-51.49999999999998,-51.49999999999998,True,False,False
2022-08-12,74.9800033569336,54.999999999999986,54.999999999999986,True,False,False
2022-08-15,72.87999725341797,44.50000000000002,44.50000000000002,True,False,False
2022-08-16,71.23999786376953,-7.500000000000007,-7.500000000000007,True,False,False
2022-08-17,72.05000305175781,12.999999999999979,12.999999999999979,True,False,False
2022-08-18,74.20999908447266,2.0000000000000018,2.0000000000000018,True,False,False
2022-08-19,74.05999755859375,2.499999999999991,2.499999999999991,True,False,False
2022-08-22,74.68000030517578,9.999999999999998,9.999999999999998,True,False,False
2022-08-23,76.83000183105469,-45.500000000000014,-45.500000000000014,True,False,False
2022-08-24,78.04000091552734,-30.49999999999998,-30.49999999999998,True,False,False
2022-08-25,76.5,74.50000000000003,74.50000000000003,True,False,False
2022-08-26,75.8499984741211,35.999999999999986,35.999999999999986,False,False,True
2022-08-29,78.69000244140625,0.0,0.0,False,False,False
2022-08-30,75.47000122070312,0.0,0.0,False,False,False
2022-08-31,73.11000061035156,0.0,0.0,False,False,False
2022-09-01,70.94999694824219,0.0,0.0,False,False,False
2022-09-02,71.43000030517578,-14.0,-14.0,True,True,False
2022-09-06,71.41999816894531,54.0,54.0,True,False,False
2022-09-07,67.62000274658203,-33.00000000000003,-33.00000000000003,True,False,False
2022-09-08,68.08999633789062,33.00000000000003,33.00000000000003,True,False,False
2022-09-09,71.0999984741211,60.50000000000002,60.50000000000002,True,False,False
2022-09-12,72.37000274658203,12.499999999999979,12.499999999999979,True,False,False
2022-09-13,72.01000213623047,10.000000000000009,10.000000000000009,True,False,False
2022-09-14,72.7300033569336,12.99999999999999,12.99999999999999,True,False,False
2022-09-15,69.76000213623047,12.5,12.5,True,False,False
2022-09-16,69.9000015258789,18.000000000000004,18.000000000000004,True,False,False
2022-09-19,70.05000305175781,29.499999999999993,29.499999999999993,True,False,False
2022-09-20,69.22000122070312,-3.500000000000003,-3.500000000000003,True,False,False
2022-09-21,68.68000030517578,-1.4999999999999902,-1.4999999999999902,True,False,False
2022-09-22,68.97000122070312,22.499999999999996,22.499999999999996,True,False,False
2022-09-23,65.31999969482422,-105.49999999999997,-105.49999999999997,False,False,True
2022-09-26,63.20000076293945,0.0,0.0,False,False,False
2022-09-27,64.41999816894531,0.0,0.0,False,False,False
2022-09-28,67.12999725341797,0.0,0.0,False,False,False
2022-09-29,66.7699966430664,0.0,0.0,False,False,False
2022-09-30,65.27999877929688,0.0,0.0,False,False,False
2022-10-03,67.88999938964844,-16.500000000000057,-16.500000000000057,True,True,False
2022-10-04,70.27999877929688,-18.49999999999996,-18.49999999999996,True,False,False
2022-10-05,71.94000244140625,-1.0000000000000675,-1.0000000000000675,True,False,False
2022-10-06,72.98999786376953,5.999999999999995,5.999999999999995,True,False,False
2022-10-07,75.0999984741211,-81.99999999999996,-81.99999999999996,True,False,False
2022-10-10,73.77999877929688,87.49999999999999,87.49999999999999,True,False,False
2022-10-11,71.75,76.99999999999997,76.99999999999997,True,False,False
2022-10-12,70.93000030517578,31.500000000000018,31.500000000000018,True,False,False
2022-10-13,72.5199966430664,-11.99999999999999,-11.99999999999999,True,False,False
2022-10-14,70.16999816894531,56.499999999999986,56.499999999999986,True,False,False
2022-10-17,70.12999725341797,15.500000000000025,15.500000000000025,True,False,False
2022-10-18,68.69999694824219,40.99999999999999,40.99999999999999,True,False,False
2022-10-19,70.04000091552734,12.00000000000001,12.00000000000001,True,False,False
2022-10-20,70.18000030517578,12.999999999999995,12.999999999999995,True,False,False
2022-10-21,70.56999969482422,11.499999999999993,11.499999999999993,True,False,False
2022-10-24,70.37999725341797,15.999999999999993,15.999999999999993,True,False,False
2022-10-25,70.61000061035156,9.500000000000004,9.500000000000004,True,False,False
2022-10-26,72.97000122070312,-54.50000000000001,-54.50000000000001,True,False,False
2022-10-27,73.62000274658203,-14.500000000000005,-14.500000000000005,True,False,False
2022-10-28,72.81999969482422,66.0,66.0,False,False,True
2022-10-31,71.52999877929688,0.0,0.0,False,False,False
2022-11-01,73.12000274658203,-28.50000000000003,-28.50000000000003,True,True,False
2022-11-02,74.08000183105469,-20.500000000000007,-20.500000000000007,True,False,False
2022-11-03,73.29000091552734,50.500000000000014,50.500000000000014,True,False,False
2022-11-04,76.81999969482422,-40.99999999999997,-40.99999999999997,True,False,False
2022-11-07,76.55999755859375,56.49999999999999,56.49999999999999,True,False,False
2022-11-08,74.47000122070312,37.999999999999986,37.999999999999986,True,False,False
2022-11-09,71.66999816894531,5.500000000000016,5.500000000000016,True,False,False
2022-11-10,72.23999786376953,30.499999999999993,30.499999999999993,True,False,False
2022-11-11,74.37999725341797,25.99999999999999,25.99999999999999,True,False,False
2022-11-14,71.91000366210938,-1.0000000000000009,-1.0000000000000009,True,False,False
2022-11-15,73.25,4.500000000000015,4.500000000000015,True,False,False
2022-11-16,72.04000091552734,17.500000000000004,17.500000000000004,True,False,False
2022-11-17,70.13999938964844,-26.500000000000014,-26.500000000000014,True,False,False
2022-11-18,69.02999877929688,-26.99999999999998,-26.99999999999998,True,False,False
2022-11-21,69.02999877929688,13.5,13.5,True,False,False
2022-11-22,69.9800033569336,35.49999999999998,35.49999999999998,True,False,False
2022-11-23,67.41000366210938,-109.00000000000001,-109.00000000000001,True,False,False
2022-11-25,66.95999908447266,3.500000000000014,3.500000000000014,False,False,True
2022-11-28,66.87999725341797,0.0,0.0,False,False,False
2022-11-29,68.33999633789062,0.0,0.0,False,False,False
2022-11-30,70.2300033569336,-28.000000000000057,-28.000000000000057,True,True,False
2022-12-01,70.44999694824219,12.499999999999979,12.499999999999979,True,False,False
2022-12-02,69.83999633789062,17.000000000000014,17.000000000000014,True,False,False
2022-12-05,67.72000122070312,1.5000000000000124,1.5000000000000124,True,False,False
2022-12-06,65.2300033569336,-58.00000000000001,-58.00000000000001,True,False,False
2022-12-07,63.650001525878906,-83.5,-83.5,True,False,False
2022-12-08,62.709999084472656,-43.00000000000006,-43.00000000000006,True,False,False
2022-12-09,62.849998474121094,29.500000000000036,29.500000000000036,True,False,False
2022-12-12,64.41000366210938,93.00000000000001,93.00000000000001,True,False,False
2022-12-13,65.86000061035156,86.5,86.5,True,False,False
2022-12-14,67.36000061035156,52.0,52.0,True,False,False
2022-12-15,66.1500015258789,-8.499999999999996,-8.499999999999996,True,False,False
2022-12-16,64.9000015258789,-67.49999999999999,-67.49999999999999,True,False,False
2022-12-19,66.06999969482422,92.99999999999997,92.99999999999997,True,False,False
2022-12-20,66.22000122070312,17.50000000000003,17.50000000000003,True,False,False
2022-12-21,68.05999755859375,62.000000000000014,62.000000000000014,True,False,False
2022-12-22,67.69999694824219,-16.000000000000004,-16.000000000000004,True,False,False
2022-12-23,69.31999969482422,34.0,34.0,False,False,True
2022-12-27,69.52999877929688,0.0,0.0,False,False,False
2022-12-28,68.58000183105469,0.0,0.0,False,False,False
2022-12-29,68.52999877929688,-15.0,-15.0,True,True,False
2022-12-30,70.11000061035156,-6.499999999999995,-6.499999999999995,True,False,False
2023-01-03,67.63999938964844,24.499999999999964,24.499999999999964,True,False,False
2023-01-04,64.30000305175781,-65.49999999999996,-65.49999999999996,True,False,False
2023-01-05,64.77999877929688,46.0,46.0,True,False,False
2023-01-06,64.83000183105469,16.999999999999993,16.999999999999993,True,False,False
2023-01-09,65.87999725341797,51.500000000000014,51.500000000000014,True,False,False
2023-01-10,65.9000015258789,21.499999999999986,21.499999999999986,True,False,False
2023-01-11,68.05000305175781,34.999999999999986,34.999999999999986,True,False,False
2023-01-12,68.61000061035156,18.499999999999993,18.499999999999993,True,False,False
2023-01-13,70.05000305175781,11.499999999999993,11.499999999999993,True,False,False
2023-01-17,70.86000061035156,-0.4999999999999949,-0.4999999999999949,True,False,False
2023-01-18,69.51000213623047,32.49999999999999,32.49999999999999,True,False,False
2023-01-19,70.58999633789062,-2.9999999999999942,-2.9999999999999942,True,False,False
2023-01-20,71.55000305175781,-36.50000000000001,-36.50000000000001,False,False,True
2023-01-23,71.5,0.0,0.0,False,False,False
2023-01-24,70.22000122070312,0.0,0.0,False,False,False
2023-01-25,70.51000213623047,0.0,0.0,False,False,False
2023-01-26,70.93000030517578,0.0,0.0,False,False,False
2023-01-27,69.5,-16.5,-16.5,True,True,False
2023-01-30,68.0999984741211,-8.000000000000007,-8.000000000000007,True,False,False
2023-01-31,69.31999969482422,37.999999999999986,37.999999999999986,True,False,False
2023-02-01,67.36000061035156,3.499999999999992,3.499999999999992,True,False,False
2023-02-02,66.56999969482422,-21.499999999999986,-21.499999999999986,True,False,False
2023-02-03,64.4000015258789,-79.0,-79.0,True,False,False
2023-02-06,65.5,60.00000000000001,60.00000000000001,True,False,False
2023-02-07,67.76000213623047,88.99999999999999,88.99999999999999,True,False,False
2023-02-08,68.68000030517578,15.000000000000014,15.000000000000014,True,False,False
2023-02-09,67.91999816894531,3.500000000000003,3.500000000000003,True,False,False
2023-02-10,69.87000274658203,20.999999999999996,20.999999999999996,True,False,False
2023-02-13,69.5,6.499999999999995,6.499999999999995,True,False,False
2023-02-14,69.4000015258789,17.500000000000004,17.500000000000004,True,False,False
2023-02-15,69.0199966430664,12.5,12.5,True,False,False
2023-02-16,68.44999694824219,2.500000000000002,2.500000000000002,True,False,False
2023-02-17,67.0199966430664,-24.0,-24.0,False,False,True
2023-02-21,66.69000244140625,0.0,0.0,False,False,False
2023-02-22,64.91999816894531,0.0,0.0,False,False,False
2023-02-23,66.37999725341797,0.0,0.0,False,False,False
2023-02-24,67.0999984741211,0.0,0.0,False,False,False
2023-02-27,66.25,-12.0,-12.0,True,True,False
2023-02-28,67.20999908447266,14.500000000000002,14.500000000000002,True,False,False
2023-03-01,68.06999969482422,-16.999999999999993,-16.999999999999993,True,False,False
2023-03-02,68.30000305175781,17.500000000000004,17.500000000000004,True,False,False
2023-03-03,69.86000061035156,-24.0,-24.0,True,False,False
2023-03-06,70.48999786376953,-1.0000000000000342,-1.0000000000000342,True,False,False
2023-03-07,67.8499984741211,72.0,72.0,True,False,False
2023-03-08,67.0999984741211,25.00000000000001,25.00000000000001,True,False,False
2023-03-09,66.23999786376953,-3.000000000000025,-3.000000000000025,True,False,False
2023-03-10,67.13999938964844,-18.499999999999993,-18.499999999999993,True,False,False
2023-03-13,65.25,-6.499999999999995,-6.499999999999995,True,False,False
2023-03-14,62.93000030517578,-70.99999999999997,-70.99999999999997,True,False,False
2023-03-15,60.02000045776367,-114.00000000000001,-114.00000000000001,True,False,False
2023-03-16,60.04999923706055,11.999999999999966,11.999999999999966,True,False,False
2023-03-17,58.65999984741211,-124.99999999999997,-124.99999999999997,False,False,True
2023-03-20,59.790000915527344,0.0,0.0,False,False,False
2023-03-21,61.22999954223633,0.0,0.0,False,False,False
2023-03-22,61.61000061035156,0.0,0.0,False,False,False
2023-03-23,60.9900016784668,0.0,0.0,False,False,False
2023-03-24,60.959999084472656,0.0,0.0,False,False,False
2023-03-27,64.1500015258789,0.0,0.0,False,False,False
2023-03-28,64.55000305175781,-20.99999999999997,-20.99999999999997,True,True,False
2023-03-29,64.1500015258789,13.00000000000001,13.00000000000001,True,False,False
2023-03-30,65.31999969482422,17.999999999999993,17.999999999999993,True,False,False
2023-03-31,66.44000244140625,3.0000000000000027,3.0000000000000027,True,False,False
2023-04-03,70.2699966430664,-111.5,-111.5,True,False,False
2023-04-04,70.2699966430664,6.500000000000005,6.500000000000005,True,False,False
2023-04-05,70.23999786376953,9.500000000000004,9.500000000000004,True,False,False
2023-04-06,70.26000213623047,28.499999999999947,28.499999999999947,True,False,False
2023-04-10,69.76000213623047,49.00000000000003,49.00000000000003,True,False,False
2023-04-11,71.06999969482422,-57.00000000000003,-57.00000000000003,True,False,False
2023-04-12,72.43000030517578,-83.50000000000001,-83.50000000000001,True,False,False
2023-04-13,71.80000305175781,56.500000000000064,56.500000000000064,True,False,False
2023-04-14,72.08999633789062,-7.00000000000002,-7.00000000000002,True,False,False
2023-04-17,70.83999633789062,95.0,95.0,True,False,False
2023-04-18,70.7300033569336,-15.50000000000003,-15.50000000000003,True,False,False
2023-04-19,69.30000305175781,112.00000000000001,112.00000000000001,True,False,False
2023-04-20,67.5999984741211,58.50000000000001,58.50000000000001,True,False,False
2023-04-21,68.20999908447266,-4.000000000000011,-4.000000000000011,False,False,True
2023-04-24,69.25,0.0,0.0,False,False,False
2023-04-25,67.62000274658203,0.0,0.0,False,False,False
2023-04-26,65.36000061035156,-12.499999999999943,-12.499999999999943,True,True,False
2023-04-27,65.80999755859375,21.999999999999975,21.999999999999975,True,False,False
2023-04-28,67.5,4.0000000000000036,4.0000000000000036,True,False,False
2023-05-01,66.55000305175781,30.499999999999993,30.499999999999993,True,False,False
2023-05-02,63.04999923706055,-24.00000000000001,-24.00000000000001,True,False,False
2023-05-03,60.310001373291016,-101.49999999999999,-101.49999999999999,True,False,False
2023-05-04,60.70000076293945,-4.999999999999982,-4.999999999999982,True,False,False
2023-05-05,63.029998779296875,136.0,136.0,True,False,False
2023-05-08,64.26000213623047,46.00000000000002,46.00000000000002,True,False,False
2023-05-09,64.87000274658203,11.5,11.5,True,False,False
2023-05-10,64.38999938964844,9.999999999999998,9.999999999999998,True,False,False
2023-05-11,63.25,-20.499999999999996,-20.499999999999996,True,False,False
2023-05-12,62.06999969482422,-27.0,-27.0,True,False,False
2023-05-15,62.9900016784668,42.99999999999999,42.99999999999999,True,False,False
2023-05-16,62.540000915527344,1.5000000000000013,1.5000000000000013,True,False,False
2023-05-17,64.5999984741211,41.99999999999999,41.99999999999999,True,False,False
2023-05-18,64.04000091552734,-2.4999999999999964,-2.4999999999999964,True,False,False
2023-05-19,63.900001525878906,2.499999999999994,2.499999999999994,False,False,True
2023-05-22,63.90999984741211,0.0,0.0,False,False,False
2023-05-23,64.87000274658203,0.0,0.0,False,False,False
2023-05-24,65.66000366210938,0.0,0.0,False,False,False
2023-05-25,64.08999633789062,-11.500000000000028,-11.500000000000028,True,True,False
2023-05-26,64.80000305175781,11.500000000000021,11.500000000000021,True,False,False
2023-05-30,62.29999923706055,-7.500000000000007,-7.500000000000007,True,False,False
2023-05-31,60.630001068115234,-41.99999999999999,-41.99999999999999,True,False,False
2023-06-01,62.54999923706055,50.499999999999986,50.499999999999986,True,False,False
2023-06-02,64.1500015258789,5.000000000000004,5.000000000000004,True,False,False
2023-06-05,64.02999877929688,48.50000000000001,48.50000000000001,True,False,False
2023-06-06,63.790000915527344,19.499999999999986,19.499999999999986,True,False,False
2023-06-07,64.70999908447266,19.5,19.5,True,False,False
2023-06-08,63.459999084472656,8.500000000000002,8.500000000000002,True,False,False
2023-06-09,62.93000030517578,5.000000000000004,5.000000000000004,True,False,False
2023-06-12,60.2400016784668,-74.0,-74.0,True,False,False
2023-06-13,62.13999938964844,75.0,75.0,True,False,False
2023-06-14,61.83000183105469,-2.500000000000002,-2.500000000000002,True,False,False
2023-06-15,63.40999984741211,41.5,41.5,True,False,False
2023-06-16,64.3499984741211,12.000000000000002,12.000000000000002,False,False,True
2023-06-20,63.91999816894531,0.0,0.0,False,False,False
2023-06-21,65.04000091552734,0.0,0.0,False,False,False
2023-06-22,62.52000045776367,0.0,0.0,False,False,False
2023-06-23,62.41999816894531,-9.5,-9.5,True,True,False
2023-06-26,62.72999954223633,6.499999999999995,6.499999999999995,True,False,False
2023-06-27,61.29999923706055,-0.5000000000000004,-0.5000000000000004,True,False,False
2023-06-28,62.52000045776367,22.499999999999986,22.499999999999986,True,False,False
2023-06-29,62.959999084472656,17.000000000000014,17.000000000000014,True,False,False
2023-06-30,63.54999923706055,7.499999999999996,7.499999999999996,True,False,False
2023-07-03,63.38999938964844,11.99999999999999,11.99999999999999,True,False,False
2023-07-05,64.62999725341797,-18.000000000000004,-18.000000000000004,True,False,False
2023-07-06,64.44000244140625,26.5,26.5,True,False,False
2023-07-07,65.8499984741211,-36.00000000000001,-36.00000000000001,True,False,False
2023-07-10,65.54000091552734,-9.500000000000005,-9.500000000000005,True,False,False
2023-07-11,67.02999877929688,-63.5,-63.5,True,False,False
2023-07-12,67.87000274658203,-16.000000000000014,-16.000000000000014,True,False,False
2023-07-13,69.08999633789062,-144.0,-144.0,False,False,True
2023-07-14,67.47000122070312,0.0,0.0,False,False,False
2023-07-17,66.58000183105469,0.0,0.0,False,False,False
2023-07-18,67.95999908447266,0.0,0.0,False,False,False
2023-07-19,67.69000244140625,0.0,0.0,False,False,False
2023-07-20,68.05000305175781,0.0,0.0,False,False,False
2023-07-21,68.98999786376953,0.0,0.0,False,False,False
2023-07-24,70.69000244140625,-9.0,-9.0,True,True,False
2023-07-25,71.16000366210938,1.9999999999999796,1.9999999999999796,True,False,False
2023-07-26,70.66000366210938,19.499999999999996,19.499999999999996,True,False,False
2023-07-27,71.43000030517578,3.0000000000000027,3.0000000000000027,True,False,False
2023-07-28,72.08999633789062,9.499999999999996,9.499999999999996,True,False,False
2023-07-31,73.16999816894531,-14.500000000000025,-14.500000000000025,True,False,False
2023-08-01,72.95999908447266,17.500000000000014,17.500000000000014,True,False,False
2023-08-02,71.4800033569336,18.999999999999993,18.999999999999993,True,False,False
2023-08-03,73.13999938964844,-24.50000000000001,-24.50000000000001,True,False,False
2023-08-04,73.79000091552734,-6.000000000000011,-6.000000000000011,True,False,False
2023-08-07,73.81999969482422,23.000000000000036,23.000000000000036,True,False,False
2023-08-08,74.05999755859375,-4.500000000000032,-4.500000000000032,True,False,False
2023-08-09,75.0999984741211,-48.00000000000001,-48.00000000000001,True,False,False
2023-08-10,74.19999694824219,55.50000000000001,55.50000000000001,True,False,False
2023-08-11,74.25,4.500000000000001,4.500000000000001,True,False,False
2023-08-14,73.80999755859375,37.499999999999986,37.499999999999986,True,False,False
2023-08-15,72.62000274658203,31.000000000000007,31.000000000000007,True,False,False
2023-08-16,71.37000274658203,18.0,18.0,True,False,False
2023-08-17,71.9800033569336,7.500000000000001,7.500000000000001,True,False,False
2023-08-18,72.79000091552734,-4.0,-4.0,False,False,True
2023-08-21,72.58000183105469,0.0,0.0,False,False,False
2023-08-22,72.27999877929688,-13.0,-13.0,True,True,False
2023-08-23,71.36000061035156,8.499999999999996,8.499999999999996,True,False,False
2023-08-24,71.41000366210938,3.9999999999999813,3.9999999999999813,True,False,False
2023-08-25,72.44999694824219,37.50000000000002,37.50000000000002,True,False,False
2023-08-28,72.41000366210938,-11.499999999999988,-11.499999999999988,True,False,False
2023-08-29,73.31999969482422,7.999999999999985,7.999999999999985,True,False,False
2023-08-30,73.66000366210938,-236.5,-236.5,False,False,True
2023-08-31,75.05999755859375,0.0,0.0,False,False,False
2023-09-01,76.91999816894531,0.0,0.0,False,False,False
2023-09-05,77.76000213623047,0.0,0.0,False,False,False
2023-09-06,78.5199966430664,0.0,0.0,False,False,False
2023-09-07,77.94999694824219,0.0,0.0,False,False,False
2023-09-08,78.30000305175781,0.0,0.0,False,False,False
2023-09-11,78.37000274658203,0.0,0.0,False,False,False
2023-09-12,79.69999694824219,0.0,0.0,False,False,False
2023-09-13,79.68000030517578,0.0,0.0,False,False,False
2023-09-14,81.12000274658203,0.0,0.0,False,False,False
2023-09-15,81.29000091552734,0.0,0.0,False,False,False
2023-09-18,81.44999694824219,0.0,0.0,False,False,False
2023-09-19,81.5,0.0,0.0,False,False,False
2023-09-20,80.13999938964844,-8.0,-8.0,True,True,False
2023-09-21,80.41000366210938,-10.999999999999988,-10.999999999999988,True,False,False
2023-09-22,80.62999725341797,18.500000000000007,18.500000000000007,True,False,False
2023-09-25,80.38999938964844,21.499999999999986,21.499999999999986,True,False,False
2023-09-26,80.87999725341797,-14.000000000000002,-14.000000000000002,True,False,False
2023-09-27,82.9000015258789,-50.00000000000002,-50.00000000000002,True,False,False
2023-09-28,81.56999969482422,44.99999999999999,44.99999999999999,True,False,False
2023-09-29,80.86000061035156,20.500000000000007,20.500000000000007,True,False,False
2023-10-02,79.38999938964844,26.0,26.0,True,False,False
2023-10-03,79.93000030517578,4.499999999999993,4.499999999999993,True,False,False
2023-10-04,75.58999633789062,-112.00000000000003,-112.00000000000003,True,False,False
2023-10-05,73.98999786376953,-82.99999999999996,-82.99999999999996,True,False,False
2023-10-06,74.16000366210938,35.00000000000001,35.00000000000001,True,False,False
2023-10-09,77.12999725341797,101.99999999999999,101.99999999999999,True,False,False
2023-10-10,76.70999908447266,0.5000000000000115,0.5000000000000115,True,False,False
2023-10-11,75.66999816894531,-28.999999999999982,-28.999999999999982,True,False,False
2023-10-12,75.41999816894531,-2.0000000000000018,-2.0000000000000018,True,False,False
2023-10-13,78.98999786376953,73.49999999999999,73.49999999999999,False,False,True
2023-10-16,78.38999938964844,0.0,0.0,False,False,False
2023-10-17,78.80000305175781,0.0,0.0,False,False,False
2023-10-18,79.83999633789062,0.0,0.0,False,False,False
2023-10-19,81.68000030517578,-8.5,-8.5,True,True,False
2023-10-20,80.69999694824219,30.00000000000003,30.00000000000003,True,False,False
2023-10-23,78.88999938964844,24.49999999999999,24.49999999999999,True,False,False
2023-10-24,76.93000030517578,-41.5,-41.5,True,False,False
2023-10-25,78.45999908447266,-0.49999999999994493,-0.49999999999994493,True,False,False
2023-10-26,76.88999938964844,-29.000000000000004,-29.000000000000004,True,False,False
2023-10-27,78.36000061035156,32.999999999999964,32.999999999999964,True,False,False
2023-10-30,76.05000305175781,-17.99999999999993,-17.99999999999993,True,False,False
2023-10-31,75.0199966430664,-19.50000000000003,-19.50000000000003,True,False,False
2023-11-01,74.75,11.500000000000021,11.500000000000021,True,False,False
2023-11-02,76.18000030517578,75.0,75.0,True,False,False
2023-11-03,74.8499984741211,-44.50000000000003,-44.50000000000003,True,False,False
2023-11-06,74.91000366210938,39.000000000000014,39.000000000000014,True,False,False
2023-11-07,71.80000305175781,-225.00000000000014,-225.00000000000014,True,False,False
2023-11-08,70.19000244140625,-148.4999999999999,-148.4999999999999,False,False,True
2023-11-09,70.25,0.0,0.0,False,False,False
2023-11-10,71.79000091552734,0.0,0.0,False,False,False
2023-11-13,72.91999816894531,0.0,0.0,False,False,False
2023-11-14,72.69000244140625,0.0,0.0,False,False,False
2023-11-15,71.33999633789062,0.0,0.0,False,False,False
2023-11-16,68.05000305175781,0.0,0.0,False,False,False
2023-11-17,70.75,-6.500000000000057,-6.500000000000057,True,True,False
2023-11-20,72.30000305175781,31.999999999999986,31.999999999999986,True,False,False
2023-11-21,72.52999877929688,6.000000000000005,6.000000000000005,True,False,False
2023-11-22,71.61000061035156,-29.49999999999997,-29.49999999999997,True,False,False
2023-11-24,70.81999969482422,8.000000000000007,8.000000000000007,True,False,False
2023-11-27,69.95999908447266,15.999999999999993,15.999999999999993,True,False,False
2023-11-28,71.26000213623047,28.500000000000025,28.500000000000025,True,False,False
2023-11-29,72.5199966430664,-16.000000000000014,-16.000000000000014,True,False,False
2023-11-30,70.13999938964844,71.0,71.0,True,False,False
2023-12-01,69.23999786376953,-2.499999999999991,-2.499999999999991,True,False,False
2023-12-04,68.47000122070312,-4.5000000000000036,-4.5000000000000036,True,False,False
2023-12-05,67.58000183105469,-10.999999999999998,-10.999999999999998,True,False,False
2023-12-06,64.76000213623047,-115.49999999999999,-115.49999999999999,True,False,False
2023-12-07,65.11000061035156,37.999999999999986,37.999999999999986,True,False,False
2023-12-08,66.52999877929688,89.00000000000001,89.00000000000001,False,False,True
2023-12-11,66.80000305175781,0.0,0.0,False,False,False
2023-12-12,64.25,0.0,0.0,False,False,False
2023-12-13,65.33000183105469,0.0,0.0,False,False,False
2023-12-14,67.16000366210938,0.0,0.0,False,False,False
2023-12-15,67.1500015258789,0.0,0.0,False,False,False
2023-12-18,68.08999633789062,-7.499999999999972,-7.499999999999972,True,True,False
2023-12-19,69.36000061035156,23.499999999999975,23.499999999999975,True,False,False
2023-12-20,68.79000091552734,16.500000000000004,16.500000000000004,True,False,False
2023-12-21,69.02999877929688,13.00000000000001,13.00000000000001,True,False,False
2023-12-22,68.69000244140625,16.500000000000014,16.500000000000014,True,False,False
2023-12-26,70.20999908447266,5.500000000000005,5.500000000000005,True,False,False
2023-12-27,68.91999816894531,8.500000000000002,8.500000000000002,True,False,False
2023-12-28,67.18000030517578,-7.499999999999996,-7.499999999999996,True,False,False
2023-12-29,66.6500015258789,-3.000000000000025,-3.000000000000025,True,False,False
2024-01-02,65.7699966430664,-12.499999999999979,-12.499999999999979,True,False,False
2024-01-03,68.19000244140625,51.500000000000014,51.500000000000014,True,False,False
2024-01-04,67.56999969482422,9.999999999999998,9.999999999999998,True,False,False
2024-01-05,69.02999877929688,19.999999999999996,19.999999999999996,True,False,False
2024-01-08,66.4000015258789,-15.499999999999996,-15.499999999999996,True,False,False
2024-01-09,67.38999938964844,31.5,31.5,True,False,False
2024-01-10,66.55999755859375,-6.500000000000005,-6.500000000000005,True,False,False
2024-01-11,67.6500015258789,18.0,18.0,True,False,False
2024-01-12,68.0199966430664,1.000000000000004,1.000000000000004,False,False,True
2024-01-16,67.25,-12.5,-12.5,True,True,False
2024-01-17,67.94000244140625,21.999999999999996,21.999999999999996,True,False,False
2024-01-18,69.05999755859375,8.000000000000007,8.000000000000007,True,False,False
2024-01-19,68.81999969482422,16.99999999999997,16.99999999999997,True,False,False
2024-01-22,69.69000244140625,-2.9999999999999916,-2.9999999999999916,True,False,False
2024-01-23,69.66000366210938,21.499999999999986,21.499999999999986,True,False,False
2024-01-24,70.54000091552734,-5.999999999999995,-5.999999999999995,True,False,False
2024-01-25,72.2300033569336,-61.00000000000001,-61.00000000000001,True,False,False
2024-01-26,73.0999984741211,-42.499999999999986,-42.499999999999986,True,False,False
2024-01-29,72.05000305175781,58.49999999999997,58.49999999999997,True,False,False
2024-01-30,72.80999755859375,-25.49999999999993,-25.49999999999993,True,False,False
2024-01-31,70.91999816894531,84.49999999999996,84.49999999999996,True,False,False
2024-02-01,69.06999969482422,49.00000000000001,49.00000000000001,True,False,False
2024-02-02,67.51000213623047,17.000000000000004,17.000000000000004,True,False,False
2024-02-05,68.18000030517578,19.5,19.5,True,False,False
2024-02-06,68.80999755859375,10.499999999999998,10.499999999999998,True,False,False
2024-02-07,69.41999816894531,5.000000000000004,5.000000000000004,True,False,False
2024-02-08,71.5199966430664,-43.50000000000001,-43.50000000000001,True,False,False
2024-02-09,71.66999816894531,-5.500000000000009,-5.500000000000009,False,False,True
2024-02-12,72.11000061035156,0.0,0.0,False,False,False
2024-02-13,72.6500015258789,0.0,0.0,False,False,False
2024-02-14,71.55000305175781,-5.0,-5.0,True,True,False
2024-02-15,72.83999633789062,-1.0000000000000009,-1.0000000000000009,True,False,False
2024-02-16,73.41000366210938,7.000000000000006,7.000000000000006,True,False,False
2024-02-20,72.41999816894531,32.99999999999999,32.99999999999999,True,False,False
2024-02-21,73.19999694824219,-1.0000000000000009,-1.0000000000000009,True,False,False
2024-02-22,73.5999984741211,-1.1102230246251565e-14,-1.1102230246251565e-14,True,False,False
2024-02-23,71.91999816894531,29.499999999999982,29.499999999999982,True,False,False
2024-02-26,72.79000091552734,-4.5000000000000036,-4.5000000000000036,True,False,False
2024-02-27,73.8499984741211,-6.500000000000005,-6.500000000000005,True,False,False
2024-02-28,73.62000274658203,11.500000000000016,11.500000000000016,True,False,False
2024-02-29,73.36000061035156,9.499999999999996,9.499999999999996,True,False,False
2024-03-01,74.95999908447266,-36.0,-36.0,True,False,False
2024-03-04,74.01000213623047,51.99999999999999,51.99999999999999,True,False,False
2024-03-05,73.44999694824219,24.00000000000001,24.00000000000001,True,False,False
2024-03-06,74.33999633789062,-11.499999999999998,-11.499999999999998,True,False,False
2024-03-07,74.2300033569336,11.999999999999995,11.999999999999995,True,False,False
2024-03-08,73.36000061035156,23.999999999999996,23.999999999999996,False,False,True
2024-03-11,73.62000274658203,0.0,0.0,False,False,False
2024-03-12,73.3499984741211,0.0,0.0,False,False,False
2024-03-13,75.08999633789062,0.0,0.0,False,False,False
2024-03-14,76.30000305175781,-15.5,-15.5,True,True,False
2024-03-15,76.33000183105469,13.999999999999968,13.999999999999968,True,False,False
2024-03-18,77.9800033569336,-4.999999999999982,-4.999999999999982,True,False,False
2024-03-19,78.43000030517578,3.9999999999999813,3.9999999999999813,True,False,False
2024-03-20,77.25,36.00000000000001,36.00000000000001,True,False,False
2024-03-21,76.81999969482422,21.500000000000007,21.500000000000007,True,False,False
2024-03-22,76.68000030517578,15.500000000000004,15.500000000000004,True,False,False
2024-03-25,77.76000213623047,-1.4999999999999958,-1.4999999999999958,True,False,False
2024-03-26,77.29000091552734,15.499999999999991,15.499999999999991,True,False,False
2024-03-27,77.51000213623047,7.500000000000007,7.500000000000007,True,False,False
2024-03-28,78.7300033569336,-14.499999999999998,-14.499999999999998,True,False,False
2024-04-01,79.66999816894531,-17.999999999999993,-17.999999999999993,True,False,False
2024-04-02,80.79000091552734,-53.5,-53.5,True,False,False
2024-04-03,81.25,-11.99999999999999,-11.99999999999999,True,False,False
2024-04-04,82.2699966430664,-77.0,-77.0,True,False,False
2024-04-05,82.4000015258789,-7.000000000000028,-7.000000000000028,False,False,True
2024-04-08,82.19999694824219,0.0,0.0,False,False,False
2024-04-09,81.1500015258789,0.0,0.0,False,False,False
2024-04-10,82.08999633789062,0.0,0.0,False,False,False
2024-04-11,81.55000305175781,0.0,0.0,False,False,False
2024-04-12,81.52999877929688,-27.00000000000003,-27.00000000000003,True,True,False
2024-04-15,81.6500015258789,-25.99999999999999,-25.99999999999999,True,False,False
2024-04-16,81.33000183105469,0.5000000000000338,0.5000000000000338,True,False,False
2024-04-17,78.91000366210938,4.499999999999971,4.499999999999971,True,False,False
2024-04-18,78.77999877929688,24.00000000000002,24.00000000000002,True,False,False
2024-04-19,78.8499984741211,15.000000000000014,15.000000000000014,True,False,False
2024-04-22,78.77999877929688,33.999999999999986,33.999999999999986,True,False,False
2024-04-23,79.9800033569336,45.50000000000001,45.50000000000001,True,False,False
2024-04-24,79.63999938964844,-0.5000000000000004,-0.5000000000000004,True,False,False
2024-04-25,80.44000244140625,24.49999999999999,24.49999999999999,True,False,False
2024-04-26,80.38999938964844,8.500000000000002,8.500000000000002,True,False,False
2024-04-29,79.5,1.1102230246251565e-14,1.1102230246251565e-14,True,False,False
2024-04-30,78.37999725341797,-30.499999999999993,-30.499999999999993,True,False,False
2024-05-01,75.93000030517578,-126.00000000000003,-126.00000000000003,True,False,False
2024-05-02,75.93000030517578,4.000000000000048,4.000000000000048,True,False,False
2024-05-03,75.12999725341797,-60.50000000000001,-60.50000000000001,False,False,True
2024-05-06,75.66000366210938,0.0,0.0,False,False,False
2024-05-07,75.5,0.0,0.0,False,False,False
2024-05-08,76.11000061035156,0.0,0.0,False,False,False
2024-05-09,76.5199966430664,0.0,0.0,False,False,False
2024-05-10,75.30000305175781,0.0,0.0,False,False,False
2024-05-13,76.12999725341797,-10.000000000000028,-10.000000000000028,True,True,False
2024-05-14,75.20999908447266,-3.0000000000000138,-3.0000000000000138,True,False,False
2024-05-15,75.87999725341797,17.000000000000014,17.000000000000014,True,False,False
2024-05-16,76.25,7.499999999999996,7.499999999999996,True,False,False
2024-05-17,76.97000122070312,10.999999999999988,10.999999999999988,True,False,False
2024-05-20,76.7300033569336,12.0,12.0,True,False,False
2024-05-21,76.16000366210938,8.000000000000007,8.000000000000007,True,False,False
2024-05-22,74.87000274658203,-8.999999999999986,-8.999999999999986,True,False,False
2024-05-23,74.44999694824219,-9.50000000000002,-9.50000000000002,True,False,False
2024-05-24,75.3499984741211,26.5,26.5,True,False,False
2024-05-28,77.66000366210938,8.999999999999996,8.999999999999996,True,False,False
2024-05-29,76.56999969482422,8.999999999999996,8.999999999999996,True,False,False
2024-05-30,75.52999877929688,-5.500000000000016,-5.500000000000016,True,False,False
2024-05-31,74.81999969482422,-11.499999999999977,-11.499999999999977,True,False,False
2024-06-03,71.83000183105469,-90.5,-90.5,True,False,False
2024-06-04,71.08999633789062,-33.00000000000001,-33.00000000000001,True,False,False
2024-06-05,71.88999938964844,60.999999999999986,60.999999999999986,True,False,False
2024-06-06,73.26000213623047,73.50000000000001,73.50000000000001,True,False,False
2024-06-07,73.0199966430664,-12.5,-12.5,False,False,True
2024-06-10,75.45999908447266,0.0,0.0,False,False,False
2024-06-11,75.51000213623047,-16.00000000000003,-16.00000000000003,True,True,False
2024-06-12,75.9800033569336,14.500000000000012,14.500000000000012,True,False,False
2024-06-13,75.73999786376953,5.499999999999994,5.499999999999994,True,False,False
2024-06-14,76.08000183105469,2.5000000000000133,2.5000000000000133,True,False,False
2024-06-17,77.79000091552734,-23.50000000000001,-23.50000000000001,True,False,False
2024-06-18,78.66999816894531,-17.000000000000004,-17.000000000000004,True,False,False
2024-06-20,79.41000366210938,-22.999999999999993,-22.999999999999993,True,False,False
2024-06-21,78.6500015258789,41.5,41.5,True,False,False
2024-06-24,79.69999694824219,-44.99999999999999,-44.99999999999999,True,False,False
2024-06-25,78.9000015258789,47.0,47.0,True,False,False
2024-06-26,78.75,8.499999999999991,8.499999999999991,True,False,False
2024-06-27,79.91999816894531,-55.49999999999999,-55.49999999999999,True,False,False
2024-06-28,79.58999633789062,21.5,21.5,True,False,False
2024-07-01,81.54000091552734,-143.0,-143.0,False,False,True
2024-07-02,81.11000061035156,0.0,0.0,False,False,False
2024-07-03,81.2699966430664,0.0,0.0,False,False,False
2024-07-05,81.30999755859375,0.0,0.0,False,False,False
2024-07-08,80.41999816894531,0.0,0.0,False,False,False
2024-07-09,79.7699966430664,0.0,0.0,False,False,False
2024-07-10,80.4800033569336,-17.0,-17.0,True,True,False
2024-07-11,80.94000244140625,-3.9999999999999813,-3.9999999999999813,True,False,False
2024-07-12,80.25,11.5,11.5,True,False,False
2024-07-15,80.12000274658203,16.500000000000014,16.500000000000014,True,False,False
2024-07-16,79.05999755859375,-7.9999999999999964,-7.9999999999999964,True,False,False
2024-07-17,80.62000274658203,7.500000000000007,7.500000000000007,True,False,False
2024-07-18,79.9000015258789,6.000000000000005,6.000000000000005,True,False,False
2024-07-19,78.0,-38.99999999999999,-38.99999999999999,True,False,False
2024-07-22,77.62000274658203,-1.0000000000000009,-1.0000000000000009,True,False,False
2024-07-23,76.62000274658203,-35.00000000000003,-35.00000000000003,True,False,False
2024-07-24,76.80999755859375,20.000000000000018,20.000000000000018,True,False,False
2024-07-25,77.45999908447266,26.500000000000014,26.500000000000014,True,False,False
2024-07-26,76.11000061035156,-82.50000000000001,-82.50000000000001,True,False,False
2024-07-29,75.19000244140625,-57.49999999999997,-57.49999999999997,False,False,True
2024-07-30,74.45999908447266,0.0,0.0,False,False,False
2024-07-31,77.73999786376953,0.0,0.0,False,False,False
2024-08-01,76.29000091552734,0.0,0.0,False,False,False
2024-08-02,73.38999938964844,0.0,0.0,False,False,False
2024-08-05,73.22000122070312,0.0,0.0,False,False,False
2024-08-06,72.44999694824219,0.0,0.0,False,False,False
2024-08-07,74.69000244140625,0.0,0.0,False,False,False
2024-08-08,75.36000061035156,-19.5,-19.5,True,True,False
2024-08-09,76.22000122070312,15.500000000000025,15.500000000000025,True,False,False
2024-08-12,78.62999725341797,-46.00000000000004,-46.00000000000004,True,False,False
2024-08-13,77.63999938964844,53.99999999999998,53.99999999999998,True,False,False
2024-08-14,76.58999633789062,36.00000000000002,36.00000000000002,True,False,False
2024-08-15,77.41000366210938,-0.500000000000006,-0.500000000000006,True,False,False
2024-08-16,76.31999969482422,28.000000000000007,28.000000000000007,True,False,False
2024-08-19,74.37999725341797,11.99999999999999,11.99999999999999,True,False,False
2024-08-20,73.83000183105469,-0.0,-0.0,True,False,False
2024-08-21,72.5999984741211,-24.49999999999999,-24.49999999999999,True,False,False
2024-08-22,73.58000183105469,35.999999999999986,35.999999999999986,True,False,False
2024-08-23,75.55000305175781,31.000000000000007,31.000000000000007,True,False,False
2024-08-26,77.83000183105469,-13.99999999999999,-13.99999999999999,True,False,False
2024-08-27,76.48999786376953,25.99999999999999,25.99999999999999,True,False,False
2024-08-28,75.4800033569336,5.000000000000002,5.000000000000002,True,False,False
2024-08-29,76.7699966430664,2.4999999999999996,2.4999999999999996,True,False,False
2024-08-30,74.33999633789062,-4.5,-4.5,False,False,True
2024-09-03,71.08999633789062,0.0,0.0,False,False,False
2024-09-04,69.61000061035156,0.0,0.0,False,False,False
2024-09-05,69.88999938964844,0.0,0.0,False,False,False
2024-09-06,68.93000030517578,-19.49999999999997,-19.49999999999997,True,True,False
2024-09-09,69.2699966430664,19.500000000000018,19.500000000000018,True,False,False
2024-09-10,66.95999908447266,-21.000000000000018,-21.000000000000018,True,False,False
2024-09-11,67.8499984741211,26.00000000000002,26.00000000000002,True,False,False
2024-09-12,69.88999938964844,15.500000000000004,15.500000000000004,True,False,False
2024-09-13,69.83999633789062,16.500000000000004,16.500000000000004,True,False,False
2024-09-16,70.87999725341797,0.49999999999996714,0.49999999999996714,True,False,False
2024-09-17,71.72000122070312,-21.499999999999996,-21.499999999999996,True,False,False
2024-09-18,70.66000366210938,37.999999999999986,37.999999999999986,True,False,False
2024-09-19,72.75,-44.999999999999986,-44.999999999999986,True,False,False
2024-09-20,72.91999816894531,3.4999999999999782,3.4999999999999782,True,False,False
2024-09-23,72.25,53.000000000000014,53.000000000000014,True,False,False
2024-09-24,73.29000091552734,-40.5,-40.5,True,False,False
2024-09-25,71.4800033569336,69.5,69.5,True,False,False
2024-09-26,69.01000213623047,24.499999999999996,24.499999999999996,True,False,False
2024-09-27,70.2699966430664,-10.999999999999998,-10.999999999999998,False,False,True
2024-09-30,69.91999816894531,0.0,0.0,False,False,False
2024-10-01,72.11000061035156,0.0,0.0,False,False,False
2024-10-02,72.76000213623047,0.0,0.0,False,False,False
2024-10-03,75.7300033569336,0.0,0.0,False,False,False
2024-10-04,76.3499984741211,0.0,0.0,False,False,False
2024-10-07,79.19999694824219,-28.500000000000057,-28.500000000000057,True,True,False
2024-10-08,75.79000091552734,-63.5,-63.5,True,False,False
2024-10-09,75.25,34.99999999999994,34.99999999999994,True,False,False
2024-10-10,77.7699966430664,1.0000000000000675,1.0000000000000675,True,False,False
2024-10-11,77.48999786376953,-351.0,-351.0,False,False,True
2024-10-14,75.93000030517578,0.0,0.0,False,False,False
2024-10-15,72.76000213623047,0.0,0.0,False,False,False
2024-10-16,72.4000015258789,0.0,0.0,False,False,False
2024-10-17,72.62000274658203,0.0,0.0,False,False,False
2024-10-18,71.37999725341797,0.0,0.0,False,False,False
2024-10-21,72.26000213623047,0.0,0.0,False,False,False
2024-10-22,73.9800033569336,0.0,0.0,False,False,False
2024-10-23,73.55000305175781,0.0,0.0,False,False,False
2024-10-24,73.05999755859375,0.0,0.0,False,False,False
2024-10-25,74.2300033569336,0.0,0.0,False,False,False
2024-10-28,70.43000030517578,0.0,0.0,False,False,False
2024-10-29,69.66000366210938,0.0,0.0,False,False,False
2024-10-30,71.36000061035156,0.0,0.0,False,False,False
2024-10-31,73.08000183105469,0.0,0.0,False,False,False
2024-11-01,72.0199966430664,0.0,0.0,False,False,False
2024-11-04,74.29000091552734,0.0,0.0,False,False,False
2024-11-05,74.7300033569336,-59.00000000000003,-59.00000000000003,True,True,False
2024-11-06,74.54000091552734,-173.00000000000003,-173.00000000000003,False,False,True
2024-11-07,74.66000366210938,0.0,0.0,False,False,False
2024-11-08,73.12999725341797,0.0,0.0,False,False,False
2024-11-11,70.94000244140625,0.0,0.0,False,False,False
2024-11-12,70.69000244140625,0.0,0.0,False,False,False
2024-11-13,70.7300033569336,0.0,0.0,False,False,False
2024-11-14,71.29000091552734,0.0,0.0,False,False,False
2024-11-15,69.75,0.0,0.0,False,False,False
2024-11-18,72.06999969482422,0.0,0.0,False,False,False
2024-11-19,72.30999755859375,0.0,0.0,False,False,False
2024-11-20,72.0199966430664,0.0,0.0,False,False,False
2024-11-21,73.19999694824219,0.0,0.0,False,False,False
2024-11-22,74.25,0.0,0.0,False,False,False
2024-11-25,72.0999984741211,0.0,0.0,False,False,False
2024-11-26,71.61000061035156,0.0,0.0,False,False,False
2024-11-27,71.72000122070312,0.0,0.0,False,False,False
2024-11-29,71.61000061035156,0.0,0.0,False,False,False
2024-12-02,71.04000091552734,0.0,0.0,False,False,False
2024-12-03,73.04000091552734,0.0,0.0,False,False,False
2024-12-04,71.87999725341797,-129.0,-129.0,True,True,False
2024-12-05,71.47000122070312,-129.99999999999997,-129.99999999999997,False,False,True
2024-12-06,70.23999786376953,0.0,0.0,False,False,False
2024-12-09,71.16999816894531,0.0,0.0,False,False,False
2024-12-10,71.4000015258789,0.0,0.0,False,False,False
2024-12-11,73.33000183105469,0.0,0.0,False,False,False
2024-12-12,73.20999908447266,0.0,0.0,False,False,False
2024-12-13,74.20999908447266,0.0,0.0,False,False,False
2024-12-16,73.69999694824219,0.0,0.0,False,False,False
2024-12-17,73.30000305175781,0.0,0.0,False,False,False
2024-12-18,72.94000244140625,0.0,0.0,False,False,False
2024-12-19,72.61000061035156,0.0,0.0,False,False,False
2024-12-20,73.0999984741211,0.0,0.0,False,False,False
2024-12-23,73.05999755859375,0.0,0.0,False,False,False
2024-12-24,73.6500015258789,0.0,0.0,False,False,False
2024-12-26,73.12999725341797,0.0,0.0,False,False,False
2024-12-27,73.8499984741211,0.0,0.0,False,False,False
2024-12-30,74.81999969482422,0.0,0.0,False,False,False
2024-12-31,75.55000305175781,0.0,0.0,False,False,False
2025-01-02,76.93000030517578,-59.0,-59.0,True,True,False
2025-01-03,77.91999816894531,33.999999999999986,33.999999999999986,True,False,False
2025-01-06,77.30000305175781,49.0,49.0,True,False,False
2025-01-07,78.16999816894531,-37.5,-37.5,True,False,False
2025-01-08,77.30000305175781,-5.499999999999982,-5.499999999999982,True,False,False
2025-01-10,80.63999938964844,-117.99999999999999,-117.99999999999999,False,False,True
2025-01-13,82.2300033569336,0.0,0.0,False,False,False
2025-01-14,81.66999816894531,0.0,0.0,False,False,False
2025-01-15,84.33999633789062,0.0,0.0,False,False,False
2025-01-16,82.94000244140625,0.0,0.0,False,False,False
2025-01-17,82.5199966430664,0.0,0.0,False,False,False
2025-01-21,81.11000061035156,0.0,0.0,False,False,False
2025-01-22,80.43000030517578,0.0,0.0,False,False,False
2025-01-23,79.20999908447266,0.0,0.0,False,False,False
2025-01-24,79.5999984741211,0.0,0.0,False,False,False
2025-01-27,77.93000030517578,0.0,0.0,False,False,False
2025-01-28,78.86000061035156,0.0,0.0,False,False,False
2025-01-29,77.77999877929688,0.0,0.0,False,False,False
2025-01-30,77.75,0.0,0.0,False,False,False
2025-01-31,78.0199966430664,-125.49999999999996,-125.49999999999996,True,True,False
2025-02-03,77.81999969482422,127.99999999999999,127.99999999999999,True,False,False
2025-02-04,77.51000213623047,-11.000000000000016,-11.000000000000016,True,False,False
2025-02-05,76.08999633789062,3.500000000000003,3.500000000000003,True,False,False
2025-02-06,75.44999694824219,-41.99999999999997,-41.99999999999997,True,False,False
2025-02-07,75.86000061035156,80.5,80.5,True,False,False
2025-02-10,77.4000015258789,-18.499999999999993,-18.499999999999993,True,False,False
2025-02-11,78.2699966430664,34.99999999999999,34.99999999999999,True,False,False
2025-02-12,76.31999969482422,-8.499999999999996,-8.499999999999996,True,False,False
2025-02-13,76.38999938964844,14.500000000000002,14.500000000000002,True,False,False
2025-02-14,75.81999969482422,6.000000000000005,6.000000000000005,True,False,False
2025-02-18,76.95999908447266,28.999999999999996,28.999999999999996,True,False,False
2025-02-19,77.44999694824219,5.499999999999999,5.499999999999999,True,False,False
2025-02-20,77.76000213623047,4.000000000000002,4.000000000000002,True,False,False
2025-02-21,75.3499984741211,-35.5,-35.5,False,False,True
2025-02-24,75.97000122070312,0.0,0.0,False,False,False
2025-02-25,74.12999725341797,0.0,0.0,False,False,False
2025-02-26,73.8499984741211,0.0,0.0,False,False,False
2025-02-27,75.27999877929688,0.0,0.0,False,False,False
2025-02-28,75.22000122070312,0.0,0.0,False,False,False
2025-03-03,73.31999969482422,-91.0,-91.0,True,True,False
2025-03-04,73.30999755859375,-129.00000000000003,-129.00000000000003,False,False,True
2025-03-05,71.41999816894531,0.0,0.0,False,False,False
2025-03-06,71.12999725341797,0.0,0.0,False,False,False
2025-03-07,72.08999633789062,0.0,0.0,False,False,False
2025-03-10,70.88999938964844,0.0,0.0,False,False,False
2025-03-11,71.44999694824219,0.0,0.0,False,False,False
2025-03-12,72.80000305175781,0.0,0.0,False,False,False
2025-03-13,71.62000274658203,0.0,0.0,False,False,False
2025-03-14,72.27999877929688,0.0,0.0,False,False,False
2025-03-17,72.70999908447266,0.0,0.0,False,False,False
2025-03-18,72.20999908447266,0.0,0.0,False,False,False
2025-03-19,72.41999816894531,0.0,0.0,False,False,False
2025-03-20,73.7300033569336,0.0,0.0,False,False,False
2025-03-21,73.79000091552734,0.0,0.0,False,False,False
2025-03-24,74.87999725341797,0.0,0.0,False,False,False
2025-03-25,74.81999969482422,0.0,0.0,False,False,False
2025-03-26,75.41999816894531,0.0,0.0,False,False,False
2025-03-27,75.4800033569336,0.0,0.0,False,False,False
2025-03-28,74.7699966430664,0.0,0.0,False,False,False
2025-03-31,77.33000183105469,0.0,0.0,False,False,False
2025-04-01,77.08000183105469,-26.5,-26.5,True,True,False
2025-04-02,77.73999786376953,7.499999999999996,7.499999999999996,True,False,False
2025-04-03,72.25,-155.0,-155.0,False,False,True
2025-04-04,67.91999816894531,0.0,0.0,False,False,False
2025-04-07,65.9800033569336,0.0,0.0,False,False,False
2025-04-08,63.34000015258789,0.0,0.0,False,False,False
2025-04-09,67.58000183105469,0.0,0.0,False,False,False
2025-04-10,65.31999969482422,0.0,0.0,False,False,False
2025-04-11,66.45999908447266,0.0,0.0,False,False,False
2025-04-14,66.66000366210938,0.0,0.0,False,False,False
2025-04-15,66.4800033569336,0.0,0.0,False,False,False
2025-04-16,67.75,0.0,0.0,False,False,False
2025-04-17,69.4800033569336,0.0,0.0,False,False,False
2025-04-21,68.62000274658203,0.0,0.0,False,False,False
2025-04-22,69.37000274658203,0.0,0.0,False,False,False
2025-04-23,68.05000305175781,0.0,0.0,False,False,False
2025-04-24,68.45999908447266,0.0,0.0,False,False,False
2025-04-25,69.02999877929688,0.0,0.0,False,False,False
2025-04-28,67.76000213623047,0.0,0.0,False,False,False
2025-04-29,65.8499984741211,0.0,0.0,False,False,False
2025-04-30,63.560001373291016,-11.5,-11.5,True,True,False
2025-05-01,64.5199966430664,14.000000000000012,14.000000000000012,True,False,False
2025-05-02,64.01000213623047,18.500000000000007,18.500000000000007,True,False,False
2025-05-05,62.369998931884766,111.5,111.5,True,False,False
2025-05-06,64.5999984741211,11.5,11.5,True,False,False
2025-05-07,63.5099983215332,8.499999999999996,8.499999999999996,True,False,False
2025-05-08,65.5999984741211,0.9999999999999898,0.9999999999999898,True,False,False
2025-05-09,66.61000061035156,-3.4999999999999973,-3.4999999999999973,True,False,False
2025-05-12,67.5999984741211,0.4999999999999949,0.4999999999999949,True,False,False
2025-05-13,69.58999633789062,-79.0,-79.0,True,False,False
2025-05-14,68.7300033569336,45.00000000000004,45.00000000000004,True,False,False
2025-05-15,67.58999633789062,47.999999999999986,47.999999999999986,True,False,False
2025-05-16,68.0999984741211,-13.000000000000005,-13.000000000000005,True,False,False
2025-05-19,68.51000213623047,17.5,17.5,True,False,False
2025-05-20,68.66000366210938,7.000000000000006,7.000000000000006,True,False,False
2025-05-21,67.58999633789062,15.999999999999993,15.999999999999993,True,False,False
2025-05-22,67.13999938964844,18.000000000000004,18.000000000000004,True,False,False
2025-05-23,67.98999786376953,-5.0000000000000036,-5.0000000000000036,False,False,True
2025-05-27,67.27999877929688,0.0,0.0,False,False,False
2025-05-28,67.88999938964844,0.0,0.0,False,False,False
2025-05-29,67.19000244140625,-9.499999999999972,-9.499999999999972,True,True,False
2025-05-30,67.1500015258789,-11.000000000000032,-11.000000000000032,True,False,False
2025-06-02,69.55000305175781,9.500000000000043,9.500000000000043,True,False,False
2025-06-03,69.88999938964844,6.999999999999984,6.999999999999984,True,False,False
2025-06-04,69.33999633789062,36.50000000000001,36.50000000000001,True,False,False
2025-06-05,69.93000030517578,6.500000000000005,6.500000000000005,True,False,False
2025-06-06,71.37999725341797,-38.99999999999998,-38.99999999999998,True,False,False
2025-06-09,72.05000305175781,-15.499999999999996,-15.499999999999996,True,False,False
2025-06-10,71.5999984741211,39.99999999999998,39.99999999999998,True,False,False
2025-06-11,74.81999969482422,-254.5,-254.5,False,False,True
2025-06-12,75.05000305175781,0.0,0.0,False,False,False
2025-06-13,80.22000122070312,0.0,0.0,False,False,False
2025-06-16,78.58999633789062,0.0,0.0,False,False,False
2025-06-17,82.30000305175781,0.0,0.0,False,False,False
2025-06-18,82.2699966430664,0.0,0.0,False,False,False
2025-06-20,83.12000274658203,0.0,0.0,False,False,False
2025-06-23,76.41000366210938,0.0,0.0,False,False,False
2025-06-24,73.0,0.0,0.0,False,False,False
2025-06-25,73.30999755859375,0.0,0.0,False,False,False
2025-06-26,73.58999633789062,0.0,0.0,False,False,False
2025-06-27,73.27999877929688,-9.0,-9.0,True,True,False
2025-06-30,73.11000061035156,40.49999999999998,40.49999999999998,True,False,False
2025-07-01,73.93000030517578,14.500000000000002,14.500000000000002,True,False,False
2025-07-02,75.58999633789062,-34.5,-34.5,True,False,False
2025-07-03,75.19000244140625,24.000000000000004,24.000000000000004,True,False,False
2025-07-07,76.4800033569336,12.000000000000021,12.000000000000021,True,False,False
2025-07-08,76.95999908447266,-2.0000000000000187,-2.0000000000000187,True,False,False
2025-07-09,76.93000030517578,27.999999999999993,27.999999999999993,True,False,False
2025-07-10,75.38999938964844,38.00000000000001,38.00000000000001,True,False,False
2025-07-11,77.29000091552734,-62.000000000000014,-62.000000000000014,True,False,False
2025-07-14,75.62000274658203,80.50000000000001,80.50000000000001,True,False,False
2025-07-15,75.26000213623047,15.499999999999991,15.499999999999991,True,False,False
2025-07-16,75.19000244140625,17.000000000000004,17.000000000000004,True,False,False
2025-07-17,76.16000366210938,1.5000000000000027,1.5000000000000027,True,False,False
2025-07-18,75.93000030517578,11.0,11.0,False,False,True
2025-07-21,75.58999633789062,0.0,0.0,False,False,False
2025-07-22,75.3499984741211,0.0,0.0,False,False,False
2025-07-23,75.27999877929688,0.0,0.0,False,False,False
2025-07-24,76.08999633789062,0.0,0.0,False,False,False
2025-07-25,74.8499984741211,0.0,0.0,False,False,False
2025-07-28,77.16999816894531,-11.000000000000028,-11.000000000000028,True,True,False
2025-07-29,79.80000305175781,-60.99999999999994,-60.99999999999994,True,False,False
2025-07-30,81.04000091552734,-35.50000000000002,-35.50000000000002,True,False,False
2025-07-31,79.58999633789062,48.00000000000004,48.00000000000004,True,False,False
2025-08-01,77.45999908447266,8.000000000000007,8.000000000000007,True,False,False
2025-08-04,76.11000061035156,42.000000000000014,42.000000000000014,True,False,False
2025-08-05,75.0199966430664,17.500000000000004,17.500000000000004,True,False,False
2025-08-06,73.79000091552734,-27.0,-27.0,True,False,False
2025-08-07,73.41999816894531,18.999999999999993,18.999999999999993,True,False,False
2025-08-08,73.30000305175781,9.50000000000002,9.50000000000002,True,False,False
2025-08-11,73.80000305175781,26.99999999999998,26.99999999999998,True,False,False
2025-08-12,72.94999694824219,-13.99999999999999,-13.99999999999999,True,False,False
2025-08-13,72.45999908447266,-17.50000000000003,-17.50000000000003,True,False,False
2025-08-14,73.73999786376953,40.000000000000014,40.000000000000014,True,False,False
2025-08-15,72.80000305175781,-39.000000000000014,-39.000000000000014,True,False,False
2025-08-18,73.16999816894531,48.00000000000002,48.00000000000002,True,False,False
2025-08-19,72.30000305175781,1.0000000000000009,1.0000000000000009,True,False,False
2025-08-20,73.5199966430664,63.5,63.5,True,False,False
2025-08-21,74.12999725341797,18.000000000000004,18.000000000000004,True,False,False
2025-08-22,74.63999938964844,26.500000000000004,26.500000000000004,False,False,True
2025-08-25,75.75,0.0,0.0,False,False,False
2025-08-26,74.05000305175781,-5.000000000000028,-5.000000000000028,True,True,False
2025-08-27,74.68000030517578,16.000000000000014,16.000000000000014,True,False,False
2025-08-28,75.23999786376953,-17.499999999999982,-17.499999999999982,True,False,False
2025-08-29,74.83999633789062,26.0,26.0,True,False,False
2025-09-02,76.76000213623047,-21.000000000000007,-21.000000000000007,True,False,False
2025-09-03,74.83000183105469,31.499999999999993,31.499999999999993,True,False,False
2025-09-04,74.18000030517578,13.00000000000001,13.00000000000001,True,False,False
2025-09-05,72.62999725341797,6.000000000000005,6.000000000000005,True,False,False
2025-09-08,73.04000091552734,32.999999999999986,32.999999999999986,True,False,False
2025-09-09,73.38999938964844,19.000000000000007,19.000000000000007,True,False,False
2025-09-10,74.70999908447266,4.499999999999993,4.499999999999993,True,False,False
2025-09-11,73.0,9.000000000000002,9.000000000000002,True,False,False
2025-09-12,73.30999755859375,14.500000000000002,14.500000000000002,True,False,False
2025-09-15,74.2300033569336,16.499999999999993,16.499999999999993,True,False,False
2025-09-16,75.66999816894531,-8.000000000000002,-8.000000000000002,True,False,False
2025-09-17,74.97000122070312,27.500000000000004,27.500000000000004,True,False,False
2025-09-18,74.69000244140625,2.0000000000000004,2.0000000000000004,True,False,False
2025-09-19,73.5199966430664,0.0,0.0,False,False,True
2025-09-22,73.44999694824219,0.0,0.0,False,False,False
2025-09-23,75.05000305175781,0.0,0.0,False,False,False
2025-09-24,76.38999938964844,-5.5,-5.5,True,True,False
2025-09-25,76.98999786376953,-20.499999999999996,-20.499999999999996,True,False,False
2025-09-26,77.0199966430664,4.999999999999993,4.999999999999993,True,False,False
2025-09-29,74.58999633789062,6.000000000000016,6.000000000000016,True,False,False
2025-09-30,73.75,-13.5,-13.5,True,False,False
2025-10-01,73.13999938964844,-16.500000000000004,-16.500000000000004,True,False,False
2025-10-02,71.54000091552734,-81.0,-81.0,True,False,False
2025-10-03,71.70999908447266,40.49999999999998,40.49999999999998,True,False,False
2025-10-06,72.87000274658203,81.50000000000004,81.50000000000004,True,False,False
2025-10-07,73.19999694824219,21.000000000000018,21.000000000000018,True,False,False
2025-10-08,73.52999877929688,25.0,25.0,True,False,False
2025-10-09,72.51000213623047,-37.000000000000014,-37.000000000000014,True,False,False
2025-10-10,69.38999938964844,-208.00000000000003,-208.00000000000003,False,False,True
2025-10-13,70.27999877929688,0.0,0.0,False,False,False
2025-10-14,69.0,0.0,0.0,False,False,False
2025-10-15,68.98999786376953,0.0,0.0,False,False,False
2025-10-16,67.80999755859375,0.0,0.0,False,False,False
2025-10-17,67.9800033569336,0.0,0.0,False,False,False
2025-10-20,67.83000183105469,0.0,0.0,False,False,False
2025-10-21,68.2699966430664,0.0,0.0,False,False,False
2025-10-22,70.62999725341797,0.0,0.0,False,False,False
2025-10-23,73.29000091552734,-9.000000000000028,-9.000000000000028,True,True,False
2025-10-24,73.18000030517578,24.0,24.0,True,False,False
2025-10-27,73.12000274658203,37.000000000000014,37.000000000000014,True,False,False
2025-10-28,71.38999938964844,-11.99999999999999,-11.99999999999999,True,False,False
2025-10-29,71.80000305175781,15.500000000000004,15.500000000000004,True,False,False
2025-10-30,71.70999908447266,23.499999999999986,23.499999999999986,True,False,False
2025-10-31,72.55999755859375,6.000000000000005,6.000000000000005,True,False,False
2025-11-03,72.73999786376953,38.99999999999999,38.99999999999999,True,False,False
2025-11-04,71.93000030517578,-4.999999999999993,-4.999999999999993,True,False,False
2025-11-05,71.02999877929688,-8.499999999999996,-8.499999999999996,True,False,False
2025-11-06,70.87999725341797,2.9999999999999916,2.9999999999999916,True,False,False
2025-11-07,71.26000213623047,17.500000000000014,17.500000000000014,True,False,False
2025-11-10,71.68000030517578,21.500000000000004,21.500000000000004,True,False,False
2025-11-11,72.72000122070312,20.0,20.0,True,False,False
2025-11-12,69.79000091552734,-62.5,-62.5,True,False,False
2025-11-13,69.8499984741211,19.500000000000007,19.500000000000007,True,False,False
2025-11-14,71.37999725341797,26.5,26.5,False,False,True
2025-11-17,71.30000305175781,0.0,0.0,False,False,False
2025-11-18,72.5,0.0,0.0,False,False,False
2025-11-19,70.87999725341797,0.0,0.0,False,False,False
2025-11-20,70.1500015258789,0.0,0.0,False,False,False
2025-11-21,69.30000305175781,-5.5,-5.5,True,True,False
2025-11-24,70.41999816894531,3.499999999999992,3.499999999999992,True,False,False
2025-11-25,69.25,7.000000000000006,7.000000000000006,True,False,False
2025-11-26,70.04000091552734,18.499999999999993,18.499999999999993,True,False,False
2025-11-28,71.06999969482422,-1.5000000000000235,-1.5000000000000235,True,False,False
2025-12-01,71.05999755859375,17.000000000000032,17.000000000000032,True,False,False
2025-12-02,70.19999694824219,20.999999999999986,20.999999999999986,True,False,False
2025-12-03,70.66000366210938,22.499999999999993,22.499999999999993,True,False,False
2025-12-04,71.38999938964844,-0.49999999999997824,-0.49999999999997824,True,False,False
2025-12-05,71.91999816894531,-5.551115123125783e-15,-5.551115123125783e-15,True,False,False
2025-12-08,70.48999786376953,34.5,34.5,True,False,False
2025-12-09,69.86000061035156,8.499999999999996,8.499999999999996,True,False,False
2025-12-10,70.54000091552734,-2.0000000000000044,-2.0000000000000044,True,False,False
2025-12-11,69.25,20.000000000000007,20.000000000000007,True,False,False
2025-12-12,68.80999755859375,4.0,4.0,False,False,True
2025-12-15,67.88999938964844,0.0,0.0,False,False,False
2025-12-16,66.16999816894531,0.0,0.0,False,False,False
2025-12-17,67.9800033569336,0.0,0.0,False,False,False
2025-12-18,67.19000244140625,0.0,0.0,False,False,False
2025-12-19,68.02999877929688,0.0,0.0,False,False,False
2025-12-22,69.7300033569336,-8.5,-8.5,True,True,False
2025-12-23,70.30000305175781,-2.0000000000000018,-2.0000000000000018,True,False,False
2025-12-24,70.19999694824219,18.000000000000014,18.000000000000014,True,False,False
2025-12-26,68.4800033569336,1.0000000000000009,1.0000000000000009,True,False,False
2025-12-29,69.61000061035156,28.499999999999993,28.499999999999993,True,False,False
2025-12-30,69.73999786376953,23.00000000000001,23.00000000000001,True,False,False
2025-12-31,69.16000366210938,9.000000000000007,9.000000000000007,True,False,False
2026-01-02,68.95999908447266,13.500000000000012,13.500000000000012,True,False,False
2026-01-05,70.22000122070312,5.499999999999994,5.499999999999994,True,False,False
2026-01-06,68.51000213623047,-4.5000000000000036,-4.5000000000000036,True,False,False
2026-01-07,67.79000091552734,-29.499999999999993,-29.499999999999993,True,False,False
2026-01-08,70.54000091552734,-48.99999999999998,-48.99999999999998,True,False,False
2026-01-09,70.77999877929688,42.99999999999999,42.99999999999999,True,False,False
2026-01-12,71.6500015258789,2.9999999999999805,2.9999999999999805,True,False,False
2026-01-13,73.4800033569336,-51.49999999999999,-51.49999999999999,True,False,False
2026-01-14,72.61000061035156,1.5000000000000124,1.5000000000000124,True,False,False
2026-01-15,71.12999725341797,98.49999999999999,98.49999999999999,True,False,False
2026-01-16,71.6500015258789,3.5000000000000053,3.5000000000000053,False,False,True
2026-01-20,71.86000061035156,-20.0,-20.0,True,True,False
2026-01-21,73.33999633789062,-12.99999999999999,-12.99999999999999,True,False,False
2026-01-22,71.81999969482422,7.500000000000018,7.500000000000018,True,False,False
2026-01-23,73.94999694824219,-32.999999999999986,-32.999999999999986,True,False,False
2026-01-26,73.4800033569336,32.49999999999999,32.49999999999999,True,False,False
2026-01-27,75.66000366210938,-27.499999999999993,-27.499999999999993,True,False,False
2026-01-28,76.62000274658203,-21.500000000000007,-21.500000000000007,True,False,False
2026-01-29,79.13999938964844,-162.99999999999994,-162.99999999999994,False,False,True
2026-01-30,79.5199966430664,0.0,0.0,False,False,False
2026-02-02,75.33000183105469,0.0,0.0,False,False,False
2026-02-03,77.47000122070312,0.0,0.0,False,False,False
2026-02-04,77.87999725341797,0.0,0.0,False,False,False
2026-02-05,76.69000244140625,0.0,0.0,False,False,False
2026-02-06,76.98999786376953,0.0,0.0,False,False,False
2026-02-09,78.0199966430664,0.0,0.0,False,False,False
2026-02-10,78.02999877929688,0.0,0.0,False,False,False
2026-02-11,78.88999938964844,0.0,0.0,False,False,False
2026-02-12,76.37999725341797,0.0,0.0,False,False,False
2026-02-13,76.22000122070312,0.0,0.0,False,False,False
2026-02-17,75.7300033569336,0.0,0.0,False,False,False
2026-02-18,79.4000015258789,-5.000000000000057,-5.000000000000057,True,True,False
2026-02-19,81.19000244140625,-56.999999999999964,-56.999999999999964,True,False,False
2026-02-20,80.8499984741211,27.499999999999993,27.499999999999993,True,False,False
2026-02-23,80.9000015258789,-13.999999999999968,-13.999999999999968,True,False,False
2026-02-24,80.76000213623047,23.499999999999986,23.499999999999986,True,False,False
2026-02-25,79.7300033569336,-4.0000000000000036,-4.0000000000000036,True,False,False
2026-02-26,79.7699966430664,-18.500000000000007,-18.500000000000007,True,False,False
2026-02-27,81.94999694824219,-46.50000000000001,-46.50000000000001,True,False,False
2026-03-02,87.19000244140625,-169.5,-169.5,True,False,False
2026-03-03,90.19999694824219,-137.49999999999994,-137.49999999999994,False,False,True
2026-03-04,91.55999755859375,0.0,0.0,False,False,False
2026-03-05,96.30999755859375,0.0,0.0,False,False,False
2026-03-06,108.7699966430664,0.0,0.0,False,False,False
2026-03-09,104.33000183105469,0.0,0.0,False,False,False
2026-03-10,105.86000061035156,0.0,0.0,False,False,False
2026-03-11,108.05000305175781,0.0,0.0,False,False,False
2026-03-12,118.38999938964844,0.0,0.0,False,False,False
2026-03-13,119.88999938964844,0.0,0.0,False,False,False
2026-03-16,115.02999877929688,0.0,0.0,False,False,False
2026-03-17,118.83999633789062,0.0,0.0,False,False,False
2026-03-18,121.66999816894531,0.0,0.0,False,False,False
2026-03-19,117.36000061035156,-62.5,-62.5,True,True,False
2026-03-20,121.43000030517578,47.49999999999979,47.49999999999979,True,False,False
2026-03-23,110.55999755859375,-2.000000000000046,-2.000000000000046,True,False,False
2026-03-24,114.54000091552734,117.49999999999999,117.49999999999999,True,False,False
2026-03-25,113.38999938964844,-15.000000000000036,-15.000000000000036,True,False,False
2026-03-26,117.26000213623047,19.50000000000003,19.50000000000003,True,False,False
2026-03-27,124.19999694824219,-102.00000000000004,-102.00000000000004,True,False,False
2026-03-30,129.8300018310547,57.00000000000003,57.00000000000003,True,False,False
2026-03-31,127.25,186.0,186.0,True,False,False
2026-04-01,124.08999633789062,18.99999999999995,18.99999999999995,True,False,False
2026-04-02,137.9199981689453,-301.49999999999994,-301.49999999999994,True,False,False
2026-04-06,138.94000244140625,58.00000000000003,58.00000000000003,True,False,False
2026-04-07,138.0800018310547,4.440892098500626e-14,4.440892098500626e-14,True,False,False
2026-04-08,124.58000183105469,576.5,576.5,True,False,False
2026-04-09,126.95999908447266,58.999999999999986,58.999999999999986,True,False,False
2026-04-10,124.81999969482422,45.999999999999986,45.999999999999986,False,False,True
