date,spot,option_pnl,total_pnl,in_trade,opened,closed
2020-05-04,19.670000076293945,-22.500000000000114,-22.500000000000114,True,True,False
2020-05-05,21.510000228881836,-27.499999999999947,-27.499999999999947,True,False,False
2020-05-06,20.850000381469727,12.5,12.5,True,False,False
2020-05-07,20.469999313354492,22.499999999999964,22.499999999999964,True,False,False
2020-05-08,21.469999313354492,4.440892098500626e-14,4.440892098500626e-14,True,False,False
2020-05-11,21.170000076293945,25.000000000000178,25.000000000000178,True,False,False
2020-05-12,20.969999313354492,22.499999999999964,22.499999999999964,True,False,False
2020-05-13,20.600000381469727,12.5,12.5,True,False,False
2020-05-14,21.450000762939453,-2.000000000000046,-2.000000000000046,True,False,False
2020-05-15,22.389999389648438,-20.99999999999995,-20.99999999999995,True,False,False
2020-05-18,24.309999465942383,-98.00000000000017,-98.00000000000017,True,False,False
2020-05-19,24.440000534057617,17.00000000000008,17.00000000000008,True,False,False
2020-05-20,25.34000015258789,-76.50000000000001,-76.50000000000001,True,False,False
2020-05-21,26.600000381469727,-120.49999999999987,-120.49999999999987,True,False,False
2020-05-22,25.56999969482422,108.5,108.5,True,False,False
2020-05-26,25.65999984741211,27.000000000000103,27.000000000000103,True,False,False
2020-05-27,25.0,63.9999999999999,63.9999999999999,True,False,False
2020-05-28,25.030000686645508,0.4999999999999116,0.4999999999999116,True,False,False
2020-05-29,25.8799991607666,-81.99999999999993,-81.99999999999993,False,False,True
2020-06-01,26.219999313354492,0.0,0.0,False,False,False
2020-06-02,27.06999969482422,-10.0,-10.0,True,True,False
2020-06-03,27.1200008392334,5.000000000000071,5.000000000000071,True,False,False
2020-06-04,27.5,15.000000000000036,15.000000000000036,True,False,False
2020-06-05,28.8700008392334,-30.00000000000007,-30.00000000000007,True,False,False
2020-06-08,28.3700008392334,-7.499999999999929,-7.499999999999929,True,False,False
2020-06-09,28.420000076293945,33.49999999999995,33.49999999999995,True,False,False
2020-06-10,28.43000030517578,13.499999999999934,13.499999999999934,True,False,False
2020-06-11,26.360000610351562,-5.499999999999972,-5.499999999999972,True,False,False
2020-06-12,26.43000030517578,12.5,12.5,True,False,False
2020-06-15,26.979999542236328,20.999999999999996,20.999999999999996,True,False,False
2020-06-16,27.639999389648438,7.500000000000018,7.500000000000018,True,False,False
2020-06-17,27.280000686645508,12.5,12.5,True,False,False
2020-06-18,27.889999389648438,6.49999999999995,6.49999999999995,True,False,False
2020-06-19,28.229999542236328,2.9999999999999805,2.9999999999999805,True,False,False
2020-06-22,28.979999542236328,8.881784197001252e-14,8.881784197001252e-14,True,False,False
2020-06-23,28.719999313354492,9.499999999999996,9.499999999999996,True,False,False
2020-06-24,27.25,3.000000000000025,3.000000000000025,True,False,False
2020-06-25,27.940000534057617,1.499999999999968,1.499999999999968,False,False,True
2020-06-26,27.360000610351562,0.0,0.0,False,False,False
2020-06-29,28.270000457763672,0.0,0.0,False,False,False
2020-06-30,28.059999465942383,0.0,0.0,False,False,False
2020-07-01,28.350000381469727,-10.0,-10.0,True,True,False
2020-07-02,28.75,6.500000000000039,6.500000000000039,True,False,False
2020-07-06,28.959999084472656,14.500000000000002,14.500000000000002,True,False,False
2020-07-07,28.790000915527344,12.5,12.5,True,False,False
2020-07-08,29.18000030517578,13.499999999999979,13.499999999999979,True,False,False
2020-07-09,28.40999984741211,-1.000000000000023,-1.000000000000023,True,False,False
2020-07-10,29.030000686645508,6.00000000000005,6.00000000000005,True,False,False
2020-07-13,28.5,10.499999999999954,10.499999999999954,True,False,False
2020-07-14,28.8799991607666,0.9999999999999787,0.9999999999999787,True,False,False
2020-07-15,29.290000915527344,4.500000000000082,4.500000000000082,True,False,False
2020-07-16,29.15999984741211,8.500000000000018,8.500000000000018,True,False,False
2020-07-17,29.100000381469727,14.999999999999947,14.999999999999947,True,False,False
2020-07-20,29.1200008392334,8.500000000000085,8.500000000000085,True,False,False
2020-07-21,29.719999313354492,-3.0000000000000027,-3.0000000000000027,True,False,False
2020-07-22,29.75,1.9999999999999796,1.9999999999999796,True,False,False
2020-07-23,29.40999984741211,4.499999999999904,4.499999999999904,True,False,False
2020-07-24,29.440000534057617,-6.4999999999998845,-6.4999999999998845,False,False,True
2020-07-27,29.719999313354492,0.0,0.0,False,False,False
2020-07-28,29.350000381469727,0.0,0.0,False,False,False
2020-07-29,29.56999969482422,0.0,0.0,False,False,False
2020-07-30,28.93000030517578,-10.5,-10.5,True,True,False
2020-07-31,29.06999969482422,5.000000000000027,5.000000000000027,True,False,False
2020-08-03,29.34000015258789,5.999999999999961,5.999999999999961,True,False,False
2020-08-04,29.780000686645508,-1.9999999999999574,-1.9999999999999574,True,False,False
2020-08-05,30.229999542236328,-2.499999999999991,-2.499999999999991,True,False,False
2020-08-06,30.18000030517578,3.9999999999999147,3.9999999999999147,True,False,False
2020-08-07,29.850000381469727,14.50000000000009,14.50000000000009,True,False,False
2020-08-10,30.15999984741211,6.499999999999995,6.499999999999995,True,False,False
2020-08-11,29.81999969482422,7.499999999999929,7.499999999999929,True,False,False
2020-08-12,30.559999465942383,-12.500000000000044,-12.500000000000044,True,False,False
2020-08-13,30.399999618530273,6.000000000000005,6.000000000000005,True,False,False
2020-08-14,30.329999923706055,10.999999999999943,10.999999999999943,True,False,False
2020-08-17,30.770000457763672,-8.499999999999952,-8.499999999999952,True,False,False
2020-08-18,30.600000381469727,17.500000000000004,17.500000000000004,True,False,False
2020-08-19,30.65999984741211,-1.4999999999999791,-1.4999999999999791,True,False,False
2020-08-20,30.520000457763672,9.00000000000003,9.00000000000003,True,False,False
2020-08-21,30.18000030517578,2.4999999999999787,2.4999999999999787,False,False,True
2020-08-24,30.350000381469727,0.0,0.0,False,False,False
2020-08-25,30.920000076293945,0.0,0.0,False,False,False
2020-08-26,30.93000030517578,0.0,0.0,False,False,False
2020-08-27,30.670000076293945,0.0,0.0,False,False,False
2020-08-28,30.719999313354492,-8.0,-8.0,True,True,False
2020-08-31,30.579999923706055,6.499999999999995,6.499999999999995,True,False,False
2020-09-01,30.610000610351562,4.499999999999993,4.499999999999993,True,False,False
2020-09-02,29.860000610351562,-16.999999999999993,-16.999999999999993,True,False,False
2020-09-03,29.639999389648438,-11.000000000000032,-11.000000000000032,True,False,False
2020-09-04,28.510000228881836,-47.50000000000006,-47.50000000000006,True,False,False
2020-09-08,26.75,-114.49999999999996,-114.49999999999996,True,False,False
2020-09-09,27.40999984741211,55.49999999999997,55.49999999999997,True,False,False
2020-09-10,26.790000915527344,-47.99999999999996,-47.99999999999996,True,False,False
2020-09-11,27.040000915527344,22.999999999999954,22.999999999999954,True,False,False
2020-09-14,26.940000534057617,-6.99999999999994,-6.99999999999994,True,False,False
2020-09-15,27.520000457763672,54.49999999999999,54.49999999999999,True,False,False
2020-09-16,28.700000762939453,90.00000000000003,90.00000000000003,True,False,False
2020-09-17,29.229999542236328,32.500000000000064,32.500000000000064,True,False,False
2020-09-18,29.059999465942383,-6.500000000000073,-6.500000000000073,False,False,True
2020-09-21,28.290000915527344,0.0,0.0,False,False,False
2020-09-22,28.170000076293945,0.0,0.0,False,False,False
2020-09-23,28.030000686645508,0.0,0.0,False,False,False
2020-09-24,28.5,0.0,0.0,False,False,False
2020-09-25,28.350000381469727,0.0,0.0,False,False,False
2020-09-28,28.690000534057617,-8.0,-8.0,True,True,False
2020-09-29,27.700000762939453,-15.99999999999997,-15.99999999999997,True,False,False
2020-09-30,28.290000915527344,12.99999999999999,12.99999999999999,True,False,False
2020-10-01,27.510000228881836,-20.999999999999996,-20.999999999999996,True,False,False
2020-10-02,26.350000381469727,-46.499999999999986,-46.499999999999986,True,False,False
2020-10-05,27.93000030517578,57.00000000000003,57.00000000000003,True,False,False
2020-10-06,28.389999389648438,15.00000000000008,15.00000000000008,True,False,False
2020-10-07,28.389999389648438,10.999999999999988,10.999999999999988,True,False,False
2020-10-08,29.139999389648438,4.999999999999982,4.999999999999982,True,False,False
2020-10-09,28.690000534057617,8.499999999999996,8.499999999999996,True,False,False
2020-10-12,28.06999969482422,2.0000000000000018,2.0000000000000018,True,False,False
2020-10-13,28.459999084472656,6.99999999999994,6.99999999999994,True,False,False
2020-10-14,28.979999542236328,4.4999999999999485,4.4999999999999485,True,False,False
2020-10-15,28.940000534057617,4.000000000000092,4.000000000000092,True,False,False
2020-10-16,28.719999313354492,6.499999999999995,6.499999999999995,True,False,False
2020-10-19,28.59000015258789,7.500000000000018,7.500000000000018,True,False,False
2020-10-20,29.049999237060547,-0.0,-0.0,True,False,False
2020-10-21,28.100000381469727,1.499999999999968,1.499999999999968,True,False,False
2020-10-22,28.510000228881836,11.000000000000032,11.000000000000032,True,False,False
2020-10-23,27.8799991607666,-10.000000000000098,-10.000000000000098,False,False,True
2020-10-26,27.110000610351562,0.0,0.0,False,False,False
2020-10-27,27.690000534057617,-7.5,-7.5,True,True,False
2020-10-28,26.309999465942383,-37.49999999999996,-37.49999999999996,True,False,False
2020-10-29,25.600000381469727,-26.500000000000057,-26.500000000000057,True,False,False
2020-10-30,25.25,-34.500000000000064,-34.500000000000064,True,False,False
2020-11-02,26.260000228881836,48.00000000000004,48.00000000000004,True,False,False
2020-11-03,26.719999313354492,19.499999999999986,19.499999999999986,True,False,False
2020-11-04,27.440000534057617,48.99999999999993,48.99999999999993,True,False,False
2020-11-05,27.15999984741211,3.500000000000103,3.500000000000103,True,False,False
2020-11-06,26.469999313354492,-11.00000000000012,-11.00000000000012,True,False,False
2020-11-09,28.06999969482422,27.0,27.0,True,False,False
2020-11-10,28.90999984741211,-1.499999999999968,-1.499999999999968,True,False,False
2020-11-11,29.040000915527344,-0.9999999999999343,-0.9999999999999343,True,False,False
2020-11-12,28.65999984741211,12.5,12.5,True,False,False
2020-11-13,28.1299991607666,16.50000000000005,16.50000000000005,True,False,False
2020-11-16,28.809999465942383,7.999999999999918,7.999999999999918,True,False,False
2020-11-17,28.8700008392334,0.5000000000000338,0.5000000000000338,True,False,False
2020-11-18,29.0,3.999999999999959,3.999999999999959,True,False,False
2020-11-19,29.09000015258789,3.0000000000000693,3.0000000000000693,True,False,False
2020-11-20,29.270000457763672,-3.999999999999959,-3.999999999999959,False,False,True
2020-11-23,29.520000457763672,0.0,0.0,False,False,False
2020-11-24,30.799999237060547,0.0,0.0,False,False,False
2020-11-25,31.3700008392334,-7.0,-7.0,True,True,False
2020-11-27,31.219999313354492,-5.500000000000016,-5.500000000000016,True,False,False
2020-11-30,30.969999313354492,10.499999999999998,10.499999999999998,True,False,False
2020-12-01,30.6200008392334,-3.4999999999999254,-3.4999999999999254,True,False,False
2020-12-02,30.969999313354492,15.999999999999925,15.999999999999925,True,False,False
2020-12-03,31.25,19.00000000000004,19.00000000000004,True,False,False
2020-12-04,31.559999465942383,11.500000000000066,11.500000000000066,True,False,False
2020-12-07,31.399999618530273,7.000000000000073,7.000000000000073,True,False,False
2020-12-08,31.40999984741211,8.999999999999986,8.999999999999986,True,False,False
2020-12-09,31.34000015258789,-2.499999999999991,-2.499999999999991,True,False,False
2020-12-10,32.11000061035156,-9.00000000000003,-9.00000000000003,True,False,False
2020-12-11,31.940000534057617,7.000000000000028,7.000000000000028,True,False,False
2020-12-14,32.16999816894531,2.9999999999999805,2.9999999999999805,True,False,False
2020-12-15,32.540000915527344,-0.5000000000000338,-0.5000000000000338,True,False,False
2020-12-16,32.7400016784668,5.500000000000083,5.500000000000083,True,False,False
2020-12-17,33.15999984741211,-14.500000000000023,-14.500000000000023,False,False,True
2020-12-18,33.47999954223633,0.0,0.0,False,False,False
2020-12-21,32.63999938964844,0.0,0.0,False,False,False
2020-12-22,32.09000015258789,0.0,0.0,False,False,False
2020-12-23,32.75,0.0,0.0,False,False,False
2020-12-24,32.91999816894531,-9.499999999999943,-9.499999999999943,True,True,False
2020-12-28,32.59000015258789,8.999999999999897,8.999999999999897,True,False,False
2020-12-29,32.779998779296875,7.999999999999963,7.999999999999963,True,False,False
2020-12-30,32.90999984741211,6.000000000000005,6.000000000000005,True,False,False
2020-12-31,33.0099983215332,-1.9999999999999574,-1.9999999999999574,True,False,False
2021-01-04,32.380001068115234,-6.500000000000039,-6.500000000000039,True,False,False
2021-01-05,33.939998626708984,1.9999999999999574,1.9999999999999574,True,False,False
2021-01-06,34.11000061035156,4.500000000000082,4.500000000000082,True,False,False
2021-01-07,34.529998779296875,2.5000000000000355,2.5000000000000355,True,False,False
2021-01-08,35.43000030517578,-48.000000000000085,-48.000000000000085,True,False,False
2021-01-11,35.2599983215332,20.999999999999975,20.999999999999975,True,False,False
2021-01-12,35.900001525878906,-36.49999999999996,-36.49999999999996,True,False,False
2021-01-13,35.79999923706055,7.499999999999951,7.499999999999951,True,False,False
2021-01-14,36.2400016784668,-23.499999999999975,-23.499999999999975,True,False,False
2021-01-15,35.34000015258789,57.500000000000014,57.500000000000014,False,False,True
2021-01-19,35.75,0.0,0.0,False,False,False
2021-01-20,35.790000915527344,0.0,0.0,False,False,False
2021-01-21,35.7599983215332,0.0,0.0,False,False,False
2021-01-22,35.22999954223633,-5.0,-5.0,True,True,False
2021-01-25,35.59000015258789,5.499999999999972,5.499999999999972,True,False,False
2021-01-26,35.45000076293945,8.000000000000007,8.000000000000007,True,False,False
2021-01-27,35.5,-15.50000000000007,-15.50000000000007,True,False,False
2021-01-28,35.25,1.0000000000000675,1.0000000000000675,True,False,False
2021-01-29,35.18000030517578,11.999999999999922,11.999999999999922,True,False,False
2021-02-01,36.119998931884766,2.0000000000000018,2.0000000000000018,True,False,False
2021-02-02,36.81999969482422,-9.000000000000007,-9.000000000000007,True,False,False
2021-02-03,37.439998626708984,-16.000000000000014,-16.000000000000014,True,False,False
2021-02-04,37.810001373291016,-11.000000000000021,-11.000000000000021,True,False,False
2021-02-05,38.189998626708984,-18.49999999999996,-18.49999999999996,True,False,False
2021-02-08,38.939998626708984,-45.50000000000002,-45.50000000000002,True,False,False
2021-02-09,39.16999816894531,-15.500000000000064,-15.500000000000064,True,False,False
2021-02-10,39.279998779296875,-0.5000000000000004,-0.5000000000000004,True,False,False
2021-02-11,38.970001220703125,32.00000000000004,32.00000000000004,True,False,False
2021-02-12,39.939998626708984,-91.00000000000003,-91.00000000000003,False,False,True
2021-02-16,40.45000076293945,0.0,0.0,False,False,False
2021-02-17,40.88999938964844,0.0,0.0,False,False,False
2021-02-18,40.27000045776367,0.0,0.0,False,False,False
2021-02-19,39.68000030517578,0.0,0.0,False,False,False
2021-02-22,41.279998779296875,-12.5,-12.5,True,True,False
2021-02-23,41.619998931884766,-7.499999999999929,-7.499999999999929,True,False,False
2021-02-24,42.5,-12.000000000000055,-12.000000000000055,True,False,False
2021-02-25,42.459999084472656,1.9999999999999574,1.9999999999999574,True,False,False
2021-02-26,41.310001373291016,5.000000000000071,5.000000000000071,True,False,False
2021-03-01,40.599998474121094,14.499999999999957,14.499999999999957,True,False,False
2021-03-02,40.06999969482422,13.500000000000023,13.500000000000023,True,False,False
2021-03-03,41.13999938964844,11.999999999999922,11.999999999999922,True,False,False
2021-03-04,43.06999969482422,-20.000000000000018,-20.000000000000018,True,False,False
2021-03-05,44.439998626708984,-45.499999999999964,-45.499999999999964,True,False,False
2021-03-08,43.5,38.99999999999999,38.99999999999999,True,False,False
2021-03-09,43.11000061035156,26.999999999999936,26.999999999999936,True,False,False
2021-03-10,43.7400016784668,-14.999999999999968,-14.999999999999968,True,False,False
2021-03-11,44.599998474121094,-34.999999999999964,-34.999999999999964,True,False,False
2021-03-12,44.349998474121094,19.00000000000006,19.00000000000006,True,False,False
2021-03-15,44.2599983215332,11.999999999999966,11.999999999999966,True,False,False
2021-03-16,43.83000183105469,26.0,26.0,True,False,False
2021-03-17,43.81999969482422,25.499999999999943,25.499999999999943,True,False,False
2021-03-18,40.470001220703125,-0.4999999999999116,-0.4999999999999116,True,False,False
2021-03-19,41.77000045776367,26.499999999999922,26.499999999999922,False,False,True
2021-03-22,41.709999084472656,0.0,0.0,False,False,False
2021-03-23,39.369998931884766,-17.499999999999886,-17.499999999999886,True,True,False
2021-03-24,41.45000076293945,-12.5,-12.5,True,False,False
2021-03-25,39.88999938964844,-2.5000000000000355,-2.5000000000000355,True,False,False
2021-03-26,41.529998779296875,5.000000000000071,5.000000000000071,True,False,False
2021-03-29,41.91999816894531,5.999999999999961,5.999999999999961,True,False,False
2021-03-30,41.16999816894531,31.99999999999994,31.99999999999994,True,False,False
2021-03-31,40.529998779296875,1.9999999999999574,1.9999999999999574,True,False,False
2021-04-01,41.84000015258789,3.0000000000001137,3.0000000000001137,True,False,False
2021-04-05,40.279998779296875,34.500000000000064,34.500000000000064,True,False,False
2021-04-06,40.70000076293945,8.999999999999986,8.999999999999986,True,False,False
2021-04-07,40.86000061035156,12.99999999999999,12.99999999999999,True,False,False
2021-04-08,40.81999969482422,2.999999999999936,2.999999999999936,True,False,False
2021-04-09,40.63999938964844,15.50000000000007,15.50000000000007,True,False,False
2021-04-12,40.900001525878906,6.49999999999995,6.49999999999995,True,False,False
2021-04-13,41.400001525878906,-0.9999999999999787,-0.9999999999999787,True,False,False
2021-04-14,43.040000915527344,-55.00000000000005,-55.00000000000005,True,False,False
2021-04-15,43.27000045776367,-7.499999999999973,-7.499999999999973,True,False,False
2021-04-16,43.18000030517578,-161.49999999999994,-161.49999999999994,False,False,True
2021-04-19,43.31999969482422,0.0,0.0,False,False,False
2021-04-20,42.7400016784668,0.0,0.0,False,False,False
2021-04-21,41.77000045776367,-12.5,-12.5,True,True,False
2021-04-22,42.09000015258789,7.500000000000018,7.500000000000018,True,False,False
2021-04-23,42.459999084472656,10.000000000000053,10.000000000000053,True,False,False
2021-04-26,42.33000183105469,7.500000000000018,7.500000000000018,True,False,False
2021-04-27,43.11000061035156,4.0000000000000036,4.0000000000000036,True,False,False
2021-04-28,43.529998779296875,-6.500000000000039,-6.500000000000039,True,False,False
2021-04-29,44.2599983215332,-20.999999999999996,-20.999999999999996,True,False,False
2021-04-30,43.27000045776367,30.500000000000014,30.500000000000014,True,False,False
2021-05-03,43.97999954223633,-10.999999999999943,-10.999999999999943,True,False,False
2021-05-04,44.869998931884766,-22.000000000000064,-22.000000000000064,True,False,False
2021-05-05,44.65999984741211,7.4999999999998845,7.4999999999998845,True,False,False
2021-05-06,44.40999984741211,14.000000000000012,14.000000000000012,True,False,False
2021-05-07,44.43000030517578,18.50000000000005,18.50000000000005,True,False,False
2021-05-10,44.47999954223633,-3.500000000000014,-3.500000000000014,True,False,False
2021-05-11,44.869998931884766,-3.000000000000025,-3.000000000000025,True,False,False
2021-05-12,45.220001220703125,-9.499999999999954,-9.499999999999954,True,False,False
2021-05-13,43.810001373291016,56.49999999999993,56.49999999999993,True,False,False
2021-05-14,44.709999084472656,-29.999999999999936,-29.999999999999936,False,False,True
2021-05-17,45.38999938964844,0.0,0.0,False,False,False
2021-05-18,44.84000015258789,0.0,0.0,False,False,False
2021-05-19,43.43000030517578,0.0,0.0,False,False,False
2021-05-20,42.47999954223633,-15.0,-15.0,True,True,False
2021-05-21,43.70000076293945,15.000000000000036,15.000000000000036,True,False,False
2021-05-24,45.02000045776367,-16.500000000000092,-16.500000000000092,True,False,False
2021-05-25,44.91999816894531,4.4999999999999485,4.4999999999999485,True,False,False
2021-05-26,45.20000076293945,4.500000000000037,4.500000000000037,True,False,False
2021-05-27,45.54999923706055,-7.500000000000018,-7.500000000000018,True,False,False
2021-05-28,45.41999816894531,10.999999999999943,10.999999999999943,True,False,False
2021-06-01,46.33000183105469,-33.99999999999994,-33.99999999999994,True,False,False
2021-06-02,46.900001525878906,-20.000000000000018,-20.000000000000018,True,False,False
2021-06-03,46.970001220703125,-3.0000000000001026,-3.0000000000001026,True,False,False
2021-06-04,47.2599983215332,-10.000000000000009,-10.000000000000009,True,False,False
2021-06-07,47.27000045776367,18.00000000000003,18.00000000000003,True,False,False
2021-06-08,47.880001068115234,-51.49999999999999,-51.49999999999999,True,False,False
2021-06-09,47.58000183105469,28.500000000000092,28.500000000000092,True,False,False
2021-06-10,47.83000183105469,-20.000000000000085,-20.000000000000085,True,False,False
2021-06-11,48.06999969482422,-22.99999999999992,-22.99999999999992,False,False,True
2021-06-14,48.31999969482422,0.0,0.0,False,False,False
2021-06-15,48.97999954223633,0.0,0.0,False,False,False
2021-06-16,48.75,0.0,0.0,False,False,False
2021-06-17,48.040000915527344,0.0,0.0,False,False,False
2021-06-18,48.36000061035156,-7.5,-7.5,True,True,False
2021-06-21,49.36000061035156,-8.999999999999986,-8.999999999999986,True,False,False
2021-06-22,49.41999816894531,7.000000000000073,7.000000000000073,True,False,False
2021-06-23,49.720001220703125,8.999999999999986,8.999999999999986,True,False,False
2021-06-24,49.84000015258789,9.500000000000064,9.500000000000064,True,False,False
2021-06-25,50.25,0.9999999999999343,0.9999999999999343,True,False,False
2021-06-28,49.540000915527344,23.500000000000032,23.500000000000032,True,False,False
2021-06-29,49.88999938964844,-2.499999999999991,-2.499999999999991,True,False,False
2021-06-30,49.880001068115234,1.499999999999968,1.499999999999968,True,False,False
2021-07-01,50.619998931884766,-13.999999999999968,-13.999999999999968,True,False,False
2021-07-02,50.93000030517578,-18.000000000000014,-18.000000000000014,True,False,False
2021-07-06,49.900001525878906,38.49999999999998,38.49999999999998,True,False,False
2021-07-07,48.65999984741211,16.999999999999993,16.999999999999993,True,False,False
2021-07-08,49.52000045776367,15.500000000000025,15.500000000000025,True,False,False
2021-07-09,50.40999984741211,-13.499999999999934,-13.499999999999934,False,False,True
2021-07-12,50.310001373291016,0.0,0.0,False,False,False
2021-07-13,51.150001525878906,0.0,0.0,False,False,False
2021-07-14,49.70000076293945,0.0,0.0,False,False,False
2021-07-15,49.040000915527344,0.0,0.0,False,False,False
2021-07-16,49.13999938964844,0.0,0.0,False,False,False
2021-07-19,45.84000015258789,-15.0,-15.0,True,True,False
2021-07-20,46.5099983215332,30.00000000000007,30.00000000000007,True,False,False
2021-07-21,48.27000045776367,-26.500000000000057,-26.500000000000057,True,False,False
2021-07-22,49.16999816894531,-18.999999999999993,-18.999999999999993,True,False,False
2021-07-23,49.470001220703125,-3.0000000000001137,-3.0000000000001137,True,False,False
2021-07-26,49.66999816894531,-2.4999999999999245,-2.4999999999999245,True,False,False
2021-07-27,49.470001220703125,14.999999999999947,14.999999999999947,True,False,False
2021-07-28,49.720001220703125,-3.000000000000025,-3.000000000000025,True,False,False
2021-07-29,50.63999938964844,-48.999999999999886,-48.999999999999886,True,False,False
2021-07-30,50.65999984741211,1.9999999999999574,1.9999999999999574,True,False,False
2021-08-02,49.18000030517578,84.99999999999999,84.99999999999999,True,False,False
2021-08-03,48.849998474121094,19.500000000000117,19.500000000000117,True,False,False
2021-08-04,47.20000076293945,33.49999999999997,33.49999999999997,True,False,False
2021-08-05,48.099998474121094,-1.9999999999999574,-1.9999999999999574,True,False,False
2021-08-06,47.56999969482422,16.500000000000092,16.500000000000092,True,False,False
2021-08-09,46.599998474121094,11.000000000000032,11.000000000000032,True,False,False
2021-08-10,47.68000030517578,3.500000000000103,3.500000000000103,True,False,False
2021-08-11,48.29999923706055,-3.4999999999999254,-3.4999999999999254,True,False,False
2021-08-12,48.099998474121094,20.500000000000075,20.500000000000075,True,False,False
2021-08-13,47.43000030517578,9.999999999999966,9.999999999999966,False,False,True
2021-08-16,47.040000915527344,0.0,0.0,False,False,False
2021-08-17,46.58000183105469,-10.0,-10.0,True,True,False
2021-08-18,45.400001525878906,-7.499999999999929,-7.499999999999929,True,False,False
2021-08-19,44.77000045776367,-1.5000000000000568,-1.5000000000000568,True,False,False
2021-08-20,43.43000030517578,-34.999999999999964,-34.999999999999964,True,False,False
2021-08-23,45.849998474121094,69.00000000000004,69.00000000000004,True,False,False
2021-08-24,47.369998931884766,7.500000000000018,7.500000000000018,True,False,False
2021-08-25,47.810001373291016,2.999999999999936,2.999999999999936,True,False,False
2021-08-26,47.47999954223633,12.99999999999999,12.99999999999999,True,False,False
2021-08-27,48.150001525878906,-7.999999999999918,-7.999999999999918,True,False,False
2021-08-30,48.400001525878906,12.5,12.5,True,False,False
2021-08-31,48.040000915527344,6.49999999999995,6.49999999999995,True,False,False
2021-09-01,47.93000030517578,12.00000000000001,12.00000000000001,True,False,False
2021-09-02,48.95000076293945,-17.99999999999997,-17.99999999999997,True,False,False
2021-09-03,48.65999984741211,14.999999999999991,14.999999999999991,True,False,False
2021-09-07,48.040000915527344,25.00000000000009,25.00000000000009,True,False,False
2021-09-08,48.59000015258789,-8.50000000000004,-8.50000000000004,True,False,False
2021-09-09,47.75,14.999999999999991,14.999999999999991,True,False,False
2021-09-10,48.79999923706055,-21.999999999999996,-21.999999999999996,False,False,True
2021-09-13,49.47999954223633,0.0,0.0,False,False,False
2021-09-14,49.310001373291016,0.0,0.0,False,False,False
2021-09-15,50.689998626708984,-12.5,-12.5,True,True,False
2021-09-16,50.70000076293945,2.5000000000000355,2.5000000000000355,True,False,False
2021-09-17,50.31999969482422,10.000000000000053,10.000000000000053,True,False,False
2021-09-20,49.599998474121094,-21.500000000000075,-21.500000000000075,True,False,False
2021-09-21,49.58000183105469,23.500000000000032,23.500000000000032,True,False,False
2021-09-22,50.47999954223633,23.000000000000043,23.000000000000043,True,False,False
2021-09-23,51.380001068115234,-8.881784197001252e-14,-8.881784197001252e-14,True,False,False
2021-09-24,51.81999969482422,-1.9999999999999574,-1.9999999999999574,True,False,False
2021-09-27,52.90999984741211,-21.499999999999943,-21.499999999999943,True,False,False
2021-09-28,52.400001525878906,6.49999999999995,6.49999999999995,True,False,False
2021-09-29,52.31999969482422,10.499999999999998,10.499999999999998,True,False,False
2021-09-30,52.560001373291016,-12.499999999999956,-12.499999999999956,True,False,False
2021-10-01,53.2599983215332,-3.500000000000014,-3.500000000000014,True,False,False
2021-10-04,54.4900016784668,-45.000000000000014,-45.000000000000014,True,False,False
2021-10-05,55.630001068115234,-67.49999999999999,-67.49999999999999,True,False,False
2021-10-06,54.15999984741211,97.00000000000001,97.00000000000001,True,False,False
2021-10-07,55.36000061035156,-66.5,-66.5,True,False,False
2021-10-08,55.470001220703125,-12.499999999999956,-12.499999999999956,False,False,True
2021-10-11,56.18000030517578,0.0,0.0,False,False,False
2021-10-12,56.11000061035156,0.0,0.0,False,False,False
2021-10-13,56.15999984741211,0.0,0.0,False,False,False
2021-10-14,56.810001373291016,-17.499999999999886,-17.499999999999886,True,True,False
2021-10-15,57.150001525878906,7.499999999999929,7.499999999999929,True,False,False
2021-10-18,56.959999084472656,12.500000000000178,12.500000000000178,True,False,False
2021-10-19,57.41999816894531,12.499999999999911,12.499999999999911,True,False,False
2021-10-20,58.119998931884766,1.7763568394002505e-13,1.7763568394002505e-13,True,False,False
2021-10-21,57.40999984741211,2.4999999999999467,2.4999999999999467,True,False,False
2021-10-22,58.029998779296875,7.499999999999929,7.499999999999929,True,False,False
2021-10-25,57.83000183105469,12.5,12.5,True,False,False
2021-10-26,58.45000076293945,12.499999999999911,12.499999999999911,True,False,False
2021-10-27,56.900001525878906,2.4999999999999467,2.4999999999999467,True,False,False
2021-10-28,57.400001525878906,12.5,12.5,True,False,False
2021-10-29,57.150001525878906,2.5000000000000355,2.5000000000000355,True,False,False
2021-11-01,57.529998779296875,17.499999999999982,17.499999999999982,True,False,False
2021-11-02,57.529998779296875,5.000000000000071,5.000000000000071,True,False,False
2021-11-03,55.34000015258789,-32.5000000000002,-32.5000000000002,True,False,False
2021-11-04,54.91999816894531,1.0000000000000675,1.0000000000000675,True,False,False
2021-11-05,56.54999923706055,26.499999999999922,26.499999999999922,False,False,True
2021-11-08,57.09000015258789,0.0,0.0,False,False,False
2021-11-09,57.970001220703125,0.0,0.0,False,False,False
2021-11-10,56.31999969482422,0.0,0.0,False,False,False
2021-11-11,56.220001220703125,0.0,0.0,False,False,False
2021-11-12,55.97999954223633,-15.0,-15.0,True,True,False
2021-11-15,56.06999969482422,17.499999999999893,17.499999999999893,True,False,False
2021-11-16,56.20000076293945,20.000000000000018,20.000000000000018,True,False,False
2021-11-17,55.0,12.499999999999956,12.499999999999956,True,False,False
2021-11-18,55.54999923706055,9.999999999999964,9.999999999999964,True,False,False
2021-11-19,53.779998779296875,-39.99999999999994,-39.99999999999994,True,False,False
2021-11-22,54.45000076293945,33.50000000000017,33.50000000000017,True,False,False
2021-11-23,56.20000076293945,21.499999999999897,21.499999999999897,True,False,False
2021-11-24,55.880001068115234,10.000000000000053,10.000000000000053,True,False,False
2021-11-26,49.630001068115234,-331.0000000000001,-331.0000000000001,True,False,False
2021-11-29,50.16999816894531,83.00000000000018,83.00000000000018,True,False,False
2021-11-30,47.90999984741211,-136.50000000000003,-136.50000000000003,True,False,False
2021-12-01,47.040000915527344,-76.99999999999996,-76.99999999999996,True,False,False
2021-12-02,48.290000915527344,110.99999999999994,110.99999999999994,True,False,False
2021-12-03,48.0,-54.50000000000009,-54.50000000000009,False,False,True
2021-12-06,50.5099983215332,0.0,0.0,False,False,False
2021-12-07,51.59000015258789,0.0,0.0,False,False,False
2021-12-08,52.41999816894531,0.0,0.0,False,False,False
2021-12-09,51.02000045776367,0.0,0.0,False,False,False
2021-12-10,52.029998779296875,0.0,0.0,False,False,False
2021-12-13,51.439998626708984,-27.5,-27.5,True,True,False
2021-12-14,50.91999816894531,-32.500000000000014,-32.500000000000014,True,False,False
2021-12-15,51.619998931884766,47.49999999999987,47.49999999999987,True,False,False
2021-12-16,51.869998931884766,7.500000000000018,7.500000000000018,True,False,False
2021-12-17,50.779998779296875,-7.500000000000107,-7.500000000000107,True,False,False
2021-12-20,49.900001525878906,-17.499999999999982,-17.499999999999982,True,False,False
2021-12-21,51.56999969482422,42.49999999999989,42.49999999999989,True,False,False
2021-12-22,52.47999954223633,-4.999999999999982,-4.999999999999982,True,False,False
2021-12-23,53.130001068115234,61.00000000000012,61.00000000000012,True,False,False
2021-12-27,54.52000045776367,-67.00000000000017,-67.00000000000017,True,False,False
2021-12-28,54.66999816894531,5.999999999999961,5.999999999999961,True,False,False
2021-12-29,55.08000183105469,-1.000000000000023,-1.000000000000023,True,False,False
2021-12-30,55.099998474121094,9.999999999999986,9.999999999999986,True,False,False
2021-12-31,54.36000061035156,30.500000000000107,30.500000000000107,True,False,False
2022-01-03,54.83000183105469,9.499999999999975,9.499999999999975,True,False,False
2022-01-04,55.59000015258789,-31.000000000000316,-31.000000000000316,True,False,False
2022-01-05,55.43000030517578,52.00000000000023,52.00000000000023,True,False,False
2022-01-06,56.88999938964844,-115.50000000000003,-115.50000000000003,True,False,False
2022-01-07,56.66999816894531,13.999999999999934,13.999999999999934,False,False,True
2022-01-10,56.15999984741211,0.0,0.0,False,False,False
2022-01-11,58.15999984741211,-27.5,-27.5,True,True,False
2022-01-12,58.90999984741211,-7.499999999999929,-7.499999999999929,True,False,False
2022-01-13,58.27000045776367,62.49999999999982,62.49999999999982,True,False,False
2022-01-14,59.970001220703125,-117.4999999999998,-117.4999999999998,True,False,False
2022-01-18,60.970001220703125,-10.499999999999954,-10.499999999999954,True,False,False
2022-01-19,61.04999923706055,7.999999999999918,7.999999999999918,True,False,False
2022-01-20,60.65999984741211,24.0000000000002,24.0000000000002,True,False,False
2022-01-21,60.779998779296875,-0.49999999999998934,-0.49999999999998934,True,False,False
2022-01-24,60.11000061035156,18.99999999999995,18.99999999999995,True,False,False
2022-01-25,60.970001220703125,-23.999999999999844,-23.999999999999844,True,False,False
2022-01-26,61.68000030517578,-13.500000000000068,-13.500000000000068,True,False,False
2022-01-27,61.86000061035156,5.000000000000071,5.000000000000071,True,False,False
2022-01-28,61.970001220703125,2.4999999999999023,2.4999999999999023,True,False,False
2022-01-31,62.47999954223633,11.500000000000021,11.500000000000021,True,False,False
2022-02-01,62.529998779296875,13.5,13.5,True,False,False
2022-02-02,62.52000045776367,0.5000000000000338,0.5000000000000338,True,False,False
2022-02-03,63.5099983215332,-60.9999999999999,-60.9999999999999,True,False,False
2022-02-04,64.91000366210938,-108.50000000000006,-108.50000000000006,False,False,True
2022-02-07,64.68000030517578,0.0,0.0,False,False,False
2022-02-08,63.619998931884766,0.0,0.0,False,False,False
2022-02-09,64.16999816894531,-75.0,-75.0,True,True,False
2022-02-10,63.959999084472656,52.500000000000036,52.500000000000036,True,False,False
2022-02-11,65.73999786376953,-82.50000000000011,-82.50000000000011,True,False,False
2022-02-14,66.36000061035156,4.999999999999982,4.999999999999982,True,False,False
2022-02-15,64.27999877929688,45.000000000000014,45.000000000000014,True,False,False
2022-02-16,63.540000915527344,9.999999999999964,9.999999999999964,True,False,False
2022-02-17,64.16999816894531,-47.50000000000014,-47.50000000000014,True,False,False
2022-02-18,64.73999786376953,12.5,12.5,True,False,False
2022-02-22,65.54000091552734,40.00000000000013,40.00000000000013,True,False,False
2022-02-23,66.23999786376953,-2.5000000000001243,-2.5000000000001243,True,False,False
2022-02-24,66.33999633789062,17.50000000000007,17.50000000000007,True,False,False
2022-02-25,65.80000305175781,19.99999999999993,19.99999999999993,True,False,False
2022-02-28,67.4800033569336,-32.49999999999993,-32.49999999999993,True,False,False
2022-03-01,71.81999969482422,-210.00000000000014,-210.00000000000014,True,False,False
2022-03-02,75.41999816894531,-293.49999999999994,-293.49999999999994,True,False,False
2022-03-03,74.52999877929688,85.99999999999979,85.99999999999979,True,False,False
2022-03-04,79.45999908447266,-474.00000000000006,-474.00000000000006,False,False,True
2022-03-07,82.37000274658203,0.0,0.0,False,False,False
2022-03-08,85.43000030517578,0.0,0.0,False,False,False
2022-03-09,75.47000122070312,0.0,0.0,False,False,False
2022-03-10,74.05999755859375,-82.5,-82.5,True,True,False
2022-03-11,76.4000015258789,2.500000000000213,2.500000000000213,True,False,False
2022-03-14,72.83999633789062,87.5,87.5,True,False,False
2022-03-15,68.62999725341797,-59.99999999999979,-59.99999999999979,True,False,False
2022-03-16,68.27999877929688,42.50000000000007,42.50000000000007,True,False,False
2022-03-17,73.68000030517578,25.0,25.0,True,False,False
2022-03-18,74.63999938964844,19.99999999999993,19.99999999999993,True,False,False
2022-03-21,79.54000091552734,-27.499999999999858,-27.499999999999858,True,False,False
2022-03-22,78.55999755859375,64.99999999999986,64.99999999999986,True,False,False
2022-03-23,81.94999694824219,-109.99999999999979,-109.99999999999979,True,False,False
2022-03-24,79.75,112.5,112.5,True,False,False
2022-03-25,80.73999786376953,22.499999999999964,22.499999999999964,True,False,False
2022-03-28,74.52999877929688,110.00000000000014,110.00000000000014,True,False,False
2022-03-29,76.1500015258789,42.50000000000007,42.50000000000007,True,False,False
2022-03-30,77.91000366210938,9.999999999999964,9.999999999999964,True,False,False
2022-03-31,74.12000274658203,30.00000000000007,30.00000000000007,True,False,False
2022-04-01,74.16999816894531,-5.000000000000071,-5.000000000000071,False,False,True
2022-04-04,76.86000061035156,0.0,0.0,False,False,False
2022-04-05,74.80000305175781,0.0,0.0,False,False,False
2022-04-06,73.05000305175781,0.0,0.0,False,False,False
2022-04-07,73.11000061035156,0.0,0.0,False,False,False
2022-04-08,74.11000061035156,-32.5,-32.5,True,True,False
2022-04-11,72.30000305175781,25.000000000000355,25.000000000000355,True,False,False
2022-04-12,75.9800033569336,12.500000000000178,12.500000000000178,True,False,False
2022-04-13,78.41999816894531,-10.000000000000142,-10.000000000000142,True,False,False
2022-04-14,79.56999969482422,-35.00000000000014,-35.00000000000014,True,False,False
2022-04-18,80.41000366210938,20.000000000000107,20.000000000000107,True,False,False
2022-04-19,76.86000061035156,109.99999999999997,109.99999999999997,True,False,False
2022-04-20,77.23999786376953,10.000000000000053,10.000000000000053,True,False,False
2022-04-21,78.12000274658203,14.999999999999947,14.999999999999947,True,False,False
2022-04-22,76.30999755859375,27.500000000000036,27.500000000000036,True,False,False
2022-04-25,74.6500015258789,22.500000000000142,22.500000000000142,True,False,False
2022-04-26,76.45999908447266,-15.000000000000036,-15.000000000000036,True,False,False
2022-04-27,76.37000274658203,27.499999999999858,27.499999999999858,True,False,False
2022-04-28,78.08000183105469,-5.000000000000071,-5.000000000000071,True,False,False
2022-04-29,77.16000366210938,-2.499999999999858,-2.499999999999858,False,False,True
2022-05-02,78.37999725341797,0.0,0.0,False,False,False
2022-05-03,76.69000244140625,0.0,0.0,False,False,False
2022-05-04,80.22000122070312,0.0,0.0,False,False,False
2022-05-05,80.4800033569336,0.0,0.0,False,False,False
2022-05-06,82.12999725341797,0.0,0.0,False,False,False
2022-05-09,76.56999969482422,-35.00000000000023,-35.00000000000023,True,True,False
2022-05-10,74.52999877929688,12.5,12.5,True,False,False
2022-05-11,78.18000030517578,34.99999999999979,34.99999999999979,True,False,False
2022-05-12,79.2300033569336,10.000000000000142,10.000000000000142,True,False,False
2022-05-13,81.27999877929688,-10.000000000000142,-10.000000000000142,True,False,False
2022-05-16,83.11000061035156,-9.999999999999876,-9.999999999999876,True,False,False
2022-05-17,81.11000061035156,60.00000000000014,60.00000000000014,True,False,False
2022-05-18,79.29000091552734,37.50000000000018,37.50000000000018,True,False,False
2022-05-19,80.58000183105469,-9.999999999999964,-9.999999999999964,True,False,False
2022-05-20,81.6500015258789,12.5,12.5,True,False,False
2022-05-23,81.97000122070312,27.499999999999858,27.499999999999858,True,False,False
2022-05-24,82.0,32.50000000000011,32.50000000000011,True,False,False
2022-05-25,82.4800033569336,14.999999999999947,14.999999999999947,True,False,False
2022-05-26,84.58999633789062,-87.50000000000009,-87.50000000000009,True,False,False
2022-05-27,85.45999908447266,-25.000000000000266,-25.000000000000266,True,False,False
2022-05-31,85.47000122070312,10.999999999999854,10.999999999999854,True,False,False
2022-06-01,85.54000091552734,15.000000000000435,15.000000000000435,True,False,False
2022-06-02,87.25,-60.00000000000006,-60.00000000000006,True,False,False
2022-06-03,89.47000122070312,-150.99999999999994,-150.99999999999994,False,False,True
2022-06-06,88.38999938964844,0.0,0.0,False,False,False
2022-06-07,90.04000091552734,-29.999999999999773,-29.999999999999773,True,True,False
2022-06-08,91.98999786376953,40.000000000000036,40.000000000000036,True,False,False
2022-06-09,91.08000183105469,7.499999999999929,7.499999999999929,True,False,False
2022-06-10,90.12999725341797,30.00000000000007,30.00000000000007,True,False,False
2022-06-13,90.36000061035156,-22.500000000000142,-22.500000000000142,True,False,False
2022-06-14,88.44999694824219,2.499999999999858,2.499999999999858,True,False,False
2022-06-15,86.93000030517578,7.500000000000107,7.500000000000107,True,False,False
2022-06-16,87.66000366210938,32.49999999999975,32.49999999999975,True,False,False
2022-06-17,83.33999633789062,-150.00000000000017,-150.00000000000017,True,False,False
2022-06-21,84.05000305175781,95.00000000000028,95.00000000000028,True,False,False
2022-06-22,80.87999725341797,-150.4999999999999,-150.4999999999999,True,False,False
2022-06-23,78.9800033569336,-93.50000000000023,-93.50000000000023,True,False,False
2022-06-24,81.2699966430664,133.00000000000017,133.00000000000017,True,False,False
2022-06-27,82.93000030517578,123.49999999999994,123.49999999999994,True,False,False
2022-06-28,84.72000122070312,82.50000000000028,82.50000000000028,True,False,False
2022-06-29,82.94999694824219,-61.50000000000002,-61.50000000000002,True,False,False
2022-06-30,80.3499984741211,-140.49999999999977,-140.49999999999977,True,False,False
2022-07-01,81.66999816894531,103.50000000000003,103.50000000000003,False,False,True
2022-07-05,74.77999877929688,0.0,0.0,False,False,False
2022-07-06,73.66999816894531,-37.5,-37.5,True,True,False
2022-07-07,76.55000305175781,-37.500000000000355,-37.500000000000355,True,False,False
2022-07-08,78.54000091552734,-7.500000000000018,-7.500000000000018,True,False,False
2022-07-11,78.2300033569336,-7.499999999999751,-7.499999999999751,True,False,False
2022-07-12,72.80999755859375,104.99999999999989,104.99999999999989,True,False,False
2022-07-13,73.19000244140625,25.0,25.0,True,False,False
2022-07-14,72.8499984741211,-2.5000000000000355,-2.5000000000000355,True,False,False
2022-07-15,73.73999786376953,42.499999999999716,42.499999999999716,True,False,False
2022-07-18,76.80999755859375,-32.50000000000011,-32.50000000000011,True,False,False
2022-07-19,78.05000305175781,-5.00000000000016,-5.00000000000016,True,False,False
2022-07-20,77.63999938964844,20.000000000000284,20.000000000000284,True,False,False
2022-07-21,75.48999786376953,52.500000000000036,52.500000000000036,True,False,False
2022-07-22,74.52999877929688,39.99999999999986,39.99999999999986,True,False,False
2022-07-25,76.22000122070312,14.99999999999968,14.99999999999968,True,False,False
2022-07-26,75.16000366210938,20.000000000000107,20.000000000000107,True,False,False
2022-07-27,77.87000274658203,-12.500000000000178,-12.500000000000178,True,False,False
2022-07-28,77.12999725341797,12.499999999999911,12.499999999999911,True,False,False
2022-07-29,78.05000305175781,-50.000000000000085,-50.000000000000085,False,False,True
2022-08-01,75.12999725341797,0.0,0.0,False,False,False
2022-08-02,75.93000030517578,0.0,0.0,False,False,False
2022-08-03,73.52999877929688,0.0,0.0,False,False,False
2022-08-04,71.52999877929688,-35.00000000000023,-35.00000000000023,True,True,False
2022-08-05,71.54000091552734,17.50000000000007,17.50000000000007,True,False,False
2022-08-08,73.54000091552734,9.999999999999964,9.999999999999964,True,False,False
2022-08-09,73.44999694824219,32.500000000000014,32.500000000000014,True,False,False
2022-08-10,74.31999969482422,12.5,12.5,True,False,False
2022-08-11,76.27999877929688,-42.49999999999989,-42.49999999999989,True,False,False
2022-08-12,74.9800033569336,30.00000000000007,30.00000000000007,True,False,False
2022-08-15,72.87999725341797,49.99999999999982,49.99999999999982,True,False,False
2022-08-16,71.23999786376953,-0.0,-0.0,True,False,False
2022-08-17,72.05000305175781,17.50000000000007,17.50000000000007,True,False,False
2022-08-18,74.20999908447266,-5.000000000000071,-5.000000000000071,True,False,False
2022-08-19,74.05999755859375,-2.499999999999858,-2.499999999999858,True,False,False
2022-08-22,74.68000030517578,14.999999999999858,14.999999999999858,True,False,False
2022-08-23,76.83000183105469,-42.49999999999989,-42.49999999999989,True,False,False
2022-08-24,78.04000091552734,-26.5000000000001,-26.5000000000001,True,False,False
2022-08-25,76.5,71.50000000000017,71.50000000000017,True,False,False
2022-08-26,75.8499984741211,-2.499999999999993,-2.499999999999993,False,False,True
2022-08-29,78.69000244140625,0.0,0.0,False,False,False
2022-08-30,75.47000122070312,0.0,0.0,False,False,False
2022-08-31,73.11000061035156,0.0,0.0,False,False,False
2022-09-01,70.94999694824219,0.0,0.0,False,False,False
2022-09-02,71.43000030517578,-42.49999999999977,-42.49999999999977,True,True,False
2022-09-06,71.41999816894531,57.49999999999975,57.49999999999975,True,False,False
2022-09-07,67.62000274658203,-37.50000000000018,-37.50000000000018,True,False,False
2022-09-08,68.08999633789062,30.00000000000007,30.00000000000007,True,False,False
2022-09-09,71.0999984741211,72.49999999999997,72.49999999999997,True,False,False
2022-09-12,72.37000274658203,7.500000000000107,7.500000000000107,True,False,False
2022-09-13,72.01000213623047,4.999999999999982,4.999999999999982,True,False,False
2022-09-14,72.7300033569336,-4.999999999999893,-4.999999999999893,True,False,False
2022-09-15,69.76000213623047,37.499999999999915,37.499999999999915,True,False,False
2022-09-16,69.9000015258789,25.0,25.0,True,False,False
2022-09-19,70.05000305175781,7.500000000000107,7.500000000000107,True,False,False
2022-09-20,69.22000122070312,7.499999999999929,7.499999999999929,True,False,False
2022-09-21,68.68000030517578,-0.0,-0.0,True,False,False
2022-09-22,68.97000122070312,22.499999999999964,22.499999999999964,True,False,False
2022-09-23,65.31999969482422,-131.50000000000003,-131.50000000000003,False,False,True
2022-09-26,63.20000076293945,0.0,0.0,False,False,False
2022-09-27,64.41999816894531,0.0,0.0,False,False,False
2022-09-28,67.12999725341797,0.0,0.0,False,False,False
2022-09-29,66.7699966430664,0.0,0.0,False,False,False
2022-09-30,65.27999877929688,0.0,0.0,False,False,False
2022-10-03,67.88999938964844,-25.0,-25.0,True,True,False
2022-10-04,70.27999877929688,-17.499999999999716,-17.499999999999716,True,False,False
2022-10-05,71.94000244140625,-2.5000000000000355,-2.5000000000000355,True,False,False
2022-10-06,72.98999786376953,5.000000000000071,5.000000000000071,True,False,False
2022-10-07,75.0999984741211,-92.50000000000007,-92.50000000000007,True,False,False
2022-10-10,73.77999877929688,92.50000000000007,92.50000000000007,True,False,False
2022-10-11,71.75,87.50000000000017,87.50000000000017,True,False,False
2022-10-12,70.93000030517578,19.99999999999993,19.99999999999993,True,False,False
2022-10-13,72.5199966430664,-17.499999999999982,-17.499999999999982,True,False,False
2022-10-14,70.16999816894531,57.500000000000284,57.500000000000284,True,False,False
2022-10-17,70.12999725341797,22.499999999999964,22.499999999999964,True,False,False
2022-10-18,68.69999694824219,44.99999999999993,44.99999999999993,True,False,False
2022-10-19,70.04000091552734,14.999999999999858,14.999999999999858,True,False,False
2022-10-20,70.18000030517578,2.500000000000213,2.500000000000213,True,False,False
2022-10-21,70.56999969482422,17.499999999999893,17.499999999999893,True,False,False
2022-10-24,70.37999725341797,20.000000000000107,20.000000000000107,True,False,False
2022-10-25,70.61000061035156,7.499999999999929,7.499999999999929,True,False,False
2022-10-26,72.97000122070312,-42.50000000000007,-42.50000000000007,True,False,False
2022-10-27,73.62000274658203,12.500000000000089,12.500000000000089,True,False,False
2022-10-28,72.81999969482422,2.4999999999999005,2.4999999999999005,False,False,True
2022-10-31,71.52999877929688,0.0,0.0,False,False,False
2022-11-01,73.12000274658203,-42.50000000000023,-42.50000000000023,True,True,False
2022-11-02,74.08000183105469,1.7763568394002505e-13,1.7763568394002505e-13,True,False,False
2022-11-03,73.29000091552734,30.00000000000007,30.00000000000007,True,False,False
2022-11-04,76.81999969482422,-34.999999999999964,-34.999999999999964,True,False,False
2022-11-07,76.55999755859375,55.000000000000156,55.000000000000156,True,False,False
2022-11-08,74.47000122070312,37.5,37.5,True,False,False
2022-11-09,71.66999816894531,8.881784197001252e-14,8.881784197001252e-14,True,False,False
2022-11-10,72.23999786376953,32.49999999999993,32.49999999999993,True,False,False
2022-11-11,74.37999725341797,32.49999999999993,32.49999999999993,True,False,False
2022-11-14,71.91000366210938,-12.5,-12.5,True,False,False
2022-11-15,73.25,7.500000000000107,7.500000000000107,True,False,False
2022-11-16,72.04000091552734,17.499999999999893,17.499999999999893,True,False,False
2022-11-17,70.13999938964844,-24.999999999999822,-24.999999999999822,True,False,False
2022-11-18,69.02999877929688,-19.500000000000206,-19.500000000000206,True,False,False
2022-11-21,69.02999877929688,3.500000000000014,3.500000000000014,True,False,False
2022-11-22,69.9800033569336,43.50000000000023,43.50000000000023,True,False,False
2022-11-23,67.41000366210938,-105.99999999999987,-105.99999999999987,True,False,False
2022-11-25,66.95999908447266,-1.0000000000001137,-1.0000000000001137,False,False,True
2022-11-28,66.87999725341797,0.0,0.0,False,False,False
2022-11-29,68.33999633789062,0.0,0.0,False,False,False
2022-11-30,70.2300033569336,-50.0,-50.0,True,True,False
2022-12-01,70.44999694824219,25.0,25.0,True,False,False
2022-12-02,69.83999633789062,12.500000000000089,12.500000000000089,True,False,False
2022-12-05,67.72000122070312,-7.500000000000018,-7.500000000000018,True,False,False
2022-12-06,65.2300033569336,-59.00000000000016,-59.00000000000016,True,False,False
2022-12-07,63.650001525878906,-86.99999999999974,-86.99999999999974,True,False,False
2022-12-08,62.709999084472656,-48.50000000000012,-48.50000000000012,True,False,False
2022-12-09,62.849998474121094,31.500000000000128,31.500000000000128,True,False,False
2022-12-12,64.41000366210938,97.99999999999986,97.99999999999986,True,False,False
2022-12-13,65.86000061035156,80.49999999999997,80.49999999999997,True,False,False
2022-12-14,67.36000061035156,69.49999999999986,69.49999999999986,True,False,False
2022-12-15,66.1500015258789,-23.999999999999844,-23.999999999999844,True,False,False
2022-12-16,64.9000015258789,-37.0000000000001,-37.0000000000001,True,False,False
2022-12-19,66.06999969482422,74.5000000000001,74.5000000000001,True,False,False
2022-12-20,66.22000122070312,21.999999999999886,21.999999999999886,True,False,False
2022-12-21,68.05999755859375,69.50000000000003,69.50000000000003,True,False,False
2022-12-22,67.69999694824219,-12.500000000000178,-12.500000000000178,True,False,False
2022-12-23,69.31999969482422,2.5000000000001243,2.5000000000001243,False,False,True
2022-12-27,69.52999877929688,0.0,0.0,False,False,False
2022-12-28,68.58000183105469,0.0,0.0,False,False,False
2022-12-29,68.52999877929688,-20.0,-20.0,True,True,False
2022-12-30,70.11000061035156,7.500000000000018,7.500000000000018,True,False,False
2023-01-03,67.63999938964844,5.000000000000071,5.000000000000071,True,False,False
2023-01-04,64.30000305175781,-75.0,-75.0,True,False,False
2023-01-05,64.77999877929688,47.499999999999964,47.499999999999964,True,False,False
2023-01-06,64.83000183105469,20.500000000000007,20.500000000000007,True,False,False
2023-01-09,65.87999725341797,64.49999999999996,64.49999999999996,True,False,False
2023-01-10,65.9000015258789,19.99999999999993,19.99999999999993,True,False,False
2023-01-11,68.05000305175781,35.00000000000006,35.00000000000006,True,False,False
2023-01-12,68.61000061035156,34.99999999999987,34.99999999999987,True,False,False
2023-01-13,70.05000305175781,4.999999999999982,4.999999999999982,True,False,False
2023-01-17,70.86000061035156,8.881784197001252e-14,8.881784197001252e-14,True,False,False
2023-01-18,69.51000213623047,37.499999999999865,37.499999999999865,True,False,False
2023-01-19,70.58999633789062,-7.500000000000018,-7.500000000000018,True,False,False
2023-01-20,71.55000305175781,-21.99999999999993,-21.99999999999993,False,False,True
2023-01-23,71.5,0.0,0.0,False,False,False
2023-01-24,70.22000122070312,0.0,0.0,False,False,False
2023-01-25,70.51000213623047,0.0,0.0,False,False,False
2023-01-26,70.93000030517578,0.0,0.0,False,False,False
2023-01-27,69.5,-35.0,-35.0,True,True,False
2023-01-30,68.0999984741211,-9.999999999999964,-9.999999999999964,True,False,False
2023-01-31,69.31999969482422,39.99999999999986,39.99999999999986,True,False,False
2023-02-01,67.36000061035156,10.000000000000053,10.000000000000053,True,False,False
2023-02-02,66.56999969482422,-22.499999999999964,-22.499999999999964,True,False,False
2023-02-03,64.4000015258789,-63.499999999999886,-63.499999999999886,True,False,False
2023-02-06,65.5,47.000000000000064,47.000000000000064,True,False,False
2023-02-07,67.76000213623047,86.50000000000003,86.50000000000003,True,False,False
2023-02-08,68.68000030517578,15.000000000000036,15.000000000000036,True,False,False
2023-02-09,67.91999816894531,7.499999999999929,7.499999999999929,True,False,False
2023-02-10,69.87000274658203,17.499999999999982,17.499999999999982,True,False,False
2023-02-13,69.5,10.000000000000053,10.000000000000053,True,False,False
2023-02-14,69.4000015258789,17.50000000000007,17.50000000000007,True,False,False
2023-02-15,69.0199966430664,12.5,12.5,True,False,False
2023-02-16,68.44999694824219,2.5000000000000355,2.5000000000000355,True,False,False
2023-02-17,67.0199966430664,-50.000000000000135,-50.000000000000135,False,False,True
2023-02-21,66.69000244140625,0.0,0.0,False,False,False
2023-02-22,64.91999816894531,0.0,0.0,False,False,False
2023-02-23,66.37999725341797,0.0,0.0,False,False,False
2023-02-24,67.0999984741211,0.0,0.0,False,False,False
2023-02-27,66.25,-37.5,-37.5,True,True,False
2023-02-28,67.20999908447266,25.0,25.0,True,False,False
2023-03-01,68.06999969482422,-15.000000000000124,-15.000000000000124,True,False,False
2023-03-02,68.30000305175781,17.50000000000007,17.50000000000007,True,False,False
2023-03-03,69.86000061035156,-22.499999999999964,-22.499999999999964,True,False,False
2023-03-06,70.48999786376953,7.499999999999973,7.499999999999973,True,False,False
2023-03-07,67.8499984741211,67.49999999999989,67.49999999999989,True,False,False
2023-03-08,67.0999984741211,10.000000000000053,10.000000000000053,True,False,False
2023-03-09,66.23999786376953,2.5000000000000355,2.5000000000000355,True,False,False
2023-03-10,67.13999938964844,-15.000000000000036,-15.000000000000036,True,False,False
2023-03-13,65.25,-7.499999999999929,-7.499999999999929,True,False,False
2023-03-14,62.93000030517578,-85.00000000000006,-85.00000000000006,True,False,False
2023-03-15,60.02000045776367,-118.99999999999977,-118.99999999999977,True,False,False
2023-03-16,60.04999923706055,21.999999999999886,21.999999999999886,True,False,False
2023-03-17,58.65999984741211,-104.00000000000027,-104.00000000000027,True,False,False
2023-03-20,59.790000915527344,96.49999999999999,96.49999999999999,True,False,False
2023-03-21,61.22999954223633,102.99999999999994,102.99999999999994,True,False,False
2023-03-22,61.61000061035156,65.00000000000021,65.00000000000021,True,False,False
2023-03-23,60.9900016784668,-39.500000000000135,-39.500000000000135,True,False,False
2023-03-24,60.959999084472656,-34.49999999999995,-34.49999999999995,False,False,True
2023-03-27,64.1500015258789,0.0,0.0,False,False,False
2023-03-28,64.55000305175781,-30.000000000000227,-30.000000000000227,True,True,False
2023-03-29,64.1500015258789,10.000000000000142,10.000000000000142,True,False,False
2023-03-30,65.31999969482422,17.50000000000007,17.50000000000007,True,False,False
2023-03-31,66.44000244140625,5.00000000000016,5.00000000000016,True,False,False
2023-04-03,70.2699966430664,-101.00000000000007,-101.00000000000007,True,False,False
2023-04-04,70.2699966430664,-0.4999999999998117,-0.4999999999998117,True,False,False
2023-04-05,70.23999786376953,10.500000000000087,10.500000000000087,True,False,False
2023-04-06,70.26000213623047,32.49999999999997,32.49999999999997,True,False,False
2023-04-10,69.76000213623047,39.500000000000135,39.500000000000135,True,False,False
2023-04-11,71.06999969482422,-54.00000000000005,-54.00000000000005,True,False,False
2023-04-12,72.43000030517578,-82.50000000000006,-82.50000000000006,True,False,False
2023-04-13,71.80000305175781,67.49999999999991,67.49999999999991,True,False,False
2023-04-14,72.08999633789062,-18.00000000000006,-18.00000000000006,True,False,False
2023-04-17,70.83999633789062,93.9999999999999,93.9999999999999,True,False,False
2023-04-18,70.7300033569336,16.999999999999925,16.999999999999925,True,False,False
2023-04-19,69.30000305175781,82.5000000000002,82.5000000000002,True,False,False
2023-04-20,67.5999984741211,54.0,54.0,True,False,False
2023-04-21,68.20999908447266,-10.000000000000098,-10.000000000000098,False,False,True
2023-04-24,69.25,0.0,0.0,False,False,False
2023-04-25,67.62000274658203,0.0,0.0,False,False,False
2023-04-26,65.36000061035156,-25.0,-25.0,True,True,False
2023-04-27,65.80999755859375,27.500000000000036,27.500000000000036,True,False,False
2023-04-28,67.5,5.000000000000071,5.000000000000071,True,False,False
2023-05-01,66.55000305175781,27.500000000000036,27.500000000000036,True,False,False
2023-05-02,63.04999923706055,-20.000000000000107,-20.000000000000107,True,False,False
2023-05-03,60.310001373291016,-96.9999999999998,-96.9999999999998,True,False,False
2023-05-04,60.70000076293945,-1.5000000000004121,-1.5000000000004121,True,False,False
2023-05-05,63.029998779296875,131.00000000000023,131.00000000000023,True,False,False
2023-05-08,64.26000213623047,45.000000000000014,45.000000000000014,True,False,False
2023-05-09,64.87000274658203,15.000000000000124,15.000000000000124,True,False,False
2023-05-10,64.38999938964844,2.5000000000000355,2.5000000000000355,True,False,False
2023-05-11,63.25,-14.999999999999947,-14.999999999999947,True,False,False
2023-05-12,62.06999969482422,-24.5000000000001,-24.5000000000001,True,False,False
2023-05-15,62.9900016784668,46.000000000000085,46.000000000000085,True,False,False
2023-05-16,62.540000915527344,-4.499999999999993,-4.499999999999993,True,False,False
2023-05-17,64.5999984741211,42.99999999999997,42.99999999999997,True,False,False
2023-05-18,64.04000091552734,10.000000000000142,10.000000000000142,True,False,False
2023-05-19,63.900001525878906,-25.00000000000009,-25.00000000000009,False,False,True
2023-05-22,63.90999984741211,0.0,0.0,False,False,False
2023-05-23,64.87000274658203,0.0,0.0,False,False,False
2023-05-24,65.66000366210938,0.0,0.0,False,False,False
2023-05-25,64.08999633789062,-22.5,-22.5,True,True,False
2023-05-26,64.80000305175781,-0.0,-0.0,True,False,False
2023-05-30,62.29999923706055,-0.0,-0.0,True,False,False
2023-05-31,60.630001068115234,-46.499999999999986,-46.499999999999986,True,False,False
2023-06-01,62.54999923706055,56.50000000000013,56.50000000000013,True,False,False
2023-06-02,64.1500015258789,2.499999999999858,2.499999999999858,True,False,False
2023-06-05,64.02999877929688,49.999999999999915,49.999999999999915,True,False,False
2023-06-06,63.790000915527344,12.5,12.5,True,False,False
2023-06-07,64.70999908447266,25.0,25.0,True,False,False
2023-06-08,63.459999084472656,12.5,12.5,True,False,False
2023-06-09,62.93000030517578,-0.0,-0.0,True,False,False
2023-06-12,60.2400016784668,-73.49999999999994,-73.49999999999994,True,False,False
2023-06-13,62.13999938964844,72.99999999999986,72.99999999999986,True,False,False
2023-06-14,61.83000183105469,2.5000000000000355,2.5000000000000355,True,False,False
2023-06-15,63.40999984741211,45.499999999999915,45.499999999999915,True,False,False
2023-06-16,64.3499984741211,-7.499999999999929,-7.499999999999929,False,False,True
2023-06-20,63.91999816894531,0.0,0.0,False,False,False
2023-06-21,65.04000091552734,0.0,0.0,False,False,False
2023-06-22,62.52000045776367,0.0,0.0,False,False,False
2023-06-23,62.41999816894531,-20.000000000000114,-20.000000000000114,True,True,False
2023-06-26,62.72999954223633,4.999999999999982,4.999999999999982,True,False,False
2023-06-27,61.29999923706055,-0.0,-0.0,True,False,False
2023-06-28,62.52000045776367,25.0,25.0,True,False,False
2023-06-29,62.959999084472656,17.50000000000007,17.50000000000007,True,False,False
2023-06-30,63.54999923706055,9.999999999999964,9.999999999999964,True,False,False
2023-07-03,63.38999938964844,12.499999999999822,12.499999999999822,True,False,False
2023-07-05,64.62999725341797,-13.999999999999968,-13.999999999999968,True,False,False
2023-07-06,64.44000244140625,28.500000000000014,28.500000000000014,True,False,False
2023-07-07,65.8499984741211,-32.50000000000015,-32.50000000000015,True,False,False
2023-07-10,65.54000091552734,19.49999999999994,19.49999999999994,True,False,False
2023-07-11,67.02999877929688,-58.5,-58.5,True,False,False
2023-07-12,67.87000274658203,-41.000000000000014,-41.000000000000014,True,False,False
2023-07-13,69.08999633789062,-75.00000000000007,-75.00000000000007,True,False,False
2023-07-14,67.47000122070312,90.0,90.0,False,False,True
2023-07-17,66.58000183105469,0.0,0.0,False,False,False
2023-07-18,67.95999908447266,0.0,0.0,False,False,False
2023-07-19,67.69000244140625,0.0,0.0,False,False,False
2023-07-20,68.05000305175781,0.0,0.0,False,False,False
2023-07-21,68.98999786376953,0.0,0.0,False,False,False
2023-07-24,70.69000244140625,-20.0,-20.0,True,True,False
2023-07-25,71.16000366210938,2.5000000000000355,2.5000000000000355,True,False,False
2023-07-26,70.66000366210938,19.99999999999993,19.99999999999993,True,False,False
2023-07-27,71.43000030517578,2.499999999999858,2.499999999999858,True,False,False
2023-07-28,72.08999633789062,7.500000000000018,7.500000000000018,True,False,False
2023-07-31,73.16999816894531,-13.99999999999988,-13.99999999999988,True,False,False
2023-08-01,72.95999908447266,15.500000000000025,15.500000000000025,True,False,False
2023-08-02,71.4800033569336,18.500000000000092,18.500000000000092,True,False,False
2023-08-03,73.13999938964844,-26.500000000000057,-26.500000000000057,True,False,False
2023-08-04,73.79000091552734,1.0000000000001563,1.0000000000001563,True,False,False
2023-08-07,73.81999969482422,17.999999999999883,17.999999999999883,True,False,False
2023-08-08,74.05999755859375,6.999999999999984,6.999999999999984,True,False,False
2023-08-09,75.0999984741211,-56.99999999999985,-56.99999999999985,True,False,False
2023-08-10,74.19999694824219,55.49999999999986,55.49999999999986,True,False,False
2023-08-11,74.25,7.000000000000162,7.000000000000162,True,False,False
2023-08-14,73.80999755859375,34.49999999999997,34.49999999999997,True,False,False
2023-08-15,72.62000274658203,33.0000000000001,33.0000000000001,True,False,False
2023-08-16,71.37000274658203,15.000000000000036,15.000000000000036,True,False,False
2023-08-17,71.9800033569336,9.999999999999964,9.999999999999964,True,False,False
2023-08-18,72.79000091552734,-13.000000000000036,-13.000000000000036,False,False,True
2023-08-21,72.58000183105469,0.0,0.0,False,False,False
2023-08-22,72.27999877929688,-22.5,-22.5,True,True,False
2023-08-23,71.36000061035156,24.999999999999822,24.999999999999822,True,False,False
2023-08-24,71.41000366210938,-2.4999999999999467,-2.4999999999999467,True,False,False
2023-08-25,72.44999694824219,57.500000000000014,57.500000000000014,True,False,False
2023-08-28,72.41000366210938,-27.500000000000036,-27.500000000000036,True,False,False
2023-08-29,73.31999969482422,2.5000000000000355,2.5000000000000355,True,False,False
2023-08-30,73.66000366210938,52.999999999999936,52.999999999999936,True,False,False
2023-08-31,75.05999755859375,-75.0,-75.0,True,False,False
2023-09-01,76.91999816894531,-95.5,-95.5,True,False,False
2023-09-05,77.76000213623047,-35.00000000000001,-35.00000000000001,True,False,False
2023-09-06,78.5199966430664,-46.499999999999986,-46.499999999999986,True,False,False
2023-09-07,77.94999694824219,52.000000000000114,52.000000000000114,True,False,False
2023-09-08,78.30000305175781,-25.0000000000002,-25.0000000000002,True,False,False
2023-09-11,78.37000274658203,18.500000000000128,18.500000000000128,True,False,False
2023-09-12,79.69999694824219,-122.00000000000016,-122.00000000000016,True,False,False
2023-09-13,79.68000030517578,13.499999999999934,13.499999999999934,True,False,False
2023-09-14,81.12000274658203,-120.4999999999999,-120.4999999999999,True,False,False
2023-09-15,81.29000091552734,-28.0000000000001,-28.0000000000001,False,False,True
2023-09-18,81.44999694824219,0.0,0.0,False,False,False
2023-09-19,81.5,0.0,0.0,False,False,False
2023-09-20,80.13999938964844,-15.0,-15.0,True,True,False
2023-09-21,80.41000366210938,-15.000000000000124,-15.000000000000124,True,False,False
2023-09-22,80.62999725341797,22.500000000000053,22.500000000000053,True,False,False
2023-09-25,80.38999938964844,17.50000000000007,17.50000000000007,True,False,False
2023-09-26,80.87999725341797,-10.000000000000142,-10.000000000000142,True,False,False
2023-09-27,82.9000015258789,-42.49999999999989,-42.49999999999989,True,False,False
2023-09-28,81.56999969482422,45.00000000000011,45.00000000000011,True,False,False
2023-09-29,80.86000061035156,12.499999999999911,12.499999999999911,True,False,False
2023-10-02,79.38999938964844,27.500000000000036,27.500000000000036,True,False,False
2023-10-03,79.93000030517578,-2.5000000000000355,-2.5000000000000355,True,False,False
2023-10-04,75.58999633789062,-122.00000000000006,-122.00000000000006,True,False,False
2023-10-05,73.98999786376953,-94.50000000000003,-94.50000000000003,True,False,False
2023-10-06,74.16000366210938,37.49999999999982,37.49999999999982,True,False,False
2023-10-09,77.12999725341797,120.99999999999991,120.99999999999991,True,False,False
2023-10-10,76.70999908447266,-7.499999999999929,-7.499999999999929,True,False,False
2023-10-11,75.66999816894531,-32.00000000000003,-32.00000000000003,True,False,False
2023-10-12,75.41999816894531,-4.999999999999893,-4.999999999999893,True,False,False
2023-10-13,78.98999786376953,82.49999999999983,82.49999999999983,False,False,True
2023-10-16,78.38999938964844,0.0,0.0,False,False,False
2023-10-17,78.80000305175781,0.0,0.0,False,False,False
2023-10-18,79.83999633789062,0.0,0.0,False,False,False
2023-10-19,81.68000030517578,-29.999999999999773,-29.999999999999773,True,True,False
2023-10-20,80.69999694824219,19.99999999999975,19.99999999999975,True,False,False
2023-10-23,78.88999938964844,22.500000000000142,22.500000000000142,True,False,False
2023-10-24,76.93000030517578,-44.99999999999993,-44.99999999999993,True,False,False
2023-10-25,78.45999908447266,2.5000000000000355,2.5000000000000355,True,False,False
2023-10-26,76.88999938964844,-32.50000000000011,-32.50000000000011,True,False,False
2023-10-27,78.36000061035156,39.99999999999986,39.99999999999986,True,False,False
2023-10-30,76.05000305175781,-19.499999999999673,-19.499999999999673,True,False,False
2023-10-31,75.0199966430664,-32.500000000000284,-32.500000000000284,True,False,False
2023-11-01,74.75,16.000000000000014,16.000000000000014,True,False,False
2023-11-02,76.18000030517578,78.99999999999991,78.99999999999991,True,False,False
2023-11-03,74.8499984741211,-50.4999999999999,-50.4999999999999,True,False,False
2023-11-06,74.91000366210938,34.50000000000024,34.50000000000024,True,False,False
2023-11-07,71.80000305175781,-214.00000000000023,-214.00000000000023,True,False,False
2023-11-08,70.19000244140625,-138.99999999999972,-138.99999999999972,True,False,False
2023-11-09,70.25,5.000000000000071,5.000000000000071,True,False,False
2023-11-10,71.79000091552734,138.49999999999994,138.49999999999994,False,False,True
2023-11-13,72.91999816894531,0.0,0.0,False,False,False
2023-11-14,72.69000244140625,0.0,0.0,False,False,False
2023-11-15,71.33999633789062,0.0,0.0,False,False,False
2023-11-16,68.05000305175781,0.0,0.0,False,False,False
2023-11-17,70.75,-12.500000000000227,-12.500000000000227,True,True,False
2023-11-20,72.30000305175781,30.00000000000007,30.00000000000007,True,False,False
2023-11-21,72.52999877929688,2.5000000000000355,2.5000000000000355,True,False,False
2023-11-22,71.61000061035156,-5.000000000000071,-5.000000000000071,True,False,False
2023-11-24,70.81999969482422,-9.999999999999964,-9.999999999999964,True,False,False
2023-11-27,69.95999908447266,22.499999999999964,22.499999999999964,True,False,False
2023-11-28,71.26000213623047,22.499999999999964,22.499999999999964,True,False,False
2023-11-29,72.5199966430664,-15.000000000000036,-15.000000000000036,True,False,False
2023-11-30,70.13999938964844,72.49999999999997,72.49999999999997,True,False,False
2023-12-01,69.23999786376953,-2.499999999999858,-2.499999999999858,True,False,False
2023-12-04,68.47000122070312,9.999999999999964,9.999999999999964,True,False,False
2023-12-05,67.58000183105469,-11.499999999999844,-11.499999999999844,True,False,False
2023-12-06,64.76000213623047,-144.99999999999994,-144.99999999999994,True,False,False
2023-12-07,65.11000061035156,62.0000000000001,62.0000000000001,True,False,False
2023-12-08,66.52999877929688,71.49999999999974,71.49999999999974,False,False,True
2023-12-11,66.80000305175781,0.0,0.0,False,False,False
2023-12-12,64.25,0.0,0.0,False,False,False
2023-12-13,65.33000183105469,0.0,0.0,False,False,False
2023-12-14,67.16000366210938,0.0,0.0,False,False,False
2023-12-15,67.1500015258789,0.0,0.0,False,False,False
2023-12-18,68.08999633789062,-12.499999999999773,-12.499999999999773,True,True,False
2023-12-19,69.36000061035156,17.499999999999805,17.499999999999805,True,False,False
2023-12-20,68.79000091552734,20.000000000000195,20.000000000000195,True,False,False
2023-12-21,69.02999877929688,14.999999999999858,14.999999999999858,True,False,False
2023-12-22,68.69000244140625,17.50000000000007,17.50000000000007,True,False,False
2023-12-26,70.20999908447266,-4.999999999999982,-4.999999999999982,True,False,False
2023-12-27,68.91999816894531,17.50000000000016,17.50000000000016,True,False,False
2023-12-28,67.18000030517578,2.4999999999999467,2.4999999999999467,True,False,False
2023-12-29,66.6500015258789,-2.4999999999999467,-2.4999999999999467,True,False,False
2024-01-02,65.7699966430664,-14.999999999999947,-14.999999999999947,True,False,False
2024-01-03,68.19000244140625,47.499999999999964,47.499999999999964,True,False,False
2024-01-04,67.56999969482422,12.5,12.5,True,False,False
2024-01-05,69.02999877929688,4.999999999999982,4.999999999999982,True,False,False
2024-01-08,66.4000015258789,9.999999999999876,9.999999999999876,True,False,False
2024-01-09,67.38999938964844,27.500000000000124,27.500000000000124,True,False,False
2024-01-10,66.55999755859375,-2.4999999999999467,-2.4999999999999467,True,False,False
2024-01-11,67.6500015258789,17.499999999999893,17.499999999999893,True,False,False
2024-01-12,68.0199966430664,-17.50000000000007,-17.50000000000007,False,False,True
2024-01-16,67.25,-17.5,-17.5,True,True,False
2024-01-17,67.94000244140625,17.50000000000007,17.50000000000007,True,False,False
2024-01-18,69.05999755859375,22.499999999999787,22.499999999999787,True,False,False
2024-01-19,68.81999969482422,4.999999999999982,4.999999999999982,True,False,False
2024-01-22,69.69000244140625,-2.499999999999858,-2.499999999999858,True,False,False
2024-01-23,69.66000366210938,25.00000000000009,25.00000000000009,True,False,False
2024-01-24,70.54000091552734,-2.5000000000001243,-2.5000000000001243,True,False,False
2024-01-25,72.2300033569336,-60.00000000000006,-60.00000000000006,True,False,False
2024-01-26,73.0999984741211,-51.49999999999988,-51.49999999999988,True,False,False
2024-01-29,72.05000305175781,58.999999999999766,58.999999999999766,True,False,False
2024-01-30,72.80999755859375,-17.499999999999936,-17.499999999999936,True,False,False
2024-01-31,70.91999816894531,82.50000000000011,82.50000000000011,True,False,False
2024-02-01,69.06999969482422,47.499999999999964,47.499999999999964,True,False,False
2024-02-02,67.51000213623047,12.5,12.5,True,False,False
2024-02-05,68.18000030517578,17.50000000000007,17.50000000000007,True,False,False
2024-02-06,68.80999755859375,10.000000000000053,10.000000000000053,True,False,False
2024-02-07,69.41999816894531,27.500000000000036,27.500000000000036,True,False,False
2024-02-08,71.5199966430664,-26.999999999999957,-26.999999999999957,True,False,False
2024-02-09,71.66999816894531,-93.99999999999999,-93.99999999999999,False,False,True
2024-02-12,72.11000061035156,0.0,0.0,False,False,False
2024-02-13,72.6500015258789,0.0,0.0,False,False,False
2024-02-14,71.55000305175781,-22.500000000000227,-22.500000000000227,True,True,False
2024-02-15,72.83999633789062,-8.881784197001252e-14,-8.881784197001252e-14,True,False,False
2024-02-16,73.41000366210938,10.000000000000142,10.000000000000142,True,False,False
2024-02-20,72.41999816894531,29.999999999999982,29.999999999999982,True,False,False
2024-02-21,73.19999694824219,5.000000000000071,5.000000000000071,True,False,False
2024-02-22,73.5999984741211,2.5000000000000355,2.5000000000000355,True,False,False
2024-02-23,71.91999816894531,22.499999999999964,22.499999999999964,True,False,False
2024-02-26,72.79000091552734,-1.7763568394002505e-13,-1.7763568394002505e-13,True,False,False
2024-02-27,73.8499984741211,-0.49999999999998934,-0.49999999999998934,True,False,False
2024-02-28,73.62000274658203,8.000000000000007,8.000000000000007,True,False,False
2024-02-29,73.36000061035156,9.999999999999964,9.999999999999964,True,False,False
2024-03-01,74.95999908447266,-53.5000000000001,-53.5000000000001,True,False,False
2024-03-04,74.01000213623047,62.0000000000001,62.0000000000001,True,False,False
2024-03-05,73.44999694824219,1.5000000000001457,1.5000000000001457,True,False,False
2024-03-06,74.33999633789062,-38.99999999999997,-38.99999999999997,True,False,False
2024-03-07,74.2300033569336,62.500000000000085,62.500000000000085,True,False,False
2024-03-08,73.36000061035156,-8.500000000000085,-8.500000000000085,False,False,True
2024-03-11,73.62000274658203,0.0,0.0,False,False,False
2024-03-12,73.3499984741211,0.0,0.0,False,False,False
2024-03-13,75.08999633789062,0.0,0.0,False,False,False
2024-03-14,76.30000305175781,-29.999999999999886,-29.999999999999886,True,True,False
2024-03-15,76.33000183105469,-84.99999999999997,-84.99999999999997,True,False,False
2024-03-18,77.9800033569336,80.00000000000016,80.00000000000016,True,False,False
2024-03-19,78.43000030517578,-71.99999999999997,-71.99999999999997,True,False,False
2024-03-20,77.25,117.00000000000004,117.00000000000004,True,False,False
2024-03-21,76.81999969482422,25.00000000000009,25.00000000000009,True,False,False
2024-03-22,76.68000030517578,25.999999999999844,25.999999999999844,True,False,False
2024-03-25,77.76000213623047,-24.499999999999833,-24.499999999999833,True,False,False
2024-03-26,77.29000091552734,30.99999999999996,30.99999999999996,True,False,False
2024-03-27,77.51000213623047,8.999999999999897,8.999999999999897,True,False,False
2024-03-28,78.7300033569336,-6.5000000000000835,-6.5000000000000835,True,False,False
2024-04-01,79.66999816894531,-40.99999999999993,-40.99999999999993,True,False,False
2024-04-02,80.79000091552734,-147.99999999999991,-147.99999999999991,True,False,False
2024-04-03,81.25,58.99999999999982,58.99999999999982,True,False,False
2024-04-04,82.2699966430664,-83.49999999999987,-83.49999999999987,True,False,False
2024-04-05,82.4000015258789,-171.5000000000001,-171.5000000000001,False,False,True
2024-04-08,82.19999694824219,0.0,0.0,False,False,False
2024-04-09,81.1500015258789,0.0,0.0,False,False,False
2024-04-10,82.08999633789062,0.0,0.0,False,False,False
2024-04-11,81.55000305175781,0.0,0.0,False,False,False
2024-04-12,81.52999877929688,-52.5,-52.5,True,True,False
2024-04-15,81.6500015258789,-20.000000000000018,-20.000000000000018,True,False,False
2024-04-16,81.33000183105469,-47.499999999999964,-47.499999999999964,True,False,False
2024-04-17,78.91000366210938,39.49999999999978,39.49999999999978,True,False,False
2024-04-18,78.77999877929688,28.500000000000192,28.500000000000192,True,False,False
2024-04-19,78.8499984741211,13.000000000000078,13.000000000000078,True,False,False
2024-04-22,78.77999877929688,49.500000000000014,49.500000000000014,True,False,False
2024-04-23,79.9800033569336,41.50000000000009,41.50000000000009,True,False,False
2024-04-24,79.63999938964844,10.000000000000053,10.000000000000053,True,False,False
2024-04-25,80.44000244140625,-24.499999999999922,-24.499999999999922,True,False,False
2024-04-26,80.38999938964844,56.49999999999986,56.49999999999986,True,False,False
2024-04-29,79.5,-10.499999999999865,-10.499999999999865,True,False,False
2024-04-30,78.37999725341797,13.99999999999988,13.99999999999988,True,False,False
2024-05-01,75.93000030517578,-184.49999999999997,-184.49999999999997,True,False,False
2024-05-02,75.93000030517578,-26.49999999999988,-26.49999999999988,True,False,False
2024-05-03,75.12999725341797,-172.49999999999997,-172.49999999999997,False,False,True
2024-05-06,75.66000366210938,0.0,0.0,False,False,False
2024-05-07,75.5,0.0,0.0,False,False,False
2024-05-08,76.11000061035156,0.0,0.0,False,False,False
2024-05-09,76.5199966430664,0.0,0.0,False,False,False
2024-05-10,75.30000305175781,0.0,0.0,False,False,False
2024-05-13,76.12999725341797,-22.499999999999886,-22.499999999999886,True,True,False
2024-05-14,75.20999908447266,-0.0,-0.0,True,False,False
2024-05-15,75.87999725341797,15.000000000000036,15.000000000000036,True,False,False
2024-05-16,76.25,9.999999999999876,9.999999999999876,True,False,False
2024-05-17,76.97000122070312,4.999999999999893,4.999999999999893,True,False,False
2024-05-20,76.7300033569336,15.000000000000124,15.000000000000124,True,False,False
2024-05-21,76.16000366210938,10.000000000000053,10.000000000000053,True,False,False
2024-05-22,74.87000274658203,-7.500000000000107,-7.500000000000107,True,False,False
2024-05-23,74.44999694824219,-57.49999999999993,-57.49999999999993,True,False,False
2024-05-24,75.3499984741211,72.49999999999987,72.49999999999987,True,False,False
2024-05-28,77.66000366210938,3.500000000000103,3.500000000000103,True,False,False
2024-05-29,76.56999969482422,16.500000000000004,16.500000000000004,True,False,False
2024-05-30,75.52999877929688,-4.999999999999982,-4.999999999999982,True,False,False
2024-05-31,74.81999969482422,-72.50000000000006,-72.50000000000006,True,False,False
2024-06-03,71.83000183105469,-5.000000000000071,-5.000000000000071,True,False,False
2024-06-04,71.08999633789062,-28.999999999999915,-28.999999999999915,True,False,False
2024-06-05,71.88999938964844,38.49999999999998,38.49999999999998,True,False,False
2024-06-06,73.26000213623047,24.50000000000001,24.50000000000001,True,False,False
2024-06-07,73.0199966430664,-24.49999999999993,-24.49999999999993,False,False,True
2024-06-10,75.45999908447266,0.0,0.0,False,False,False
2024-06-11,75.51000213623047,-37.5,-37.5,True,True,False
2024-06-12,75.9800033569336,12.500000000000044,12.500000000000044,True,False,False
2024-06-13,75.73999786376953,4.999999999999938,4.999999999999938,True,False,False
2024-06-14,76.08000183105469,2.5000000000000355,2.5000000000000355,True,False,False
2024-06-17,77.79000091552734,-29.000000000000004,-29.000000000000004,True,False,False
2024-06-18,78.66999816894531,29.999999999999982,29.999999999999982,True,False,False
2024-06-20,79.41000366210938,-47.99999999999996,-47.99999999999996,True,False,False
2024-06-21,78.6500015258789,1.4999999999999236,1.4999999999999236,True,False,False
2024-06-24,79.69999694824219,-4.500000000000037,-4.500000000000037,True,False,False
2024-06-25,78.9000015258789,-8.499999999999952,-8.499999999999952,True,False,False
2024-06-26,78.75,-11.9999999999999,-11.9999999999999,True,False,False
2024-06-27,79.91999816894531,2.000000000000024,2.000000000000024,True,False,False
2024-06-28,79.58999633789062,14.500000000000025,14.500000000000025,True,False,False
2024-07-01,81.54000091552734,-91.50000000000011,-91.50000000000011,True,False,False
2024-07-02,81.11000061035156,-11.999999999999854,-11.999999999999854,True,False,False
2024-07-03,81.2699966430664,72.0,72.0,True,False,False
2024-07-05,81.30999755859375,-223.00000000000006,-223.00000000000006,False,False,True
2024-07-08,80.41999816894531,0.0,0.0,False,False,False
2024-07-09,79.7699966430664,0.0,0.0,False,False,False
2024-07-10,80.4800033569336,-32.5,-32.5,True,True,False
2024-07-11,80.94000244140625,-2.50000000000008,-2.50000000000008,True,False,False
2024-07-12,80.25,15.000000000000036,15.000000000000036,True,False,False
2024-07-15,80.12000274658203,15.000000000000036,15.000000000000036,True,False,False
2024-07-16,79.05999755859375,-13.499999999999979,-13.499999999999979,True,False,False
2024-07-17,80.62000274658203,13.499999999999979,13.499999999999979,True,False,False
2024-07-18,79.9000015258789,2.50000000000008,2.50000000000008,True,False,False
2024-07-19,78.0,-41.50000000000005,-41.50000000000005,True,False,False
2024-07-22,77.62000274658203,-0.0,-0.0,True,False,False
2024-07-23,76.62000274658203,-62.5,-62.5,True,False,False
2024-07-24,76.80999755859375,58.00000000000001,58.00000000000001,True,False,False
2024-07-25,77.45999908447266,10.999999999999943,10.999999999999943,True,False,False
2024-07-26,76.11000061035156,-69.00000000000004,-69.00000000000004,True,False,False
2024-07-29,75.19000244140625,-67.49999999999989,-67.49999999999989,True,False,False
2024-07-30,74.45999908447266,-66.00000000000001,-66.00000000000001,True,False,False
2024-07-31,77.73999786376953,178.5000000000001,178.5000000000001,True,False,False
2024-08-01,76.29000091552734,-57.50000000000011,-57.50000000000011,True,False,False
2024-08-02,73.38999938964844,-432.0000000000001,-432.0000000000001,False,False,True
2024-08-05,73.22000122070312,0.0,0.0,False,False,False
2024-08-06,72.44999694824219,0.0,0.0,False,False,False
2024-08-07,74.69000244140625,0.0,0.0,False,False,False
2024-08-08,75.36000061035156,-42.5,-42.5,True,True,False
2024-08-09,76.22000122070312,25.00000000000009,25.00000000000009,True,False,False
2024-08-12,78.62999725341797,-44.99999999999993,-44.99999999999993,True,False,False
2024-08-13,77.63999938964844,52.49999999999986,52.49999999999986,True,False,False
2024-08-14,76.58999633789062,40.000000000000036,40.000000000000036,True,False,False
2024-08-15,77.41000366210938,-4.999999999999893,-4.999999999999893,True,False,False
2024-08-16,76.31999969482422,29.999999999999982,29.999999999999982,True,False,False
2024-08-19,74.37999725341797,2.5000000000000355,2.5000000000000355,True,False,False
2024-08-20,73.83000183105469,-2.5000000000000355,-2.5000000000000355,True,False,False
2024-08-21,72.5999984741211,-6.00000000000005,-6.00000000000005,True,False,False
2024-08-22,73.58000183105469,45.5000000000001,45.5000000000001,True,False,False
2024-08-23,75.55000305175781,17.999999999999883,17.999999999999883,True,False,False
2024-08-26,77.83000183105469,-9.999999999999787,-9.999999999999787,True,False,False
2024-08-27,76.48999786376953,79.99999999999994,79.99999999999994,True,False,False
2024-08-28,75.4800033569336,-59.999999999999964,-59.999999999999964,True,False,False
2024-08-29,76.7699966430664,25.0,25.0,True,False,False
2024-08-30,74.33999633789062,-97.50000000000009,-97.50000000000009,False,False,True
2024-09-03,71.08999633789062,0.0,0.0,False,False,False
2024-09-04,69.61000061035156,0.0,0.0,False,False,False
2024-09-05,69.88999938964844,0.0,0.0,False,False,False
2024-09-06,68.93000030517578,-42.500000000000114,-42.500000000000114,True,True,False
2024-09-09,69.2699966430664,19.99999999999993,19.99999999999993,True,False,False
2024-09-10,66.95999908447266,-35.00000000000006,-35.00000000000006,True,False,False
2024-09-11,67.8499984741211,29.999999999999982,29.999999999999982,True,False,False
2024-09-12,69.88999938964844,32.49999999999993,32.49999999999993,True,False,False
2024-09-13,69.83999633789062,15.000000000000036,15.000000000000036,True,False,False
2024-09-16,70.87999725341797,2.499999999999858,2.499999999999858,True,False,False
2024-09-17,71.72000122070312,-12.99999999999999,-12.99999999999999,True,False,False
2024-09-18,70.66000366210938,30.499999999999883,30.499999999999883,True,False,False
2024-09-19,72.75,-8.881784197001252e-14,-8.881784197001252e-14,True,False,False
2024-09-20,72.91999816894531,-25.99999999999998,-25.99999999999998,True,False,False
2024-09-23,72.25,57.00000000000016,57.00000000000016,True,False,False
2024-09-24,73.29000091552734,-41.500000000000185,-41.500000000000185,True,False,False
2024-09-25,71.4800033569336,74.50000000000006,74.50000000000006,True,False,False
2024-09-26,69.01000213623047,1.0000000000001563,1.0000000000001563,True,False,False
2024-09-27,70.2699966430664,-70.00000000000011,-70.00000000000011,False,False,True
2024-09-30,69.91999816894531,0.0,0.0,False,False,False
2024-10-01,72.11000061035156,0.0,0.0,False,False,False
2024-10-02,72.76000213623047,0.0,0.0,False,False,False
2024-10-03,75.7300033569336,0.0,0.0,False,False,False
2024-10-04,76.3499984741211,0.0,0.0,False,False,False
2024-10-07,79.19999694824219,-52.49999999999977,-52.49999999999977,True,True,False
2024-10-08,75.79000091552734,-15.000000000000036,-15.000000000000036,True,False,False
2024-10-09,75.25,-17.50000000000007,-17.50000000000007,True,False,False
2024-10-10,77.7699966430664,7.500000000000107,7.500000000000107,True,False,False
2024-10-11,77.48999786376953,-2.500000000000213,-2.500000000000213,True,False,False
2024-10-14,75.93000030517578,62.5,62.5,True,False,False
2024-10-15,72.76000213623047,-92.49999999999972,-92.49999999999972,True,False,False
2024-10-16,72.4000015258789,39.4999999999996,39.4999999999996,True,False,False
2024-10-17,72.62000274658203,-34.49999999999953,-34.49999999999953,True,False,False
2024-10-18,71.37999725341797,-36.0000000000003,-36.0000000000003,True,False,False
2024-10-21,72.26000213623047,-10.500000000000043,-10.500000000000043,True,False,False
2024-10-22,73.9800033569336,156.5000000000001,156.5000000000001,True,False,False
2024-10-23,73.55000305175781,-31.000000000000227,-31.000000000000227,True,False,False
2024-10-24,73.05999755859375,-0.999999999999801,-0.999999999999801,True,False,False
2024-10-25,74.2300033569336,42.00000000000017,42.00000000000017,True,False,False
2024-10-28,70.43000030517578,-134.50000000000023,-134.50000000000023,True,False,False
2024-10-29,69.66000366210938,-29.499999999999815,-29.499999999999815,True,False,False
2024-10-30,71.36000061035156,110.00000000000014,110.00000000000014,True,False,False
2024-10-31,73.08000183105469,68.49999999999987,68.49999999999987,True,False,False
2024-11-01,72.0199966430664,-123.49999999999991,-123.49999999999991,False,False,True
2024-11-04,74.29000091552734,0.0,0.0,False,False,False
2024-11-05,74.7300033569336,-307.4999999999999,-307.4999999999999,True,True,False
2024-11-06,74.54000091552734,-12.5,-12.5,True,False,False
2024-11-07,74.66000366210938,-29.999999999999893,-29.999999999999893,True,False,False
2024-11-08,73.12999725341797,104.00000000000009,104.00000000000009,True,False,False
2024-11-11,70.94000244140625,-69.00000000000013,-69.00000000000013,True,False,False
2024-11-12,70.69000244140625,37.5,37.5,True,False,False
2024-11-13,70.7300033569336,-14.000000000000057,-14.000000000000057,True,False,False
2024-11-14,71.29000091552734,53.000000000000114,53.000000000000114,True,False,False
2024-11-15,69.75,-57.50000000000011,-57.50000000000011,True,False,False
2024-11-18,72.06999969482422,6.00000000000005,6.00000000000005,True,False,False
2024-11-19,72.30999755859375,45.00000000000011,45.00000000000011,True,False,False
2024-11-20,72.0199966430664,28.999999999999915,28.999999999999915,True,False,False
2024-11-21,73.19999694824219,53.500000000000014,53.500000000000014,True,False,False
2024-11-22,74.25,72.49999999999997,72.49999999999997,True,False,False
2024-11-25,72.0999984741211,-60.99999999999994,-60.99999999999994,True,False,False
2024-11-26,71.61000061035156,-0.49999999999998934,-0.49999999999998934,True,False,False
2024-11-27,71.72000122070312,25.99999999999998,25.99999999999998,True,False,False
2024-11-29,71.61000061035156,-135.50000000000003,-135.50000000000003,False,False,True
2024-12-02,71.04000091552734,0.0,0.0,False,False,False
2024-12-03,73.04000091552734,0.0,0.0,False,False,False
2024-12-04,71.87999725341797,-247.5,-247.5,True,True,False
2024-12-05,71.47000122070312,34.999999999999964,34.999999999999964,True,False,False
2024-12-06,70.23999786376953,37.000000000000014,37.000000000000014,True,False,False
2024-12-09,71.16999816894531,41.99999999999999,41.99999999999999,True,False,False
2024-12-10,71.4000015258789,45.000000000000014,45.000000000000014,True,False,False
2024-12-11,73.33000183105469,-52.500000000000036,-52.500000000000036,True,False,False
2024-12-12,73.20999908447266,-34.00000000000003,-34.00000000000003,True,False,False
2024-12-13,74.20999908447266,42.99999999999997,42.99999999999997,True,False,False
2024-12-16,73.69999694824219,57.999999999999964,57.999999999999964,True,False,False
2024-12-17,73.30000305175781,-74.49999999999991,-74.49999999999991,True,False,False
2024-12-18,72.94000244140625,16.000000000000103,16.000000000000103,True,False,False
2024-12-19,72.61000061035156,32.49999999999997,32.49999999999997,True,False,False
2024-12-20,73.0999984741211,12.5,12.5,True,False,False
2024-12-23,73.05999755859375,-12.5,-12.5,True,False,False
2024-12-24,73.6500015258789,35.999999999999986,35.999999999999986,True,False,False
2024-12-26,73.12999725341797,-4.0000000000000036,-4.0000000000000036,True,False,False
2024-12-27,73.8499984741211,-114.99999999999994,-114.99999999999994,False,False,True
2024-12-30,74.81999969482422,0.0,0.0,False,False,False
2024-12-31,75.55000305175781,0.0,0.0,False,False,False
2025-01-02,76.93000030517578,-125.0,-125.0,True,True,False
2025-01-03,77.91999816894531,-64.5,-64.5,True,False,False
2025-01-06,77.30000305175781,51.49999999999997,51.49999999999997,True,False,False
2025-01-07,78.16999816894531,-62.000000000000014,-62.000000000000014,True,False,False
2025-01-08,77.30000305175781,38.99999999999997,38.99999999999997,True,False,False
2025-01-10,80.63999938964844,-130.4999999999999,-130.4999999999999,True,False,False
2025-01-13,82.2300033569336,-297.5,-297.5,False,False,True
2025-01-14,81.66999816894531,0.0,0.0,False,False,False
2025-01-15,84.33999633789062,0.0,0.0,False,False,False
2025-01-16,82.94000244140625,0.0,0.0,False,False,False
2025-01-17,82.5199966430664,0.0,0.0,False,False,False
2025-01-21,81.11000061035156,0.0,0.0,False,False,False
2025-01-22,80.43000030517578,0.0,0.0,False,False,False
2025-01-23,79.20999908447266,0.0,0.0,False,False,False
2025-01-24,79.5999984741211,0.0,0.0,False,False,False
2025-01-27,77.93000030517578,0.0,0.0,False,False,False
2025-01-28,78.86000061035156,0.0,0.0,False,False,False
2025-01-29,77.77999877929688,0.0,0.0,False,False,False
2025-01-30,77.75,0.0,0.0,False,False,False
2025-01-31,78.0199966430664,-242.5,-242.5,True,True,False
2025-02-03,77.81999969482422,-3.000000000000025,-3.000000000000025,True,False,False
2025-02-04,77.51000213623047,24.499999999999833,24.499999999999833,True,False,False
2025-02-05,76.08999633789062,-11.999999999999922,-11.999999999999922,True,False,False
2025-02-06,75.44999694824219,-25.00000000000009,-25.00000000000009,True,False,False
2025-02-07,75.86000061035156,47.000000000000064,47.000000000000064,True,False,False
2025-02-10,77.4000015258789,25.99999999999998,25.99999999999998,True,False,False
2025-02-11,78.2699966430664,22.499999999999964,22.499999999999964,True,False,False
2025-02-12,76.31999969482422,-14.499999999999957,-14.499999999999957,True,False,False
2025-02-13,76.38999938964844,12.5,12.5,True,False,False
2025-02-14,75.81999969482422,-5.500000000000149,-5.500000000000149,True,False,False
2025-02-18,76.95999908447266,51.49999999999997,51.49999999999997,True,False,False
2025-02-19,77.44999694824219,18.49999999999996,18.49999999999996,True,False,False
2025-02-20,77.76000213623047,25.0,25.0,True,False,False
2025-02-21,75.3499984741211,-130.99999999999991,-130.99999999999991,False,False,True
2025-02-24,75.97000122070312,0.0,0.0,False,False,False
2025-02-25,74.12999725341797,0.0,0.0,False,False,False
2025-02-26,73.8499984741211,0.0,0.0,False,False,False
2025-02-27,75.27999877929688,0.0,0.0,False,False,False
2025-02-28,75.22000122070312,0.0,0.0,False,False,False
2025-03-03,73.31999969482422,-214.9999999999999,-214.9999999999999,True,True,False
2025-03-04,73.30999755859375,-52.500000000000036,-52.500000000000036,True,False,False
2025-03-05,71.41999816894531,93.00000000000014,93.00000000000014,True,False,False
2025-03-06,71.12999725341797,-55.50000000000006,-55.50000000000006,True,False,False
2025-03-07,72.08999633789062,25.000000000000178,25.000000000000178,True,False,False
2025-03-10,70.88999938964844,-42.499999999999986,-42.499999999999986,True,False,False
2025-03-11,71.44999694824219,39.99999999999986,39.99999999999986,True,False,False
2025-03-12,72.80000305175781,47.49999999999987,47.49999999999987,True,False,False
2025-03-13,71.62000274658203,-7.499999999999751,-7.499999999999751,True,False,False
2025-03-14,72.27999877929688,-7.500000000000018,-7.500000000000018,True,False,False
2025-03-17,72.70999908447266,42.49999999999989,42.49999999999989,True,False,False
2025-03-18,72.20999908447266,-9.999999999999787,-9.999999999999787,True,False,False
2025-03-19,72.41999816894531,7.500000000000018,7.500000000000018,True,False,False
2025-03-20,73.7300033569336,27.499999999999947,27.499999999999947,True,False,False
2025-03-21,73.79000091552734,7.500000000000107,7.500000000000107,True,False,False
2025-03-24,74.87999725341797,15.000000000000036,15.000000000000036,True,False,False
2025-03-25,74.81999969482422,-7.500000000000018,-7.500000000000018,True,False,False
2025-03-26,75.41999816894531,32.00000000000003,32.00000000000003,True,False,False
2025-03-27,75.4800033569336,-6.49999999999995,-6.49999999999995,True,False,False
2025-03-28,74.7699966430664,-208.00000000000003,-208.00000000000003,False,False,True
2025-03-31,77.33000183105469,0.0,0.0,False,False,False
2025-04-01,77.08000183105469,-40.0,-40.0,True,True,False
2025-04-02,77.73999786376953,-14.999999999999858,-14.999999999999858,True,False,False
2025-04-03,72.25,-35.50000000000004,-35.50000000000004,True,False,False
2025-04-04,67.91999816894531,-359.4999999999999,-359.4999999999999,True,False,False
2025-04-07,65.9800033569336,-130.50000000000014,-130.50000000000014,True,False,False
2025-04-08,63.34000015258789,-380.4999999999998,-380.4999999999998,False,False,True
2025-04-09,67.58000183105469,0.0,0.0,False,False,False
2025-04-10,65.31999969482422,0.0,0.0,False,False,False
2025-04-11,66.45999908447266,0.0,0.0,False,False,False
2025-04-14,66.66000366210938,0.0,0.0,False,False,False
2025-04-15,66.4800033569336,0.0,0.0,False,False,False
2025-04-16,67.75,0.0,0.0,False,False,False
2025-04-17,69.4800033569336,0.0,0.0,False,False,False
2025-04-21,68.62000274658203,0.0,0.0,False,False,False
2025-04-22,69.37000274658203,0.0,0.0,False,False,False
2025-04-23,68.05000305175781,0.0,0.0,False,False,False
2025-04-24,68.45999908447266,0.0,0.0,False,False,False
2025-04-25,69.02999877929688,0.0,0.0,False,False,False
2025-04-28,67.76000213623047,0.0,0.0,False,False,False
2025-04-29,65.8499984741211,0.0,0.0,False,False,False
2025-04-30,63.560001373291016,-40.00000000000023,-40.00000000000023,True,True,False
2025-05-01,64.5199966430664,-2.4999999999999467,-2.4999999999999467,True,False,False
2025-05-02,64.01000213623047,22.500000000000142,22.500000000000142,True,False,False
2025-05-05,62.369998931884766,129.9999999999998,129.9999999999998,True,False,False
2025-05-06,64.5999984741211,-2.4999999999999467,-2.4999999999999467,True,False,False
2025-05-07,63.5099983215332,5.00000000000016,5.00000000000016,True,False,False
2025-05-08,65.5999984741211,12.5,12.5,True,False,False
2025-05-09,66.61000061035156,-22.499999999999876,-22.499999999999876,True,False,False
2025-05-12,67.5999984741211,2.4999999999996803,2.4999999999996803,True,False,False
2025-05-13,69.58999633789062,-87.99999999999999,-87.99999999999999,True,False,False
2025-05-14,68.7300033569336,53.5000000000001,53.5000000000001,True,False,False
2025-05-15,67.58999633789062,45.99999999999995,45.99999999999995,True,False,False
2025-05-16,68.0999984741211,-9.999999999999964,-9.999999999999964,True,False,False
2025-05-19,68.51000213623047,21.99999999999993,21.99999999999993,True,False,False
2025-05-20,68.66000366210938,8.000000000000052,8.000000000000052,True,False,False
2025-05-21,67.58999633789062,19.00000000000004,19.00000000000004,True,False,False
2025-05-22,67.13999938964844,23.999999999999932,23.999999999999932,True,False,False
2025-05-23,67.98999786376953,-20.500000000000007,-20.500000000000007,False,False,True
2025-05-27,67.27999877929688,0.0,0.0,False,False,False
2025-05-28,67.88999938964844,0.0,0.0,False,False,False
2025-05-29,67.19000244140625,-17.5,-17.5,True,True,False
2025-05-30,67.1500015258789,1.7763568394002505e-13,1.7763568394002505e-13,True,False,False
2025-06-02,69.55000305175781,2.499999999999858,2.499999999999858,True,False,False
2025-06-03,69.88999938964844,5.000000000000071,5.000000000000071,True,False,False
2025-06-04,69.33999633789062,35.00000000000014,35.00000000000014,True,False,False
2025-06-05,69.93000030517578,12.500000000000089,12.500000000000089,True,False,False
2025-06-06,71.37999725341797,-39.50000000000004,-39.50000000000004,True,False,False
2025-06-09,72.05000305175781,-21.000000000000043,-21.000000000000043,True,False,False
2025-06-10,71.5999984741211,42.99999999999997,42.99999999999997,True,False,False
2025-06-11,74.81999969482422,-223.9999999999999,-223.9999999999999,True,False,False
2025-06-12,75.05000305175781,-22.00000000000002,-22.00000000000002,True,False,False
2025-06-13,80.22000122070312,-504.49999999999983,-504.49999999999983,True,False,False
2025-06-16,78.58999633789062,196.4999999999997,196.4999999999997,True,False,False
2025-06-17,82.30000305175781,-614.9999999999998,-614.9999999999998,False,False,True
2025-06-18,82.2699966430664,0.0,0.0,False,False,False
2025-06-20,83.12000274658203,0.0,0.0,False,False,False
2025-06-23,76.41000366210938,0.0,0.0,False,False,False
2025-06-24,73.0,0.0,0.0,False,False,False
2025-06-25,73.30999755859375,0.0,0.0,False,False,False
2025-06-26,73.58999633789062,0.0,0.0,False,False,False
2025-06-27,73.27999877929688,-25.000000000000227,-25.000000000000227,True,True,False
2025-06-30,73.11000061035156,37.5,37.5,True,False,False
2025-07-01,73.93000030517578,42.49999999999989,42.49999999999989,True,False,False
2025-07-02,75.58999633789062,-52.49999999999994,-52.49999999999994,True,False,False
2025-07-03,75.19000244140625,19.99999999999993,19.99999999999993,True,False,False
2025-07-07,76.4800033569336,-8.881784197001252e-14,-8.881784197001252e-14,True,False,False
2025-07-08,76.95999908447266,5.000000000000071,5.000000000000071,True,False,False
2025-07-09,76.93000030517578,15.000000000000036,15.000000000000036,True,False,False
2025-07-10,75.38999938964844,84.99999999999997,84.99999999999997,True,False,False
2025-07-11,77.29000091552734,-87.99999999999982,-87.99999999999982,True,False,False
2025-07-14,75.62000274658203,48.00000000000013,48.00000000000013,True,False,False
2025-07-15,75.26000213623047,67.4999999999998,67.4999999999998,True,False,False
2025-07-16,75.19000244140625,-4.999999999999893,-4.999999999999893,True,False,False
2025-07-17,76.16000366210938,55.50000000000015,55.50000000000015,True,False,False
2025-07-18,75.93000030517578,-245.5,-245.5,False,False,True
2025-07-21,75.58999633789062,0.0,0.0,False,False,False
2025-07-22,75.3499984741211,0.0,0.0,False,False,False
2025-07-23,75.27999877929688,0.0,0.0,False,False,False
2025-07-24,76.08999633789062,0.0,0.0,False,False,False
2025-07-25,74.8499984741211,0.0,0.0,False,False,False
2025-07-28,77.16999816894531,-27.499999999999773,-27.499999999999773,True,True,False
2025-07-29,79.80000305175781,-52.50000000000021,-52.50000000000021,True,False,False
2025-07-30,81.04000091552734,-34.99999999999979,-34.99999999999979,True,False,False
2025-07-31,79.58999633789062,39.9999999999999,39.9999999999999,True,False,False
2025-08-01,77.45999908447266,7.500000000000195,7.500000000000195,True,False,False
2025-08-04,76.11000061035156,12.499999999999911,12.499999999999911,True,False,False
2025-08-05,75.0199966430664,52.500000000000036,52.500000000000036,True,False,False
2025-08-06,73.79000091552734,-37.5,-37.5,True,False,False
2025-08-07,73.41999816894531,-18.99999999999995,-18.99999999999995,True,False,False
2025-08-08,73.30000305175781,84.50000000000006,84.50000000000006,True,False,False
2025-08-11,73.80000305175781,-10.500000000000043,-10.500000000000043,True,False,False
2025-08-12,72.94999694824219,-42.99999999999997,-42.99999999999997,True,False,False
2025-08-13,72.45999908447266,-18.499999999999872,-18.499999999999872,True,False,False
2025-08-14,73.73999786376953,55.49999999999997,55.49999999999997,True,False,False
2025-08-15,72.80000305175781,-35.499999999999865,-35.499999999999865,True,False,False
2025-08-18,73.16999816894531,78.50000000000001,78.50000000000001,True,False,False
2025-08-19,72.30000305175781,-4.999999999999893,-4.999999999999893,True,False,False
2025-08-20,73.5199966430664,28.500000000000014,28.500000000000014,True,False,False
2025-08-21,74.12999725341797,82.00000000000003,82.00000000000003,True,False,False
2025-08-22,74.63999938964844,-202.49999999999986,-202.49999999999986,False,False,True
2025-08-25,75.75,0.0,0.0,False,False,False
2025-08-26,74.05000305175781,-17.5,-17.5,True,True,False
2025-08-27,74.68000030517578,15.000000000000036,15.000000000000036,True,False,False
2025-08-28,75.23999786376953,-87.50000000000009,-87.50000000000009,True,False,False
2025-08-29,74.83999633789062,97.50000000000006,97.50000000000006,True,False,False
2025-09-02,76.76000213623047,-22.500000000000142,-22.500000000000142,True,False,False
2025-09-03,74.83000183105469,35.00000000000006,35.00000000000006,True,False,False
2025-09-04,74.18000030517578,14.999999999999858,14.999999999999858,True,False,False
2025-09-05,72.62999725341797,4.999999999999982,4.999999999999982,True,False,False
2025-09-08,73.04000091552734,39.99999999999994,39.99999999999994,True,False,False
2025-09-09,73.38999938964844,15.000000000000036,15.000000000000036,True,False,False
2025-09-10,74.70999908447266,5.00000000000016,5.00000000000016,True,False,False
2025-09-11,73.0,9.999999999999876,9.999999999999876,True,False,False
2025-09-12,73.30999755859375,12.499999999999911,12.499999999999911,True,False,False
2025-09-15,74.2300033569336,14.999999999999947,14.999999999999947,True,False,False
2025-09-16,75.66999816894531,-22.499999999999964,-22.499999999999964,True,False,False
2025-09-17,74.97000122070312,25.0,25.0,True,False,False
2025-09-18,74.69000244140625,19.99999999999993,19.99999999999993,True,False,False
2025-09-19,73.5199966430664,-95.00000000000007,-95.00000000000007,False,False,True
2025-09-22,73.44999694824219,0.0,0.0,False,False,False
2025-09-23,75.05000305175781,0.0,0.0,False,False,False
2025-09-24,76.38999938964844,-15.0,-15.0,True,True,False
2025-09-25,76.98999786376953,-27.500000000000036,-27.500000000000036,True,False,False
2025-09-26,77.0199966430664,7.500000000000107,7.500000000000107,True,False,False
2025-09-29,74.58999633789062,17.499999999999893,17.499999999999893,True,False,False
2025-09-30,73.75,-9.999999999999964,-9.999999999999964,True,False,False
2025-10-01,73.13999938964844,-15.500000000000114,-15.500000000000114,True,False,False
2025-10-02,71.54000091552734,-82.99999999999983,-82.99999999999983,True,False,False
2025-10-03,71.70999908447266,23.499999999999943,23.499999999999943,True,False,False
2025-10-06,72.87000274658203,100.4999999999999,100.4999999999999,True,False,False
2025-10-07,73.19999694824219,28.000000000000114,28.000000000000114,True,False,False
2025-10-08,73.52999877929688,39.00000000000006,39.00000000000006,True,False,False
2025-10-09,72.51000213623047,-90.00000000000003,-90.00000000000003,True,False,False
2025-10-10,69.38999938964844,-164.49999999999994,-164.49999999999994,True,False,False
2025-10-13,70.27999877929688,118.99999999999994,118.99999999999994,True,False,False
2025-10-14,69.0,-123.00000000000004,-123.00000000000004,True,False,False
2025-10-15,68.98999786376953,-7.000000000000028,-7.000000000000028,True,False,False
2025-10-16,67.80999755859375,-99.5000000000001,-99.5000000000001,True,False,False
2025-10-17,67.9800033569336,-188.9999999999999,-188.9999999999999,False,False,True
2025-10-20,67.83000183105469,0.0,0.0,False,False,False
2025-10-21,68.2699966430664,0.0,0.0,False,False,False
2025-10-22,70.62999725341797,0.0,0.0,False,False,False
2025-10-23,73.29000091552734,-19.999999999999773,-19.999999999999773,True,True,False
2025-10-24,73.18000030517578,24.99999999999991,24.99999999999991,True,False,False
2025-10-27,73.12000274658203,79.99999999999989,79.99999999999989,True,False,False
2025-10-28,71.38999938964844,-45.000000000000014,-45.000000000000014,True,False,False
2025-10-29,71.80000305175781,17.499999999999982,17.499999999999982,True,False,False
2025-10-30,71.70999908447266,25.00000000000009,25.00000000000009,True,False,False
2025-10-31,72.55999755859375,4.999999999999982,4.999999999999982,True,False,False
2025-11-03,72.73999786376953,39.99999999999994,39.99999999999994,True,False,False
2025-11-04,71.93000030517578,-4.999999999999893,-4.999999999999893,True,False,False
2025-11-05,71.02999877929688,1.5000000000000568,1.5000000000000568,True,False,False
2025-11-06,70.87999725341797,-28.500000000000192,-28.500000000000192,True,False,False
2025-11-07,71.26000213623047,-40.500000000000114,-40.500000000000114,True,False,False
2025-11-10,71.68000030517578,75.00000000000017,75.00000000000017,True,False,False
2025-11-11,72.72000122070312,137.49999999999991,137.49999999999991,True,False,False
2025-11-12,69.79000091552734,-231.99999999999986,-231.99999999999986,True,False,False
2025-11-13,69.8499984741211,142.99999999999997,142.99999999999997,True,False,False
2025-11-14,71.37999725341797,-190.49999999999986,-190.49999999999986,False,False,True
2025-11-17,71.30000305175781,0.0,0.0,False,False,False
2025-11-18,72.5,0.0,0.0,False,False,False
2025-11-19,70.87999725341797,0.0,0.0,False,False,False
2025-11-20,70.1500015258789,0.0,0.0,False,False,False
2025-11-21,69.30000305175781,-15.0,-15.0,True,True,False
2025-11-24,70.41999816894531,2.5000000000001243,2.5000000000001243,True,False,False
2025-11-25,69.25,9.999999999999964,9.999999999999964,True,False,False
2025-11-26,70.04000091552734,12.5,12.5,True,False,False
2025-11-28,71.06999969482422,-2.500000000000213,-2.500000000000213,True,False,False
2025-12-01,71.05999755859375,22.500000000000053,22.500000000000053,True,False,False
2025-12-02,70.19999694824219,19.99999999999997,19.99999999999997,True,False,False
2025-12-03,70.66000366210938,22.500000000000142,22.500000000000142,True,False,False
2025-12-04,71.38999938964844,-15.000000000000036,-15.000000000000036,True,False,False
2025-12-05,71.91999816894531,8.000000000000007,8.000000000000007,True,False,False
2025-12-08,70.48999786376953,41.99999999999999,41.99999999999999,True,False,False
2025-12-09,69.86000061035156,4.440892098500626e-14,4.440892098500626e-14,True,False,False
2025-12-10,70.54000091552734,87.5,87.5,True,False,False
2025-12-11,69.25,-134.99999999999997,-134.99999999999997,True,False,False
2025-12-12,68.80999755859375,-35.00000000000004,-35.00000000000004,False,False,True
2025-12-15,67.88999938964844,0.0,0.0,False,False,False
2025-12-16,66.16999816894531,0.0,0.0,False,False,False
2025-12-17,67.9800033569336,0.0,0.0,False,False,False
2025-12-18,67.19000244140625,0.0,0.0,False,False,False
2025-12-19,68.02999877929688,0.0,0.0,False,False,False
2025-12-22,69.7300033569336,-20.0,-20.0,True,True,False
2025-12-23,70.30000305175781,-15.000000000000213,-15.000000000000213,True,False,False
2025-12-24,70.19999694824219,35.00000000000006,35.00000000000006,True,False,False
2025-12-26,68.4800033569336,-2.5000000000000355,-2.5000000000000355,True,False,False
2025-12-29,69.61000061035156,30.00000000000007,30.00000000000007,True,False,False
2025-12-30,69.73999786376953,25.0,25.0,True,False,False
2025-12-31,69.16000366210938,4.999999999999893,4.999999999999893,True,False,False
2026-01-02,68.95999908447266,15.000000000000124,15.000000000000124,True,False,False
2026-01-05,70.22000122070312,7.500000000000018,7.500000000000018,True,False,False
2026-01-06,68.51000213623047,-17.50000000000007,-17.50000000000007,True,False,False
2026-01-07,67.79000091552734,-23.50000000000012,-23.50000000000012,True,False,False
2026-01-08,70.54000091552734,-1.4999999999998792,-1.4999999999998792,True,False,False
2026-01-09,70.77999877929688,-2.499999999999858,-2.499999999999858,True,False,False
2026-01-12,71.6500015258789,-7.500000000000018,-7.500000000000018,True,False,False
2026-01-13,73.4800033569336,-97.49999999999997,-97.49999999999997,True,False,False
2026-01-14,72.61000061035156,86.49999999999989,86.49999999999989,True,False,False
2026-01-15,71.12999725341797,51.00000000000007,51.00000000000007,True,False,False
2026-01-16,71.6500015258789,-92.50000000000017,-92.50000000000017,False,False,True
2026-01-20,71.86000061035156,-245.00000000000023,-245.00000000000023,True,True,False
2026-01-21,73.33999633789062,-9.999999999999787,-9.999999999999787,True,False,False
2026-01-22,71.81999969482422,14.999999999999858,14.999999999999858,True,False,False
2026-01-23,73.94999694824219,-29.999999999999893,-29.999999999999893,True,False,False
2026-01-26,73.4800033569336,9.999999999999964,9.999999999999964,True,False,False
2026-01-27,75.66000366210938,-17.50000000000007,-17.50000000000007,True,False,False
2026-01-28,76.62000274658203,-22.500000000000053,-22.500000000000053,True,False,False
2026-01-29,79.13999938964844,-129.9999999999999,-129.9999999999999,True,False,False
2026-01-30,79.5199966430664,-2.5000000000001243,-2.5000000000001243,True,False,False
2026-02-02,75.33000183105469,279.9999999999999,279.9999999999999,True,False,False
2026-02-03,77.47000122070312,-82.50000000000001,-82.50000000000001,True,False,False
2026-02-04,77.87999725341797,-64.99999999999986,-64.99999999999986,True,False,False
2026-02-05,76.69000244140625,47.499999999999964,47.499999999999964,True,False,False
2026-02-06,76.98999786376953,114.99999999999986,114.99999999999986,True,False,False
2026-02-09,78.0199966430664,-29.999999999999893,-29.999999999999893,True,False,False
2026-02-10,78.02999877929688,4.999999999999893,4.999999999999893,True,False,False
2026-02-11,78.88999938964844,36.999999999999964,36.999999999999964,True,False,False
2026-02-12,76.37999725341797,28.000000000000025,28.000000000000025,True,False,False
2026-02-13,76.22000122070312,-102.50000000000004,-102.50000000000004,False,False,True
2026-02-17,75.7300033569336,0.0,0.0,False,False,False
2026-02-18,79.4000015258789,-29.999999999999545,-29.999999999999545,True,True,False
2026-02-19,81.19000244140625,-59.999999999999964,-59.999999999999964,True,False,False
2026-02-20,80.8499984741211,32.500000000000284,32.500000000000284,True,False,False
2026-02-23,80.9000015258789,-15.000000000000036,-15.000000000000036,True,False,False
2026-02-24,80.76000213623047,17.50000000000007,17.50000000000007,True,False,False
2026-02-25,79.7300033569336,-5.000000000000071,-5.000000000000071,True,False,False
2026-02-26,79.7699966430664,2.499999999999858,2.499999999999858,True,False,False
2026-02-27,81.94999694824219,-57.49999999999993,-57.49999999999993,True,False,False
2026-03-02,87.19000244140625,-170.00000000000028,-170.00000000000028,True,False,False
2026-03-03,90.19999694824219,-119.99999999999974,-119.99999999999974,True,False,False
2026-03-04,91.55999755859375,-5.000000000000249,-5.000000000000249,True,False,False
2026-03-05,96.30999755859375,-375.0,-375.0,True,False,False
2026-03-06,108.7699966430664,-1219.9999999999998,-1219.9999999999998,False,False,True
2026-03-09,104.33000183105469,0.0,0.0,False,False,False
2026-03-10,105.86000061035156,0.0,0.0,False,False,False
2026-03-11,108.05000305175781,0.0,0.0,False,False,False
2026-03-12,118.38999938964844,0.0,0.0,False,False,False
2026-03-13,119.88999938964844,0.0,0.0,False,False,False
2026-03-16,115.02999877929688,0.0,0.0,False,False,False
2026-03-17,118.83999633789062,0.0,0.0,False,False,False
2026-03-18,121.66999816894531,0.0,0.0,False,False,False
2026-03-19,117.36000061035156,-215.0,-215.0,True,True,False
2026-03-20,121.43000030517578,67.50000000000043,67.50000000000043,True,False,False
2026-03-23,110.55999755859375,-9.999999999999787,-9.999999999999787,True,False,False
2026-03-24,114.54000091552734,102.49999999999986,102.49999999999986,True,False,False
2026-03-25,113.38999938964844,12.5,12.5,True,False,False
2026-03-26,117.26000213623047,15.000000000000568,15.000000000000568,True,False,False
2026-03-27,124.19999694824219,-15.000000000000213,-15.000000000000213,True,False,False
2026-03-30,129.8300018310547,-54.999999999999716,-54.999999999999716,True,False,False
2026-03-31,127.25,250.00000000000034,250.00000000000034,True,False,False
2026-04-01,124.08999633789062,22.499999999999787,22.499999999999787,True,False,False
2026-04-02,137.9199981689453,-272.4999999999998,-272.4999999999998,True,False,False
2026-04-06,138.94000244140625,12.5,12.5,True,False,False
2026-04-07,138.0800018310547,-15.000000000000568,-15.000000000000568,True,False,False
2026-04-08,124.58000183105469,645.0000000000002,645.0000000000002,True,False,False
2026-04-09,126.95999908447266,17.50000000000007,17.50000000000007,True,False,False
2026-04-10,124.81999969482422,-257.49999999999955,-257.49999999999955,False,False,True
