date,available_date,report_date,mm_net,mm_net_oi,mm_net_oi_z,nc_net,nc_net_oi,nc_net_oi_z,total_oi,cot_risk_off
2020-05-04,2020-04-28,2020-04-21,247478,0.10870327210562242,0.2214859769205053,587180,0.25791539981323336,1.3995662070265824,2276638,False
2020-05-05,2020-05-05,2020-04-28,318366,0.1407950284848501,1.056050892148339,589388,0.2606525202082786,1.4797794420114458,2261202,False
2020-05-06,2020-05-05,2020-04-28,318366,0.1407950284848501,1.056050892148339,589388,0.2606525202082786,1.4797794420114458,2261202,False
2020-05-07,2020-05-05,2020-04-28,318366,0.1407950284848501,1.056050892148339,589388,0.2606525202082786,1.4797794420114458,2261202,False
2020-05-08,2020-05-05,2020-04-28,318366,0.1407950284848501,1.056050892148339,589388,0.2606525202082786,1.4797794420114458,2261202,False
2020-05-11,2020-05-05,2020-04-28,318366,0.1407950284848501,1.056050892148339,589388,0.2606525202082786,1.4797794420114458,2261202,False
2020-05-12,2020-05-12,2020-05-05,328601,0.1464438018050057,1.2054436977248855,530612,0.23647170447855514,0.80214082552911,2243871,False
2020-05-13,2020-05-12,2020-05-05,328601,0.1464438018050057,1.2054436977248855,530612,0.23647170447855514,0.80214082552911,2243871,False
2020-05-14,2020-05-12,2020-05-05,328601,0.1464438018050057,1.2054436977248855,530612,0.23647170447855514,0.80214082552911,2243871,False
2020-05-15,2020-05-12,2020-05-05,328601,0.1464438018050057,1.2054436977248855,530612,0.23647170447855514,0.80214082552911,2243871,False
2020-05-18,2020-05-12,2020-05-05,328601,0.1464438018050057,1.2054436977248855,530612,0.23647170447855514,0.80214082552911,2243871,False
2020-05-19,2020-05-19,2020-05-12,351685,0.15644211350432824,1.4526479432969281,541019,0.2406646738018345,0.9207526536980962,2248020,False
2020-05-20,2020-05-19,2020-05-12,351685,0.15644211350432824,1.4526479432969281,541019,0.2406646738018345,0.9207526536980962,2248020,False
2020-05-21,2020-05-19,2020-05-12,351685,0.15644211350432824,1.4526479432969281,541019,0.2406646738018345,0.9207526536980962,2248020,False
2020-05-22,2020-05-19,2020-05-12,351685,0.15644211350432824,1.4526479432969281,541019,0.2406646738018345,0.9207526536980962,2248020,False
2020-05-26,2020-05-26,2020-05-19,360183,0.16684802170145765,1.6949712149892322,543603,0.2518138977713481,1.2315977148302497,2158749,False
2020-05-27,2020-05-26,2020-05-19,360183,0.16684802170145765,1.6949712149892322,543603,0.2518138977713481,1.2315977148302497,2158749,False
2020-05-28,2020-05-26,2020-05-19,360183,0.16684802170145765,1.6949712149892322,543603,0.2518138977713481,1.2315977148302497,2158749,False
2020-05-29,2020-05-26,2020-05-19,360183,0.16684802170145765,1.6949712149892322,543603,0.2518138977713481,1.2315977148302497,2158749,False
2020-06-01,2020-05-26,2020-05-19,360183,0.16684802170145765,1.6949712149892322,543603,0.2518138977713481,1.2315977148302497,2158749,False
2020-06-02,2020-06-02,2020-05-26,374810,0.1754993027975191,1.8694681274491805,542574,0.2540523430966653,1.281702849791929,2135678,False
2020-06-03,2020-06-02,2020-05-26,374810,0.1754993027975191,1.8694681274491805,542574,0.2540523430966653,1.281702849791929,2135678,False
2020-06-04,2020-06-02,2020-05-26,374810,0.1754993027975191,1.8694681274491805,542574,0.2540523430966653,1.281702849791929,2135678,False
2020-06-05,2020-06-02,2020-05-26,374810,0.1754993027975191,1.8694681274491805,542574,0.2540523430966653,1.281702849791929,2135678,False
2020-06-08,2020-06-02,2020-05-26,374810,0.1754993027975191,1.8694681274491805,542574,0.2540523430966653,1.281702849791929,2135678,False
2020-06-09,2020-06-09,2020-06-02,394131,0.18524118469833584,2.0537278625018893,568330,0.26711454440174764,1.6226100870861948,2127664,False
2020-06-10,2020-06-09,2020-06-02,394131,0.18524118469833584,2.0537278625018893,568330,0.26711454440174764,1.6226100870861948,2127664,False
2020-06-11,2020-06-09,2020-06-02,394131,0.18524118469833584,2.0537278625018893,568330,0.26711454440174764,1.6226100870861948,2127664,False
2020-06-12,2020-06-09,2020-06-02,394131,0.18524118469833584,2.0537278625018893,568330,0.26711454440174764,1.6226100870861948,2127664,False
2020-06-15,2020-06-09,2020-06-02,394131,0.18524118469833584,2.0537278625018893,568330,0.26711454440174764,1.6226100870861948,2127664,False
2020-06-16,2020-06-16,2020-06-09,397549,0.186938577438754,2.037224420345309,567909,0.26704657935164056,1.5965529557098839,2126629,False
2020-06-17,2020-06-16,2020-06-09,397549,0.186938577438754,2.037224420345309,567909,0.26704657935164056,1.5965529557098839,2126629,False
2020-06-18,2020-06-16,2020-06-09,397549,0.186938577438754,2.037224420345309,567909,0.26704657935164056,1.5965529557098839,2126629,False
2020-06-19,2020-06-16,2020-06-09,397549,0.186938577438754,2.037224420345309,567909,0.26704657935164056,1.5965529557098839,2126629,False
2020-06-22,2020-06-16,2020-06-09,397549,0.186938577438754,2.037224420345309,567909,0.26704657935164056,1.5965529557098839,2126629,False
2020-06-23,2020-06-23,2020-06-16,373061,0.17961617533064675,1.818849333814964,546272,0.26301137704081384,1.4660636495942811,2076990,False
2020-06-24,2020-06-23,2020-06-16,373061,0.17961617533064675,1.818849333814964,546272,0.26301137704081384,1.4660636495942811,2076990,False
2020-06-25,2020-06-23,2020-06-16,373061,0.17961617533064675,1.818849333814964,546272,0.26301137704081384,1.4660636495942811,2076990,False
2020-06-26,2020-06-23,2020-06-16,373061,0.17961617533064675,1.818849333814964,546272,0.26301137704081384,1.4660636495942811,2076990,False
2020-06-29,2020-06-23,2020-06-16,373061,0.17961617533064675,1.818849333814964,546272,0.26301137704081384,1.4660636495942811,2076990,False
2020-06-30,2020-06-30,2020-06-23,370088,0.18472285930909116,1.9137691283721916,560883,0.27995479858266403,1.9081117593824195,2003477,False
2020-07-01,2020-06-30,2020-06-23,370088,0.18472285930909116,1.9137691283721916,560883,0.27995479858266403,1.9081117593824195,2003477,False
2020-07-02,2020-06-30,2020-06-23,370088,0.18472285930909116,1.9137691283721916,560883,0.27995479858266403,1.9081117593824195,2003477,False
2020-07-06,2020-06-30,2020-06-23,370088,0.18472285930909116,1.9137691283721916,560883,0.27995479858266403,1.9081117593824195,2003477,False
2020-07-07,2020-07-07,2020-06-30,374867,0.18662931428474702,1.9463075268207548,543826,0.270746353960783,1.6529982833562828,2008618,False
2020-07-08,2020-07-07,2020-06-30,374867,0.18662931428474702,1.9463075268207548,543826,0.270746353960783,1.6529982833562828,2008618,False
2020-07-09,2020-07-07,2020-06-30,374867,0.18662931428474702,1.9463075268207548,543826,0.270746353960783,1.6529982833562828,2008618,False
2020-07-10,2020-07-07,2020-06-30,374867,0.18662931428474702,1.9463075268207548,543826,0.270746353960783,1.6529982833562828,2008618,False
2020-07-13,2020-07-07,2020-06-30,374867,0.18662931428474702,1.9463075268207548,543826,0.270746353960783,1.6529982833562828,2008618,False
2020-07-14,2020-07-14,2020-07-07,361008,0.18306238840921296,1.8524706414796956,535317,0.2714521799407621,1.663279011121673,1972049,False
2020-07-15,2020-07-14,2020-07-07,361008,0.18306238840921296,1.8524706414796956,535317,0.2714521799407621,1.663279011121673,1972049,False
2020-07-16,2020-07-14,2020-07-07,361008,0.18306238840921296,1.8524706414796956,535317,0.2714521799407621,1.663279011121673,1972049,False
2020-07-17,2020-07-14,2020-07-07,361008,0.18306238840921296,1.8524706414796956,535317,0.2714521799407621,1.663279011121673,1972049,False
2020-07-20,2020-07-14,2020-07-07,361008,0.18306238840921296,1.8524706414796956,535317,0.2714521799407621,1.663279011121673,1972049,False
2020-07-21,2020-07-21,2020-07-14,359989,0.1782384061038617,1.7255363858752701,539751,0.2672424933344226,1.5421117594915754,2019705,False
2020-07-22,2020-07-21,2020-07-14,359989,0.1782384061038617,1.7255363858752701,539751,0.2672424933344226,1.5421117594915754,2019705,False
2020-07-23,2020-07-21,2020-07-14,359989,0.1782384061038617,1.7255363858752701,539751,0.2672424933344226,1.5421117594915754,2019705,False
2020-07-24,2020-07-21,2020-07-14,359989,0.1782384061038617,1.7255363858752701,539751,0.2672424933344226,1.5421117594915754,2019705,False
2020-07-27,2020-07-21,2020-07-14,359989,0.1782384061038617,1.7255363858752701,539751,0.2672424933344226,1.5421117594915754,2019705,False
2020-07-28,2020-07-28,2020-07-21,370122,0.18914965902958347,1.9527028325051126,548876,0.2805013164565242,1.877335946407305,1956768,False
2020-07-29,2020-07-28,2020-07-21,370122,0.18914965902958347,1.9527028325051126,548876,0.2805013164565242,1.877335946407305,1956768,False
2020-07-30,2020-07-28,2020-07-21,370122,0.18914965902958347,1.9527028325051126,548876,0.2805013164565242,1.877335946407305,1956768,False
2020-07-31,2020-07-28,2020-07-21,370122,0.18914965902958347,1.9527028325051126,548876,0.2805013164565242,1.877335946407305,1956768,False
2020-08-03,2020-07-28,2020-07-21,370122,0.18914965902958347,1.9527028325051126,548876,0.2805013164565242,1.877335946407305,1956768,False
2020-08-04,2020-08-04,2020-07-28,351776,0.1765451008654211,1.654159234122232,532569,0.2672793136052387,1.518525369173664,1992556,False
2020-08-05,2020-08-04,2020-07-28,351776,0.1765451008654211,1.654159234122232,532569,0.2672793136052387,1.518525369173664,1992556,False
2020-08-06,2020-08-04,2020-07-28,351776,0.1765451008654211,1.654159234122232,532569,0.2672793136052387,1.518525369173664,1992556,False
2020-08-07,2020-08-04,2020-07-28,351776,0.1765451008654211,1.654159234122232,532569,0.2672793136052387,1.518525369173664,1992556,False
2020-08-10,2020-08-04,2020-07-28,351776,0.1765451008654211,1.654159234122232,532569,0.2672793136052387,1.518525369173664,1992556,False
2020-08-11,2020-08-11,2020-08-04,362193,0.1781638342070351,1.6785180604590364,536266,0.26379087037814064,1.4224844895090187,2032921,False
2020-08-12,2020-08-11,2020-08-04,362193,0.1781638342070351,1.6785180604590364,536266,0.26379087037814064,1.4224844895090187,2032921,False
2020-08-13,2020-08-11,2020-08-04,362193,0.1781638342070351,1.6785180604590364,536266,0.26379087037814064,1.4224844895090187,2032921,False
2020-08-14,2020-08-11,2020-08-04,362193,0.1781638342070351,1.6785180604590364,536266,0.26379087037814064,1.4224844895090187,2032921,False
2020-08-17,2020-08-11,2020-08-04,362193,0.1781638342070351,1.6785180604590364,536266,0.26379087037814064,1.4224844895090187,2032921,False
2020-08-18,2020-08-18,2020-08-11,347996,0.16885796358837002,1.4521390194846164,520935,0.2527730872248748,1.1250656406151227,2060880,False
2020-08-19,2020-08-18,2020-08-11,347996,0.16885796358837002,1.4521390194846164,520935,0.2527730872248748,1.1250656406151227,2060880,False
2020-08-20,2020-08-18,2020-08-11,347996,0.16885796358837002,1.4521390194846164,520935,0.2527730872248748,1.1250656406151227,2060880,False
2020-08-21,2020-08-18,2020-08-11,347996,0.16885796358837002,1.4521390194846164,520935,0.2527730872248748,1.1250656406151227,2060880,False
2020-08-24,2020-08-18,2020-08-11,347996,0.16885796358837002,1.4521390194846164,520935,0.2527730872248748,1.1250656406151227,2060880,False
2020-08-25,2020-08-25,2020-08-18,336736,0.16466694572782148,1.3486088767014952,510695,0.24973446809509464,1.0398108161261852,2044952,False
2020-08-26,2020-08-25,2020-08-18,336736,0.16466694572782148,1.3486088767014952,510695,0.24973446809509464,1.0398108161261852,2044952,False
2020-08-27,2020-08-25,2020-08-18,336736,0.16466694572782148,1.3486088767014952,510695,0.24973446809509464,1.0398108161261852,2044952,False
2020-08-28,2020-08-25,2020-08-18,336736,0.16466694572782148,1.3486088767014952,510695,0.24973446809509464,1.0398108161261852,2044952,False
2020-08-31,2020-08-25,2020-08-18,336736,0.16466694572782148,1.3486088767014952,510695,0.24973446809509464,1.0398108161261852,2044952,False
2020-09-01,2020-09-01,2020-08-25,331785,0.1616533037621416,1.2799841678436794,500699,0.2439521001262882,0.8869993715365467,2052448,False
2020-09-02,2020-09-01,2020-08-25,331785,0.1616533037621416,1.2799841678436794,500699,0.2439521001262882,0.8869993715365467,2052448,False
2020-09-03,2020-09-01,2020-08-25,331785,0.1616533037621416,1.2799841678436794,500699,0.2439521001262882,0.8869993715365467,2052448,False
2020-09-04,2020-09-01,2020-08-25,331785,0.1616533037621416,1.2799841678436794,500699,0.2439521001262882,0.8869993715365467,2052448,False
2020-09-08,2020-09-08,2020-09-01,329588,0.15967351004318028,1.2380159149931602,490915,0.2378306284902601,0.7275776029061649,2064137,False
2020-09-09,2020-09-08,2020-09-01,329588,0.15967351004318028,1.2380159149931602,490915,0.2378306284902601,0.7275776029061649,2064137,False
2020-09-10,2020-09-08,2020-09-01,329588,0.15967351004318028,1.2380159149931602,490915,0.2378306284902601,0.7275776029061649,2064137,False
2020-09-11,2020-09-08,2020-09-01,329588,0.15967351004318028,1.2380159149931602,490915,0.2378306284902601,0.7275776029061649,2064137,False
2020-09-14,2020-09-08,2020-09-01,329588,0.15967351004318028,1.2380159149931602,490915,0.2378306284902601,0.7275776029061649,2064137,False
2020-09-15,2020-09-15,2020-09-08,261119,0.1275829888696706,0.5252659437389059,449366,0.21956065003469066,0.24680196797954781,2046660,False
2020-09-16,2020-09-15,2020-09-08,261119,0.1275829888696706,0.5252659437389059,449366,0.21956065003469066,0.24680196797954781,2046660,False
2020-09-17,2020-09-15,2020-09-08,261119,0.1275829888696706,0.5252659437389059,449366,0.21956065003469066,0.24680196797954781,2046660,False
2020-09-18,2020-09-15,2020-09-08,261119,0.1275829888696706,0.5252659437389059,449366,0.21956065003469066,0.24680196797954781,2046660,False
2020-09-21,2020-09-15,2020-09-08,261119,0.1275829888696706,0.5252659437389059,449366,0.21956065003469066,0.24680196797954781,2046660,False
2020-09-22,2020-09-22,2020-09-15,291866,0.13839155954967955,0.7719652472000971,449744,0.21325119595331787,0.08506297348079009,2108987,False
2020-09-23,2020-09-22,2020-09-15,291866,0.13839155954967955,0.7719652472000971,449744,0.21325119595331787,0.08506297348079009,2108987,False
2020-09-24,2020-09-22,2020-09-15,291866,0.13839155954967955,0.7719652472000971,449744,0.21325119595331787,0.08506297348079009,2108987,False
2020-09-25,2020-09-22,2020-09-15,291866,0.13839155954967955,0.7719652472000971,449744,0.21325119595331787,0.08506297348079009,2108987,False
2020-09-28,2020-09-22,2020-09-15,291866,0.13839155954967955,0.7719652472000971,449744,0.21325119595331787,0.08506297348079009,2108987,False
2020-09-29,2020-09-29,2020-09-22,323216,0.1593280160897556,1.2398789451465817,472769,0.2330495607851643,0.6218885098241254,2028620,False
2020-09-30,2020-09-29,2020-09-22,323216,0.1593280160897556,1.2398789451465817,472769,0.2330495607851643,0.6218885098241254,2028620,False
2020-10-01,2020-09-29,2020-09-22,323216,0.1593280160897556,1.2398789451465817,472769,0.2330495607851643,0.6218885098241254,2028620,False
2020-10-02,2020-09-29,2020-09-22,323216,0.1593280160897556,1.2398789451465817,472769,0.2330495607851643,0.6218885098241254,2028620,False
2020-10-05,2020-09-29,2020-09-22,323216,0.1593280160897556,1.2398789451465817,472769,0.2330495607851643,0.6218885098241254,2028620,False
2020-10-06,2020-10-06,2020-09-29,302458,0.14552927324858264,0.9294491771925201,461911,0.22225093115581684,0.3388580190813372,2078331,False
2020-10-07,2020-10-06,2020-09-29,302458,0.14552927324858264,0.9294491771925201,461911,0.22225093115581684,0.3388580190813372,2078331,False
2020-10-08,2020-10-06,2020-09-29,302458,0.14552927324858264,0.9294491771925201,461911,0.22225093115581684,0.3388580190813372,2078331,False
2020-10-09,2020-10-06,2020-09-29,302458,0.14552927324858264,0.9294491771925201,461911,0.22225093115581684,0.3388580190813372,2078331,False
2020-10-12,2020-10-06,2020-09-29,302458,0.14552927324858264,0.9294491771925201,461911,0.22225093115581684,0.3388580190813372,2078331,False
2020-10-13,2020-10-13,2020-10-06,306695,0.14523180168977376,0.9184685537646432,471536,0.2232903139653048,0.37154254357894384,2111762,False
2020-10-14,2020-10-13,2020-10-06,306695,0.14523180168977376,0.9184685537646432,471536,0.2232903139653048,0.37154254357894384,2111762,False
2020-10-15,2020-10-13,2020-10-06,306695,0.14523180168977376,0.9184685537646432,471536,0.2232903139653048,0.37154254357894384,2111762,False
2020-10-16,2020-10-13,2020-10-06,306695,0.14523180168977376,0.9184685537646432,471536,0.2232903139653048,0.37154254357894384,2111762,False
2020-10-19,2020-10-13,2020-10-06,306695,0.14523180168977376,0.9184685537646432,471536,0.2232903139653048,0.37154254357894384,2111762,False
2020-10-20,2020-10-20,2020-10-13,298039,0.14472254297648518,0.8966606796409469,472797,0.22958198139053365,0.5391441843238954,2059382,False
2020-10-21,2020-10-20,2020-10-13,298039,0.14472254297648518,0.8966606796409469,472797,0.22958198139053365,0.5391441843238954,2059382,False
2020-10-22,2020-10-20,2020-10-13,298039,0.14472254297648518,0.8966606796409469,472797,0.22958198139053365,0.5391441843238954,2059382,False
2020-10-23,2020-10-20,2020-10-13,298039,0.14472254297648518,0.8966606796409469,472797,0.22958198139053365,0.5391441843238954,2059382,False
2020-10-26,2020-10-20,2020-10-13,298039,0.14472254297648518,0.8966606796409469,472797,0.22958198139053365,0.5391441843238954,2059382,False
2020-10-27,2020-10-27,2020-10-20,337537,0.16802791695601635,1.3900764992929564,490348,0.2440981374591488,0.9192622840843938,2008815,False
2020-10-28,2020-10-27,2020-10-20,337537,0.16802791695601635,1.3900764992929564,490348,0.2440981374591488,0.9192622840843938,2008815,False
2020-10-29,2020-10-27,2020-10-20,337537,0.16802791695601635,1.3900764992929564,490348,0.2440981374591488,0.9192622840843938,2008815,False
2020-10-30,2020-10-27,2020-10-20,337537,0.16802791695601635,1.3900764992929564,490348,0.2440981374591488,0.9192622840843938,2008815,False
2020-11-02,2020-10-27,2020-10-20,337537,0.16802791695601635,1.3900764992929564,490348,0.2440981374591488,0.9192622840843938,2008815,False
2020-11-03,2020-11-03,2020-10-27,300339,0.1492928523708782,0.9575380721583886,472090,0.23466703516948478,0.6571722321409792,2011744,False
2020-11-04,2020-11-03,2020-10-27,300339,0.1492928523708782,0.9575380721583886,472090,0.23466703516948478,0.6571722321409792,2011744,False
2020-11-05,2020-11-03,2020-10-27,300339,0.1492928523708782,0.9575380721583886,472090,0.23466703516948478,0.6571722321409792,2011744,False
2020-11-06,2020-11-03,2020-10-27,300339,0.1492928523708782,0.9575380721583886,472090,0.23466703516948478,0.6571722321409792,2011744,False
2020-11-09,2020-11-03,2020-10-27,300339,0.1492928523708782,0.9575380721583886,472090,0.23466703516948478,0.6571722321409792,2011744,False
2020-11-10,2020-11-10,2020-11-03,263439,0.13083693942510793,0.5374291394035159,442460,0.2197476919439918,0.2506175435729386,2013491,False
2020-11-11,2020-11-10,2020-11-03,263439,0.13083693942510793,0.5374291394035159,442460,0.2197476919439918,0.2506175435729386,2013491,False
2020-11-12,2020-11-10,2020-11-03,263439,0.13083693942510793,0.5374291394035159,442460,0.2197476919439918,0.2506175435729386,2013491,False
2020-11-13,2020-11-10,2020-11-03,263439,0.13083693942510793,0.5374291394035159,442460,0.2197476919439918,0.2506175435729386,2013491,False
2020-11-16,2020-11-10,2020-11-03,263439,0.13083693942510793,0.5374291394035159,442460,0.2197476919439918,0.2506175435729386,2013491,False
2020-11-17,2020-11-17,2020-11-10,294341,0.143339745306679,0.7984900180114766,463538,0.2257362000535684,0.40062772657879464,2053450,False
2020-11-18,2020-11-17,2020-11-10,294341,0.143339745306679,0.7984900180114766,463538,0.2257362000535684,0.40062772657879464,2053450,False
2020-11-19,2020-11-17,2020-11-10,294341,0.143339745306679,0.7984900180114766,463538,0.2257362000535684,0.40062772657879464,2053450,False
2020-11-20,2020-11-17,2020-11-10,294341,0.143339745306679,0.7984900180114766,463538,0.2257362000535684,0.40062772657879464,2053450,False
2020-11-23,2020-11-17,2020-11-10,294341,0.143339745306679,0.7984900180114766,463538,0.2257362000535684,0.40062772657879464,2053450,False
2020-11-24,2020-11-24,2020-11-17,299828,0.1438849335158201,0.7948117376348196,480811,0.2307371518626512,0.5236542334897557,2083804,False
2020-11-25,2020-11-24,2020-11-17,299828,0.1438849335158201,0.7948117376348196,480811,0.2307371518626512,0.5236542334897557,2083804,False
2020-11-27,2020-11-24,2020-11-17,299828,0.1438849335158201,0.7948117376348196,480811,0.2307371518626512,0.5236542334897557,2083804,False
2020-11-30,2020-11-24,2020-11-17,299828,0.1438849335158201,0.7948117376348196,480811,0.2307371518626512,0.5236542334897557,2083804,False
2020-12-01,2020-12-01,2020-11-24,330102,0.15847294646517696,1.0971614225300725,522639,0.25090469693492806,1.0465599898759455,2083018,False
2020-12-02,2020-12-01,2020-11-24,330102,0.15847294646517696,1.0971614225300725,522639,0.25090469693492806,1.0465599898759455,2083018,False
2020-12-03,2020-12-01,2020-11-24,330102,0.15847294646517696,1.0971614225300725,522639,0.25090469693492806,1.0465599898759455,2083018,False
2020-12-04,2020-12-01,2020-11-24,330102,0.15847294646517696,1.0971614225300725,522639,0.25090469693492806,1.0465599898759455,2083018,False
2020-12-07,2020-12-01,2020-11-24,330102,0.15847294646517696,1.0971614225300725,522639,0.25090469693492806,1.0465599898759455,2083018,False
2020-12-08,2020-12-08,2020-12-01,338534,0.15948987211468926,1.0990119848732334,517165,0.2436463684953159,0.8345213286383193,2122605,False
2020-12-09,2020-12-08,2020-12-01,338534,0.15948987211468926,1.0990119848732334,517165,0.2436463684953159,0.8345213286383193,2122605,False
2020-12-10,2020-12-08,2020-12-01,338534,0.15948987211468926,1.0990119848732334,517165,0.2436463684953159,0.8345213286383193,2122605,False
2020-12-11,2020-12-08,2020-12-01,338534,0.15948987211468926,1.0990119848732334,517165,0.2436463684953159,0.8345213286383193,2122605,False
2020-12-14,2020-12-08,2020-12-01,338534,0.15948987211468926,1.0990119848732334,517165,0.2436463684953159,0.8345213286383193,2122605,False
2020-12-15,2020-12-15,2020-12-08,339362,0.1591819178362344,1.072581056200427,514629,0.2413930587223775,0.7582374766900376,2131913,False
2020-12-16,2020-12-15,2020-12-08,339362,0.1591819178362344,1.072581056200427,514629,0.2413930587223775,0.7582374766900376,2131913,False
2020-12-17,2020-12-15,2020-12-08,339362,0.1591819178362344,1.072581056200427,514629,0.2413930587223775,0.7582374766900376,2131913,False
2020-12-18,2020-12-15,2020-12-08,339362,0.1591819178362344,1.072581056200427,514629,0.2413930587223775,0.7582374766900376,2131913,False
2020-12-21,2020-12-15,2020-12-08,339362,0.1591819178362344,1.072581056200427,514629,0.2413930587223775,0.7582374766900376,2131913,False
2020-12-22,2020-12-22,2020-12-15,345617,0.1604075525220712,1.0826499925732003,513804,0.23846640100472566,0.6632400584686551,2154618,False
2020-12-23,2020-12-22,2020-12-15,345617,0.1604075525220712,1.0826499925732003,513804,0.23846640100472566,0.6632400584686551,2154618,False
2020-12-24,2020-12-22,2020-12-15,345617,0.1604075525220712,1.0826499925732003,513804,0.23846640100472566,0.6632400584686551,2154618,False
2020-12-28,2020-12-22,2020-12-15,345617,0.1604075525220712,1.0826499925732003,513804,0.23846640100472566,0.6632400584686551,2154618,False
2020-12-29,2020-12-29,2020-12-22,335769,0.15832208363176672,1.0186813247172146,525702,0.24787945286606874,0.9094299673055835,2120797,False
2020-12-30,2020-12-29,2020-12-22,335769,0.15832208363176672,1.0186813247172146,525702,0.24787945286606874,0.9094299673055835,2120797,False
2020-12-31,2020-12-29,2020-12-22,335769,0.15832208363176672,1.0186813247172146,525702,0.24787945286606874,0.9094299673055835,2120797,False
2021-01-04,2020-12-29,2020-12-22,335769,0.15832208363176672,1.0186813247172146,525702,0.24787945286606874,0.9094299673055835,2120797,False
2021-01-05,2021-01-05,2020-12-29,332363,0.15666400503039826,0.9647583091938661,511731,0.24121165099066605,0.7083341214846407,2121502,False
2021-01-06,2021-01-05,2020-12-29,332363,0.15666400503039826,0.9647583091938661,511731,0.24121165099066605,0.7083341214846407,2121502,False
2021-01-07,2021-01-05,2020-12-29,332363,0.15666400503039826,0.9647583091938661,511731,0.24121165099066605,0.7083341214846407,2121502,False
2021-01-08,2021-01-05,2020-12-29,332363,0.15666400503039826,0.9647583091938661,511731,0.24121165099066605,0.7083341214846407,2121502,False
2021-01-11,2021-01-05,2020-12-29,332363,0.15666400503039826,0.9647583091938661,511731,0.24121165099066605,0.7083341214846407,2121502,False
2021-01-12,2021-01-12,2021-01-05,331199,0.15265855773179673,0.8588317727109956,518649,0.2390593217643732,0.6345083315588391,2169541,False
2021-01-13,2021-01-12,2021-01-05,331199,0.15265855773179673,0.8588317727109956,518649,0.2390593217643732,0.6345083315588391,2169541,False
2021-01-14,2021-01-12,2021-01-05,331199,0.15265855773179673,0.8588317727109956,518649,0.2390593217643732,0.6345083315588391,2169541,False
2021-01-15,2021-01-12,2021-01-05,331199,0.15265855773179673,0.8588317727109956,518649,0.2390593217643732,0.6345083315588391,2169541,False
2021-01-19,2021-01-19,2021-01-12,348044,0.155745568972245,0.9144815039665897,527717,0.2361471090474946,0.5340826707891903,2234696,False
2021-01-20,2021-01-19,2021-01-12,348044,0.155745568972245,0.9144815039665897,527717,0.2361471090474946,0.5340826707891903,2234696,False
2021-01-21,2021-01-19,2021-01-12,348044,0.155745568972245,0.9144815039665897,527717,0.2361471090474946,0.5340826707891903,2234696,False
2021-01-22,2021-01-19,2021-01-12,348044,0.155745568972245,0.9144815039665897,527717,0.2361471090474946,0.5340826707891903,2234696,False
2021-01-25,2021-01-19,2021-01-12,348044,0.155745568972245,0.9144815039665897,527717,0.2361471090474946,0.5340826707891903,2234696,False
2021-01-26,2021-01-26,2021-01-19,344709,0.15548184355966996,0.8909768756302339,508584,0.22939806597724802,0.31605195221773186,2217037,False
2021-01-27,2021-01-26,2021-01-19,344709,0.15548184355966996,0.8909768756302339,508584,0.22939806597724802,0.31605195221773186,2217037,False
2021-01-28,2021-01-26,2021-01-19,344709,0.15548184355966996,0.8909768756302339,508584,0.22939806597724802,0.31605195221773186,2217037,False
2021-01-29,2021-01-26,2021-01-19,344709,0.15548184355966996,0.8909768756302339,508584,0.22939806597724802,0.31605195221773186,2217037,False
2021-02-01,2021-01-26,2021-01-19,344709,0.15548184355966996,0.8909768756302339,508584,0.22939806597724802,0.31605195221773186,2217037,False
2021-02-02,2021-02-02,2021-01-26,336241,0.14514041767026667,0.6322352482683798,504612,0.21781875631296782,-0.05236504608094749,2316660,False
2021-02-03,2021-02-02,2021-01-26,336241,0.14514041767026667,0.6322352482683798,504612,0.21781875631296782,-0.05236504608094749,2316660,False
2021-02-04,2021-02-02,2021-01-26,336241,0.14514041767026667,0.6322352482683798,504612,0.21781875631296782,-0.05236504608094749,2316660,False
2021-02-05,2021-02-02,2021-01-26,336241,0.14514041767026667,0.6322352482683798,504612,0.21781875631296782,-0.05236504608094749,2316660,False
2021-02-08,2021-02-02,2021-01-26,336241,0.14514041767026667,0.6322352482683798,504612,0.21781875631296782,-0.05236504608094749,2316660,False
2021-02-09,2021-02-09,2021-02-02,345233,0.14446847837594787,0.602257699484798,499174,0.20888764464820977,-0.34981292765644206,2389677,False
2021-02-10,2021-02-09,2021-02-02,345233,0.14446847837594787,0.602257699484798,499174,0.20888764464820977,-0.34981292765644206,2389677,False
2021-02-11,2021-02-09,2021-02-02,345233,0.14446847837594787,0.602257699484798,499174,0.20888764464820977,-0.34981292765644206,2389677,False
2021-02-12,2021-02-09,2021-02-02,345233,0.14446847837594787,0.602257699484798,499174,0.20888764464820977,-0.34981292765644206,2389677,False
2021-02-16,2021-02-16,2021-02-09,369481,0.15100530977502116,0.7424304111946101,514258,0.21017505255827185,-0.3417549006982843,2446808,False
2021-02-17,2021-02-16,2021-02-09,369481,0.15100530977502116,0.7424304111946101,514258,0.21017505255827185,-0.3417549006982843,2446808,False
2021-02-18,2021-02-16,2021-02-09,369481,0.15100530977502116,0.7424304111946101,514258,0.21017505255827185,-0.3417549006982843,2446808,False
2021-02-19,2021-02-16,2021-02-09,369481,0.15100530977502116,0.7424304111946101,514258,0.21017505255827185,-0.3417549006982843,2446808,False
2021-02-22,2021-02-16,2021-02-09,369481,0.15100530977502116,0.7424304111946101,514258,0.21017505255827185,-0.3417549006982843,2446808,False
2021-02-23,2021-02-23,2021-02-16,378972,0.15112816136416204,0.7299367503789208,514713,0.20525956883419338,-0.5276679302682588,2507620,False
2021-02-24,2021-02-23,2021-02-16,378972,0.15112816136416204,0.7299367503789208,514713,0.20525956883419338,-0.5276679302682588,2507620,False
2021-02-25,2021-02-23,2021-02-16,378972,0.15112816136416204,0.7299367503789208,514713,0.20525956883419338,-0.5276679302682588,2507620,False
2021-02-26,2021-02-23,2021-02-16,378972,0.15112816136416204,0.7299367503789208,514713,0.20525956883419338,-0.5276679302682588,2507620,False
2021-03-01,2021-02-23,2021-02-16,378972,0.15112816136416204,0.7299367503789208,514713,0.20525956883419338,-0.5276679302682588,2507620,False
2021-03-02,2021-03-02,2021-02-23,364230,0.14804869840062043,0.6413272324699224,511840,0.20804778790701908,-0.45829729413682696,2460204,False
2021-03-03,2021-03-02,2021-02-23,364230,0.14804869840062043,0.6413272324699224,511840,0.20804778790701908,-0.45829729413682696,2460204,False
2021-03-04,2021-03-02,2021-02-23,364230,0.14804869840062043,0.6413272324699224,511840,0.20804778790701908,-0.45829729413682696,2460204,False
2021-03-05,2021-03-02,2021-02-23,364230,0.14804869840062043,0.6413272324699224,511840,0.20804778790701908,-0.45829729413682696,2460204,False
2021-03-08,2021-03-02,2021-02-23,364230,0.14804869840062043,0.6413272324699224,511840,0.20804778790701908,-0.45829729413682696,2460204,False
2021-03-09,2021-03-09,2021-03-02,363391,0.14583292366135583,0.5749062842525123,519019,0.20828820253058894,-0.4698768007383582,2491831,False
2021-03-10,2021-03-09,2021-03-02,363391,0.14583292366135583,0.5749062842525123,519019,0.20828820253058894,-0.4698768007383582,2491831,False
2021-03-11,2021-03-09,2021-03-02,363391,0.14583292366135583,0.5749062842525123,519019,0.20828820253058894,-0.4698768007383582,2491831,False
2021-03-12,2021-03-09,2021-03-02,363391,0.14583292366135583,0.5749062842525123,519019,0.20828820253058894,-0.4698768007383582,2491831,False
2021-03-15,2021-03-09,2021-03-02,363391,0.14583292366135583,0.5749062842525123,519019,0.20828820253058894,-0.4698768007383582,2491831,False
2021-03-16,2021-03-16,2021-03-09,364146,0.14597159665778894,0.5661849721445558,537438,0.21543744257679276,-0.2391395028947328,2494636,False
2021-03-17,2021-03-16,2021-03-09,364146,0.14597159665778894,0.5661849721445558,537438,0.21543744257679276,-0.2391395028947328,2494636,False
2021-03-18,2021-03-16,2021-03-09,364146,0.14597159665778894,0.5661849721445558,537438,0.21543744257679276,-0.2391395028947328,2494636,False
2021-03-19,2021-03-16,2021-03-09,364146,0.14597159665778894,0.5661849721445558,537438,0.21543744257679276,-0.2391395028947328,2494636,False
2021-03-22,2021-03-16,2021-03-09,364146,0.14597159665778894,0.5661849721445558,537438,0.21543744257679276,-0.2391395028947328,2494636,False
2021-03-23,2021-03-23,2021-03-16,362433,0.1436414142635144,0.5039187173884847,525442,0.20824602614400325,-0.4865489384132145,2523179,False
2021-03-24,2021-03-23,2021-03-16,362433,0.1436414142635144,0.5039187173884847,525442,0.20824602614400325,-0.4865489384132145,2523179,False
2021-03-25,2021-03-23,2021-03-16,362433,0.1436414142635144,0.5039187173884847,525442,0.20824602614400325,-0.4865489384132145,2523179,False
2021-03-26,2021-03-23,2021-03-16,362433,0.1436414142635144,0.5039187173884847,525442,0.20824602614400325,-0.4865489384132145,2523179,False
2021-03-29,2021-03-23,2021-03-16,362433,0.1436414142635144,0.5039187173884847,525442,0.20824602614400325,-0.4865489384132145,2523179,False
2021-03-30,2021-03-30,2021-03-23,353364,0.1521961506042596,0.705886769516103,523055,0.22528315718157765,0.1031481676075255,2321767,False
2021-03-31,2021-03-30,2021-03-23,353364,0.1521961506042596,0.705886769516103,523055,0.22528315718157765,0.1031481676075255,2321767,False
2021-04-01,2021-03-30,2021-03-23,353364,0.1521961506042596,0.705886769516103,523055,0.22528315718157765,0.1031481676075255,2321767,False
2021-04-05,2021-03-30,2021-03-23,353364,0.1521961506042596,0.705886769516103,523055,0.22528315718157765,0.1031481676075255,2321767,False
2021-04-06,2021-04-06,2021-03-30,355918,0.15295038796467236,0.7213263531431016,531310,0.2283224524455354,0.21384409635453847,2327016,False
2021-04-07,2021-04-06,2021-03-30,355918,0.15295038796467236,0.7213263531431016,531310,0.2283224524455354,0.21384409635453847,2327016,False
2021-04-08,2021-04-06,2021-03-30,355918,0.15295038796467236,0.7213263531431016,531310,0.2283224524455354,0.21384409635453847,2327016,False
2021-04-09,2021-04-06,2021-03-30,355918,0.15295038796467236,0.7213263531431016,531310,0.2283224524455354,0.21384409635453847,2327016,False
2021-04-12,2021-04-06,2021-03-30,355918,0.15295038796467236,0.7213263531431016,531310,0.2283224524455354,0.21384409635453847,2327016,False
2021-04-13,2021-04-13,2021-04-06,334393,0.14288119291202153,0.48294592622621585,511725,0.21865253890752565,-0.1096342858817723,2340357,False
2021-04-14,2021-04-13,2021-04-06,334393,0.14288119291202153,0.48294592622621585,511725,0.21865253890752565,-0.1096342858817723,2340357,False
2021-04-15,2021-04-13,2021-04-06,334393,0.14288119291202153,0.48294592622621585,511725,0.21865253890752565,-0.1096342858817723,2340357,False
2021-04-16,2021-04-13,2021-04-06,334393,0.14288119291202153,0.48294592622621585,511725,0.21865253890752565,-0.1096342858817723,2340357,False
2021-04-19,2021-04-13,2021-04-06,334393,0.14288119291202153,0.48294592622621585,511725,0.21865253890752565,-0.1096342858817723,2340357,False
2021-04-20,2021-04-20,2021-04-13,343591,0.149268560550275,0.6387726822301584,492678,0.21403743367779823,-0.26061291062541625,2301831,False
2021-04-21,2021-04-20,2021-04-13,343591,0.149268560550275,0.6387726822301584,492678,0.21403743367779823,-0.26061291062541625,2301831,False
2021-04-22,2021-04-20,2021-04-13,343591,0.149268560550275,0.6387726822301584,492678,0.21403743367779823,-0.26061291062541625,2301831,False
2021-04-23,2021-04-20,2021-04-13,343591,0.149268560550275,0.6387726822301584,492678,0.21403743367779823,-0.26061291062541625,2301831,False
2021-04-26,2021-04-20,2021-04-13,343591,0.149268560550275,0.6387726822301584,492678,0.21403743367779823,-0.26061291062541625,2301831,False
2021-04-27,2021-04-27,2021-04-20,337741,0.14391597384174915,0.5124068985078329,499983,0.21304946793347346,-0.28265797932458087,2346793,False
2021-04-28,2021-04-27,2021-04-20,337741,0.14391597384174915,0.5124068985078329,499983,0.21304946793347346,-0.28265797932458087,2346793,False
2021-04-29,2021-04-27,2021-04-20,337741,0.14391597384174915,0.5124068985078329,499983,0.21304946793347346,-0.28265797932458087,2346793,False
2021-04-30,2021-04-27,2021-04-20,337741,0.14391597384174915,0.5124068985078329,499983,0.21304946793347346,-0.28265797932458087,2346793,False
2021-05-03,2021-04-27,2021-04-20,337741,0.14391597384174915,0.5124068985078329,499983,0.21304946793347346,-0.28265797932458087,2346793,False
2021-05-04,2021-05-04,2021-04-27,344937,0.14656528445231934,0.5769067627441962,489711,0.2080804089280934,-0.446419151456333,2353470,False
2021-05-05,2021-05-04,2021-04-27,344937,0.14656528445231934,0.5769067627441962,489711,0.2080804089280934,-0.446419151456333,2353470,False
2021-05-06,2021-05-04,2021-04-27,344937,0.14656528445231934,0.5769067627441962,489711,0.2080804089280934,-0.446419151456333,2353470,False
2021-05-07,2021-05-04,2021-04-27,344937,0.14656528445231934,0.5769067627441962,489711,0.2080804089280934,-0.446419151456333,2353470,False
2021-05-10,2021-05-04,2021-04-27,344937,0.14656528445231934,0.5769067627441962,489711,0.2080804089280934,-0.446419151456333,2353470,False
2021-05-11,2021-05-11,2021-05-04,355316,0.14684657765346182,0.5793999743766847,500013,0.20664759772214142,-0.4882897725906167,2419641,False
2021-05-12,2021-05-11,2021-05-04,355316,0.14684657765346182,0.5793999743766847,500013,0.20664759772214142,-0.4882897725906167,2419641,False
2021-05-13,2021-05-11,2021-05-04,355316,0.14684657765346182,0.5793999743766847,500013,0.20664759772214142,-0.4882897725906167,2419641,False
2021-05-14,2021-05-11,2021-05-04,355316,0.14684657765346182,0.5793999743766847,500013,0.20664759772214142,-0.4882897725906167,2419641,False
2021-05-17,2021-05-11,2021-05-04,355316,0.14684657765346182,0.5793999743766847,500013,0.20664759772214142,-0.4882897725906167,2419641,False
2021-05-18,2021-05-18,2021-05-11,331020,0.1354160786036705,0.299458367813453,496561,0.20313679961185796,-0.6033172348708297,2444466,False
2021-05-19,2021-05-18,2021-05-11,331020,0.1354160786036705,0.299458367813453,496561,0.20313679961185796,-0.6033172348708297,2444466,False
2021-05-20,2021-05-18,2021-05-11,331020,0.1354160786036705,0.299458367813453,496561,0.20313679961185796,-0.6033172348708297,2444466,False
2021-05-21,2021-05-18,2021-05-11,331020,0.1354160786036705,0.299458367813453,496561,0.20313679961185796,-0.6033172348708297,2444466,False
2021-05-24,2021-05-18,2021-05-11,331020,0.1354160786036705,0.299458367813453,496561,0.20313679961185796,-0.6033172348708297,2444466,False
2021-05-25,2021-05-25,2021-05-18,314834,0.12804355288180758,0.11781514938757487,475947,0.19356849915650048,-0.9249018733228929,2458804,False
2021-05-26,2021-05-25,2021-05-18,314834,0.12804355288180758,0.11781514938757487,475947,0.19356849915650048,-0.9249018733228929,2458804,False
2021-05-27,2021-05-25,2021-05-18,314834,0.12804355288180758,0.11781514938757487,475947,0.19356849915650048,-0.9249018733228929,2458804,False
2021-05-28,2021-05-25,2021-05-18,314834,0.12804355288180758,0.11781514938757487,475947,0.19356849915650048,-0.9249018733228929,2458804,False
2021-06-01,2021-06-01,2021-05-25,326274,0.13448802474809823,0.26532780049886356,475490,0.19599389129220604,-0.8332594947112161,2426045,False
2021-06-02,2021-06-01,2021-05-25,326274,0.13448802474809823,0.26532780049886356,475490,0.19599389129220604,-0.8332594947112161,2426045,False
2021-06-03,2021-06-01,2021-05-25,326274,0.13448802474809823,0.26532780049886356,475490,0.19599389129220604,-0.8332594947112161,2426045,False
2021-06-04,2021-06-01,2021-05-25,326274,0.13448802474809823,0.26532780049886356,475490,0.19599389129220604,-0.8332594947112161,2426045,False
2021-06-07,2021-06-01,2021-05-25,326274,0.13448802474809823,0.26532780049886356,475490,0.19599389129220604,-0.8332594947112161,2426045,False
2021-06-08,2021-06-08,2021-06-01,346046,0.1380278914893982,0.33962022945145065,491297,0.19596437758294233,-0.8363113918876572,2507073,False
2021-06-09,2021-06-08,2021-06-01,346046,0.1380278914893982,0.33962022945145065,491297,0.19596437758294233,-0.8363113918876572,2507073,False
2021-06-10,2021-06-08,2021-06-01,346046,0.1380278914893982,0.33962022945145065,491297,0.19596437758294233,-0.8363113918876572,2507073,False
2021-06-11,2021-06-08,2021-06-01,346046,0.1380278914893982,0.33962022945145065,491297,0.19596437758294233,-0.8363113918876572,2507073,False
2021-06-14,2021-06-08,2021-06-01,346046,0.1380278914893982,0.33962022945145065,491297,0.19596437758294233,-0.8363113918876572,2507073,False
2021-06-15,2021-06-15,2021-06-08,371409,0.14788139355525093,0.5649429170393454,510499,0.203261912146884,-0.5989895840013928,2511533,False
2021-06-16,2021-06-15,2021-06-08,371409,0.14788139355525093,0.5649429170393454,510499,0.203261912146884,-0.5989895840013928,2511533,False
2021-06-17,2021-06-15,2021-06-08,371409,0.14788139355525093,0.5649429170393454,510499,0.203261912146884,-0.5989895840013928,2511533,False
2021-06-18,2021-06-15,2021-06-08,371409,0.14788139355525093,0.5649429170393454,510499,0.203261912146884,-0.5989895840013928,2511533,False
2021-06-21,2021-06-15,2021-06-08,371409,0.14788139355525093,0.5649429170393454,510499,0.203261912146884,-0.5989895840013928,2511533,False
2021-06-22,2021-06-22,2021-06-15,382611,0.1545991104947797,0.7151857776299746,523956,0.21171145507683467,-0.31222047278456416,2474859,False
2021-06-23,2021-06-22,2021-06-15,382611,0.1545991104947797,0.7151857776299746,523956,0.21171145507683467,-0.31222047278456416,2474859,False
2021-06-24,2021-06-22,2021-06-15,382611,0.1545991104947797,0.7151857776299746,523956,0.21171145507683467,-0.31222047278456416,2474859,False
2021-06-25,2021-06-22,2021-06-15,382611,0.1545991104947797,0.7151857776299746,523956,0.21171145507683467,-0.31222047278456416,2474859,False
2021-06-28,2021-06-22,2021-06-15,382611,0.1545991104947797,0.7151857776299746,523956,0.21171145507683467,-0.31222047278456416,2474859,False
2021-06-29,2021-06-29,2021-06-22,374397,0.1594320528276208,0.8183843361691167,526161,0.22405876208365394,0.11861844145403137,2348317,False
2021-06-30,2021-06-29,2021-06-22,374397,0.1594320528276208,0.8183843361691167,526161,0.22405876208365394,0.11861844145403137,2348317,False
2021-07-01,2021-06-29,2021-06-22,374397,0.1594320528276208,0.8183843361691167,526161,0.22405876208365394,0.11861844145403137,2348317,False
2021-07-02,2021-06-29,2021-06-22,374397,0.1594320528276208,0.8183843361691167,526161,0.22405876208365394,0.11861844145403137,2348317,False
2021-07-06,2021-07-06,2021-06-29,356103,0.15027782806690154,0.5775957478649573,522490,0.22049424572855436,-0.01931117301607261,2369631,False
2021-07-07,2021-07-06,2021-06-29,356103,0.15027782806690154,0.5775957478649573,522490,0.22049424572855436,-0.01931117301607261,2369631,False
2021-07-08,2021-07-06,2021-06-29,356103,0.15027782806690154,0.5775957478649573,522490,0.22049424572855436,-0.01931117301607261,2369631,False
2021-07-09,2021-07-06,2021-06-29,356103,0.15027782806690154,0.5775957478649573,522490,0.22049424572855436,-0.01931117301607261,2369631,False
2021-07-12,2021-07-06,2021-06-29,356103,0.15027782806690154,0.5775957478649573,522490,0.22049424572855436,-0.01931117301607261,2369631,False
2021-07-13,2021-07-13,2021-07-06,325879,0.1349984630973518,0.18658273342779774,497351,0.2060323636071395,-0.5482826343042856,2413946,False
2021-07-14,2021-07-13,2021-07-06,325879,0.1349984630973518,0.18658273342779774,497351,0.2060323636071395,-0.5482826343042856,2413946,False
2021-07-15,2021-07-13,2021-07-06,325879,0.1349984630973518,0.18658273342779774,497351,0.2060323636071395,-0.5482826343042856,2413946,False
2021-07-16,2021-07-13,2021-07-06,325879,0.1349984630973518,0.18658273342779774,497351,0.2060323636071395,-0.5482826343042856,2413946,False
2021-07-19,2021-07-13,2021-07-06,325879,0.1349984630973518,0.18658273342779774,497351,0.2060323636071395,-0.5482826343042856,2413946,False
2021-07-20,2021-07-20,2021-07-13,328943,0.13629090264243002,0.21169971596929893,499096,0.20679036898558795,-0.5225891236369723,2413536,False
2021-07-21,2021-07-20,2021-07-13,328943,0.13629090264243002,0.21169971596929893,499096,0.20679036898558795,-0.5225891236369723,2413536,False
2021-07-22,2021-07-20,2021-07-13,328943,0.13629090264243002,0.21169971596929893,499096,0.20679036898558795,-0.5225891236369723,2413536,False
2021-07-23,2021-07-20,2021-07-13,328943,0.13629090264243002,0.21169971596929893,499096,0.20679036898558795,-0.5225891236369723,2413536,False
2021-07-26,2021-07-20,2021-07-13,328943,0.13629090264243002,0.21169971596929893,499096,0.20679036898558795,-0.5225891236369723,2413536,False
2021-07-27,2021-07-27,2021-07-20,280351,0.12496283667078974,-0.0817231040329651,448740,0.2000200581686892,-0.7724847666728563,2243475,False
2021-07-28,2021-07-27,2021-07-20,280351,0.12496283667078974,-0.0817231040329651,448740,0.2000200581686892,-0.7724847666728563,2243475,False
2021-07-29,2021-07-27,2021-07-20,280351,0.12496283667078974,-0.0817231040329651,448740,0.2000200581686892,-0.7724847666728563,2243475,False
2021-07-30,2021-07-27,2021-07-20,280351,0.12496283667078974,-0.0817231040329651,448740,0.2000200581686892,-0.7724847666728563,2243475,False
2021-08-02,2021-07-27,2021-07-20,280351,0.12496283667078974,-0.0817231040329651,448740,0.2000200581686892,-0.7724847666728563,2243475,False
2021-08-03,2021-08-03,2021-07-27,277610,0.11930029630616441,-0.23322451899291613,449764,0.19328186473054187,-1.0224534778496517,2326985,False
2021-08-04,2021-08-03,2021-07-27,277610,0.11930029630616441,-0.23322451899291613,449764,0.19328186473054187,-1.0224534778496517,2326985,False
2021-08-05,2021-08-03,2021-07-27,277610,0.11930029630616441,-0.23322451899291613,449764,0.19328186473054187,-1.0224534778496517,2326985,False
2021-08-06,2021-08-03,2021-07-27,277610,0.11930029630616441,-0.23322451899291613,449764,0.19328186473054187,-1.0224534778496517,2326985,False
2021-08-09,2021-08-03,2021-07-27,277610,0.11930029630616441,-0.23322451899291613,449764,0.19328186473054187,-1.0224534778496517,2326985,False
2021-08-10,2021-08-10,2021-08-03,260240,0.11250206423822909,-0.41361165080821183,430527,0.1861173386500617,-1.2885038181716548,2313202,False
2021-08-11,2021-08-10,2021-08-03,260240,0.11250206423822909,-0.41361165080821183,430527,0.1861173386500617,-1.2885038181716548,2313202,False
2021-08-12,2021-08-10,2021-08-03,260240,0.11250206423822909,-0.41361165080821183,430527,0.1861173386500617,-1.2885038181716548,2313202,False
2021-08-13,2021-08-10,2021-08-03,260240,0.11250206423822909,-0.41361165080821183,430527,0.1861173386500617,-1.2885038181716548,2313202,False
2021-08-16,2021-08-10,2021-08-03,260240,0.11250206423822909,-0.41361165080821183,430527,0.1861173386500617,-1.2885038181716548,2313202,False
2021-08-17,2021-08-17,2021-08-10,247542,0.11278598355927709,-0.409563843036991,400413,0.18243762284752008,-1.419871365123178,2194794,False
2021-08-18,2021-08-17,2021-08-10,247542,0.11278598355927709,-0.409563843036991,400413,0.18243762284752008,-1.419871365123178,2194794,False
2021-08-19,2021-08-17,2021-08-10,247542,0.11278598355927709,-0.409563843036991,400413,0.18243762284752008,-1.419871365123178,2194794,False
2021-08-20,2021-08-17,2021-08-10,247542,0.11278598355927709,-0.409563843036991,400413,0.18243762284752008,-1.419871365123178,2194794,False
2021-08-23,2021-08-17,2021-08-10,247542,0.11278598355927709,-0.409563843036991,400413,0.18243762284752008,-1.419871365123178,2194794,False
2021-08-24,2021-08-24,2021-08-17,249175,0.11667145823051761,-0.31244077235655354,404323,0.18931656067477706,-1.1563328774671322,2135698,False
2021-08-25,2021-08-24,2021-08-17,249175,0.11667145823051761,-0.31244077235655354,404323,0.18931656067477706,-1.1563328774671322,2135698,False
2021-08-26,2021-08-24,2021-08-17,249175,0.11667145823051761,-0.31244077235655354,404323,0.18931656067477706,-1.1563328774671322,2135698,False
2021-08-27,2021-08-24,2021-08-17,249175,0.11667145823051761,-0.31244077235655354,404323,0.18931656067477706,-1.1563328774671322,2135698,False
2021-08-30,2021-08-24,2021-08-17,249175,0.11667145823051761,-0.31244077235655354,404323,0.18931656067477706,-1.1563328774671322,2135698,False
2021-08-31,2021-08-31,2021-08-24,240128,0.11754391718745946,-0.29616378287734413,374312,0.18322768994149924,-1.3665469363280358,2042879,False
2021-09-01,2021-08-31,2021-08-24,240128,0.11754391718745946,-0.29616378287734413,374312,0.18322768994149924,-1.3665469363280358,2042879,False
2021-09-02,2021-08-31,2021-08-24,240128,0.11754391718745946,-0.29616378287734413,374312,0.18322768994149924,-1.3665469363280358,2042879,False
2021-09-03,2021-08-31,2021-08-24,240128,0.11754391718745946,-0.29616378287734413,374312,0.18322768994149924,-1.3665469363280358,2042879,False
2021-09-07,2021-09-07,2021-08-31,238944,0.11519898176874291,-0.36510082471772765,356528,0.17188823562025568,-1.760331031438326,2074185,True
2021-09-08,2021-09-07,2021-08-31,238944,0.11519898176874291,-0.36510082471772765,356528,0.17188823562025568,-1.760331031438326,2074185,True
2021-09-09,2021-09-07,2021-08-31,238944,0.11519898176874291,-0.36510082471772765,356528,0.17188823562025568,-1.760331031438326,2074185,True
2021-09-10,2021-09-07,2021-08-31,238944,0.11519898176874291,-0.36510082471772765,356528,0.17188823562025568,-1.760331031438326,2074185,True
2021-09-13,2021-09-07,2021-08-31,238944,0.11519898176874291,-0.36510082471772765,356528,0.17188823562025568,-1.760331031438326,2074185,True
2021-09-14,2021-09-14,2021-09-07,235457,0.11171244945926993,-0.45642799238765813,349158,0.16565782893819156,-1.9368281540316736,2107706,True
2021-09-15,2021-09-14,2021-09-07,235457,0.11171244945926993,-0.45642799238765813,349158,0.16565782893819156,-1.9368281540316736,2107706,True
2021-09-16,2021-09-14,2021-09-07,235457,0.11171244945926993,-0.45642799238765813,349158,0.16565782893819156,-1.9368281540316736,2107706,True
2021-09-17,2021-09-14,2021-09-07,235457,0.11171244945926993,-0.45642799238765813,349158,0.16565782893819156,-1.9368281540316736,2107706,True
2021-09-20,2021-09-14,2021-09-07,235457,0.11171244945926993,-0.45642799238765813,349158,0.16565782893819156,-1.9368281540316736,2107706,True
2021-09-21,2021-09-21,2021-09-14,258231,0.12037815272951032,-0.23661070524008704,355064,0.1655182701563749,-1.896451855317999,2145165,True
2021-09-22,2021-09-21,2021-09-14,258231,0.12037815272951032,-0.23661070524008704,355064,0.1655182701563749,-1.896451855317999,2145165,True
2021-09-23,2021-09-21,2021-09-14,258231,0.12037815272951032,-0.23661070524008704,355064,0.1655182701563749,-1.896451855317999,2145165,True
2021-09-24,2021-09-21,2021-09-14,258231,0.12037815272951032,-0.23661070524008704,355064,0.1655182701563749,-1.896451855317999,2145165,True
2021-09-27,2021-09-21,2021-09-14,258231,0.12037815272951032,-0.23661070524008704,355064,0.1655182701563749,-1.896451855317999,2145165,True
2021-09-28,2021-09-28,2021-09-21,245810,0.11696560361408061,-0.32879083590187436,355978,0.16938766381893813,-1.7257077482768932,2101558,True
2021-09-29,2021-09-28,2021-09-21,245810,0.11696560361408061,-0.32879083590187436,355978,0.16938766381893813,-1.7257077482768932,2101558,True
2021-09-30,2021-09-28,2021-09-21,245810,0.11696560361408061,-0.32879083590187436,355978,0.16938766381893813,-1.7257077482768932,2101558,True
2021-10-01,2021-09-28,2021-09-21,245810,0.11696560361408061,-0.32879083590187436,355978,0.16938766381893813,-1.7257077482768932,2101558,True
2021-10-04,2021-09-28,2021-09-21,245810,0.11696560361408061,-0.32879083590187436,355978,0.16938766381893813,-1.7257077482768932,2101558,True
2021-10-05,2021-10-05,2021-09-28,257917,0.1185716801083487,-0.30364702821085515,373814,0.17185278220521433,-1.6254293328345388,2175199,True
2021-10-06,2021-10-05,2021-09-28,257917,0.1185716801083487,-0.30364702821085515,373814,0.17185278220521433,-1.6254293328345388,2175199,True
2021-10-07,2021-10-05,2021-09-28,257917,0.1185716801083487,-0.30364702821085515,373814,0.17185278220521433,-1.6254293328345388,2175199,True
2021-10-08,2021-10-05,2021-09-28,257917,0.1185716801083487,-0.30364702821085515,373814,0.17185278220521433,-1.6254293328345388,2175199,True
2021-10-11,2021-10-05,2021-09-28,257917,0.1185716801083487,-0.30364702821085515,373814,0.17185278220521433,-1.6254293328345388,2175199,True
2021-10-12,2021-10-12,2021-10-05,278106,0.12466682266493455,-0.16825547245952105,398307,0.17854943127872855,-1.4079743491912258,2230794,False
2021-10-13,2021-10-12,2021-10-05,278106,0.12466682266493455,-0.16825547245952105,398307,0.17854943127872855,-1.4079743491912258,2230794,False
2021-10-14,2021-10-12,2021-10-05,278106,0.12466682266493455,-0.16825547245952105,398307,0.17854943127872855,-1.4079743491912258,2230794,False
2021-10-15,2021-10-12,2021-10-05,278106,0.12466682266493455,-0.16825547245952105,398307,0.17854943127872855,-1.4079743491912258,2230794,False
2021-10-18,2021-10-12,2021-10-05,278106,0.12466682266493455,-0.16825547245952105,398307,0.17854943127872855,-1.4079743491912258,2230794,False
2021-10-19,2021-10-19,2021-10-12,294148,0.13183239535914543,0.0002643021634457434,404776,0.18141408292388,-1.3245287932811523,2231227,False
2021-10-20,2021-10-19,2021-10-12,294148,0.13183239535914543,0.0002643021634457434,404776,0.18141408292388,-1.3245287932811523,2231227,False
2021-10-21,2021-10-19,2021-10-12,294148,0.13183239535914543,0.0002643021634457434,404776,0.18141408292388,-1.3245287932811523,2231227,False
2021-10-22,2021-10-19,2021-10-12,294148,0.13183239535914543,0.0002643021634457434,404776,0.18141408292388,-1.3245287932811523,2231227,False
2021-10-25,2021-10-19,2021-10-12,294148,0.13183239535914543,0.0002643021634457434,404776,0.18141408292388,-1.3245287932811523,2231227,False
2021-10-26,2021-10-26,2021-10-19,301474,0.13671738419628415,0.11405097988239885,429594,0.19481934742770018,-0.8753969600986693,2205089,False
2021-10-27,2021-10-26,2021-10-19,301474,0.13671738419628415,0.11405097988239885,429594,0.19481934742770018,-0.8753969600986693,2205089,False
2021-10-28,2021-10-26,2021-10-19,301474,0.13671738419628415,0.11405097988239885,429594,0.19481934742770018,-0.8753969600986693,2205089,False
2021-10-29,2021-10-26,2021-10-19,301474,0.13671738419628415,0.11405097988239885,429594,0.19481934742770018,-0.8753969600986693,2205089,False
2021-11-01,2021-10-26,2021-10-19,301474,0.13671738419628415,0.11405097988239885,429594,0.19481934742770018,-0.8753969600986693,2205089,False
2021-11-02,2021-11-02,2021-10-26,291608,0.13598842358019342,0.07310732318738682,423718,0.19759657781183096,-0.7849587460347275,2144359,False
2021-11-03,2021-11-02,2021-10-26,291608,0.13598842358019342,0.07310732318738682,423718,0.19759657781183096,-0.7849587460347275,2144359,False
2021-11-04,2021-11-02,2021-10-26,291608,0.13598842358019342,0.07310732318738682,423718,0.19759657781183096,-0.7849587460347275,2144359,False
2021-11-05,2021-11-02,2021-10-26,291608,0.13598842358019342,0.07310732318738682,423718,0.19759657781183096,-0.7849587460347275,2144359,False
2021-11-08,2021-11-02,2021-10-26,291608,0.13598842358019342,0.07310732318738682,423718,0.19759657781183096,-0.7849587460347275,2144359,False
2021-11-09,2021-11-09,2021-11-02,277817,0.13095550660606065,-0.09336716952917956,419293,0.1976435107692293,-0.7848456864405513,2121461,False
2021-11-10,2021-11-09,2021-11-02,277817,0.13095550660606065,-0.09336716952917956,419293,0.1976435107692293,-0.7848456864405513,2121461,False
2021-11-11,2021-11-09,2021-11-02,277817,0.13095550660606065,-0.09336716952917956,419293,0.1976435107692293,-0.7848456864405513,2121461,False
2021-11-12,2021-11-09,2021-11-02,277817,0.13095550660606065,-0.09336716952917956,419293,0.1976435107692293,-0.7848456864405513,2121461,False
2021-11-15,2021-11-09,2021-11-02,277817,0.13095550660606065,-0.09336716952917956,419293,0.1976435107692293,-0.7848456864405513,2121461,False
2021-11-16,2021-11-16,2021-11-09,296233,0.14232494228602588,0.22664920821056123,421312,0.20241906230706957,-0.6208164206811615,2081385,False
2021-11-17,2021-11-16,2021-11-09,296233,0.14232494228602588,0.22664920821056123,421312,0.20241906230706957,-0.6208164206811615,2081385,False
2021-11-18,2021-11-16,2021-11-09,296233,0.14232494228602588,0.22664920821056123,421312,0.20241906230706957,-0.6208164206811615,2081385,False
2021-11-19,2021-11-16,2021-11-09,296233,0.14232494228602588,0.22664920821056123,421312,0.20241906230706957,-0.6208164206811615,2081385,False
2021-11-22,2021-11-16,2021-11-09,296233,0.14232494228602588,0.22664920821056123,421312,0.20241906230706957,-0.6208164206811615,2081385,False
2021-11-23,2021-11-23,2021-11-16,271747,0.13206776913084112,-0.10197984770282384,415785,0.20206956245355706,-0.6328247166349831,2057633,False
2021-11-24,2021-11-23,2021-11-16,271747,0.13206776913084112,-0.10197984770282384,415785,0.20206956245355706,-0.6328247166349831,2057633,False
2021-11-26,2021-11-23,2021-11-16,271747,0.13206776913084112,-0.10197984770282384,415785,0.20206956245355706,-0.6328247166349831,2057633,False
2021-11-29,2021-11-23,2021-11-16,271747,0.13206776913084112,-0.10197984770282384,415785,0.20206956245355706,-0.6328247166349831,2057633,False
2021-11-30,2021-11-30,2021-11-23,268340,0.1322801792195795,-0.10702533958497551,407657,0.20095752038501943,-0.6654738781518211,2028573,False
2021-12-01,2021-11-30,2021-11-23,268340,0.1322801792195795,-0.10702533958497551,407657,0.20095752038501943,-0.6654738781518211,2028573,False
2021-12-02,2021-11-30,2021-11-23,268340,0.1322801792195795,-0.10702533958497551,407657,0.20095752038501943,-0.6654738781518211,2028573,False
2021-12-03,2021-11-30,2021-11-23,268340,0.1322801792195795,-0.10702533958497551,407657,0.20095752038501943,-0.6654738781518211,2028573,False
2021-12-06,2021-11-30,2021-11-23,268340,0.1322801792195795,-0.10702533958497551,407657,0.20095752038501943,-0.6654738781518211,2028573,False
2021-12-07,2021-12-07,2021-11-30,233706,0.1149400527028662,-0.6668371412578132,387234,0.1904473841850089,-1.0267760075435155,2033286,False
2021-12-08,2021-12-07,2021-11-30,233706,0.1149400527028662,-0.6668371412578132,387234,0.1904473841850089,-1.0267760075435155,2033286,False
2021-12-09,2021-12-07,2021-11-30,233706,0.1149400527028662,-0.6668371412578132,387234,0.1904473841850089,-1.0267760075435155,2033286,False
2021-12-10,2021-12-07,2021-11-30,233706,0.1149400527028662,-0.6668371412578132,387234,0.1904473841850089,-1.0267760075435155,2033286,False
2021-12-13,2021-12-07,2021-11-30,233706,0.1149400527028662,-0.6668371412578132,387234,0.1904473841850089,-1.0267760075435155,2033286,False
2021-12-14,2021-12-14,2021-12-07,226493,0.11482325290894564,-0.6736004410985326,367232,0.18617252105918472,-1.1557504448614637,1972536,False
2021-12-15,2021-12-14,2021-12-07,226493,0.11482325290894564,-0.6736004410985326,367232,0.18617252105918472,-1.1557504448614637,1972536,False
2021-12-16,2021-12-14,2021-12-07,226493,0.11482325290894564,-0.6736004410985326,367232,0.18617252105918472,-1.1557504448614637,1972536,False
2021-12-17,2021-12-14,2021-12-07,226493,0.11482325290894564,-0.6736004410985326,367232,0.18617252105918472,-1.1557504448614637,1972536,False
2021-12-20,2021-12-14,2021-12-07,226493,0.11482325290894564,-0.6736004410985326,367232,0.18617252105918472,-1.1557504448614637,1972536,False
2021-12-21,2021-12-21,2021-12-14,211854,0.10845414424205628,-0.8637346236632282,347137,0.17770939547874806,-1.417208177466847,1953397,False
2021-12-22,2021-12-21,2021-12-14,211854,0.10845414424205628,-0.8637346236632282,347137,0.17770939547874806,-1.417208177466847,1953397,False
2021-12-23,2021-12-21,2021-12-14,211854,0.10845414424205628,-0.8637346236632282,347137,0.17770939547874806,-1.417208177466847,1953397,False
2021-12-27,2021-12-21,2021-12-14,211854,0.10845414424205628,-0.8637346236632282,347137,0.17770939547874806,-1.417208177466847,1953397,False
2021-12-28,2021-12-28,2021-12-21,216913,0.11460500100121467,-0.6623539743283202,340255,0.17977218800011202,-1.3214688646801718,1892701,False
2021-12-29,2021-12-28,2021-12-21,216913,0.11460500100121467,-0.6623539743283202,340255,0.17977218800011202,-1.3214688646801718,1892701,False
2021-12-30,2021-12-28,2021-12-21,216913,0.11460500100121467,-0.6623539743283202,340255,0.17977218800011202,-1.3214688646801718,1892701,False
2021-12-31,2021-12-28,2021-12-21,216913,0.11460500100121467,-0.6623539743283202,340255,0.17977218800011202,-1.3214688646801718,1892701,False
2022-01-03,2021-12-28,2021-12-21,216913,0.11460500100121467,-0.6623539743283202,340255,0.17977218800011202,-1.3214688646801718,1892701,False
2022-01-04,2022-01-04,2021-12-28,233873,0.12524399693895966,-0.3251579356206204,338429,0.1812359726862664,-1.247850541988642,1867339,False
2022-01-05,2022-01-04,2021-12-28,233873,0.12524399693895966,-0.3251579356206204,338429,0.1812359726862664,-1.247850541988642,1867339,False
2022-01-06,2022-01-04,2021-12-28,233873,0.12524399693895966,-0.3251579356206204,338429,0.1812359726862664,-1.247850541988642,1867339,False
2022-01-07,2022-01-04,2021-12-28,233873,0.12524399693895966,-0.3251579356206204,338429,0.1812359726862664,-1.247850541988642,1867339,False
2022-01-10,2022-01-04,2021-12-28,233873,0.12524399693895966,-0.3251579356206204,338429,0.1812359726862664,-1.247850541988642,1867339,False
2022-01-11,2022-01-11,2022-01-04,233355,0.12365596241066465,-0.37013717808993407,332825,0.17636560471954518,-1.3872558347295683,1887131,False
2022-01-12,2022-01-11,2022-01-04,233355,0.12365596241066465,-0.37013717808993407,332825,0.17636560471954518,-1.3872558347295683,1887131,False
2022-01-13,2022-01-11,2022-01-04,233355,0.12365596241066465,-0.37013717808993407,332825,0.17636560471954518,-1.3872558347295683,1887131,False
2022-01-14,2022-01-11,2022-01-04,233355,0.12365596241066465,-0.37013717808993407,332825,0.17636560471954518,-1.3872558347295683,1887131,False
2022-01-18,2022-01-18,2022-01-11,258654,0.13152243830134522,-0.13236526270095625,360505,0.1833124429540098,-1.1262856299401174,1966615,False
2022-01-19,2022-01-18,2022-01-11,258654,0.13152243830134522,-0.13236526270095625,360505,0.1833124429540098,-1.1262856299401174,1966615,False
2022-01-20,2022-01-18,2022-01-11,258654,0.13152243830134522,-0.13236526270095625,360505,0.1833124429540098,-1.1262856299401174,1966615,False
2022-01-21,2022-01-18,2022-01-11,258654,0.13152243830134522,-0.13236526270095625,360505,0.1833124429540098,-1.1262856299401174,1966615,False
2022-01-24,2022-01-18,2022-01-11,258654,0.13152243830134522,-0.13236526270095625,360505,0.1833124429540098,-1.1262856299401174,1966615,False
2022-01-25,2022-01-25,2022-01-18,279511,0.1357136753215729,-0.0077008357022376964,385781,0.18731197476747505,-0.9704644243532952,2059564,False
2022-01-26,2022-01-25,2022-01-18,279511,0.1357136753215729,-0.0077008357022376964,385781,0.18731197476747505,-0.9704644243532952,2059564,False
2022-01-27,2022-01-25,2022-01-18,279511,0.1357136753215729,-0.0077008357022376964,385781,0.18731197476747505,-0.9704644243532952,2059564,False
2022-01-28,2022-01-25,2022-01-18,279511,0.1357136753215729,-0.0077008357022376964,385781,0.18731197476747505,-0.9704644243532952,2059564,False
2022-01-31,2022-01-25,2022-01-18,279511,0.1357136753215729,-0.0077008357022376964,385781,0.18731197476747505,-0.9704644243532952,2059564,False
2022-02-01,2022-02-01,2022-01-25,263854,0.1258849023422777,-0.3342073196614161,373415,0.17815652144042396,-1.2627790548917297,2095994,False
2022-02-02,2022-02-01,2022-01-25,263854,0.1258849023422777,-0.3342073196614161,373415,0.17815652144042396,-1.2627790548917297,2095994,False
2022-02-03,2022-02-01,2022-01-25,263854,0.1258849023422777,-0.3342073196614161,373415,0.17815652144042396,-1.2627790548917297,2095994,False
2022-02-04,2022-02-01,2022-01-25,263854,0.1258849023422777,-0.3342073196614161,373415,0.17815652144042396,-1.2627790548917297,2095994,False
2022-02-07,2022-02-01,2022-01-25,263854,0.1258849023422777,-0.3342073196614161,373415,0.17815652144042396,-1.2627790548917297,2095994,False
2022-02-08,2022-02-08,2022-02-01,269135,0.12854301045738836,-0.280866229166655,368904,0.17619421751081202,-1.3306126142004575,2093735,False
2022-02-09,2022-02-08,2022-02-01,269135,0.12854301045738836,-0.280866229166655,368904,0.17619421751081202,-1.3306126142004575,2093735,False
2022-02-10,2022-02-08,2022-02-01,269135,0.12854301045738836,-0.280866229166655,368904,0.17619421751081202,-1.3306126142004575,2093735,False
2022-02-11,2022-02-08,2022-02-01,269135,0.12854301045738836,-0.280866229166655,368904,0.17619421751081202,-1.3306126142004575,2093735,False
2022-02-14,2022-02-08,2022-02-01,269135,0.12854301045738836,-0.280866229166655,368904,0.17619421751081202,-1.3306126142004575,2093735,False
2022-02-15,2022-02-15,2022-02-08,260644,0.12007475994860599,-0.6045491329428915,363383,0.16740506781051662,-1.6166197169312393,2170681,True
2022-02-16,2022-02-15,2022-02-08,260644,0.12007475994860599,-0.6045491329428915,363383,0.16740506781051662,-1.6166197169312393,2170681,True
2022-02-17,2022-02-15,2022-02-08,260644,0.12007475994860599,-0.6045491329428915,363383,0.16740506781051662,-1.6166197169312393,2170681,True
2022-02-18,2022-02-15,2022-02-08,260644,0.12007475994860599,-0.6045491329428915,363383,0.16740506781051662,-1.6166197169312393,2170681,True
2022-02-22,2022-02-22,2022-02-15,253455,0.11939891405426337,-0.6802507652712526,348093,0.1639814806963394,-1.7034760435082614,2122758,True
2022-02-23,2022-02-22,2022-02-15,253455,0.11939891405426337,-0.6802507652712526,348093,0.1639814806963394,-1.7034760435082614,2122758,True
2022-02-24,2022-02-22,2022-02-15,253455,0.11939891405426337,-0.6802507652712526,348093,0.1639814806963394,-1.7034760435082614,2122758,True
2022-02-25,2022-02-22,2022-02-15,253455,0.11939891405426337,-0.6802507652712526,348093,0.1639814806963394,-1.7034760435082614,2122758,True
2022-02-28,2022-02-22,2022-02-15,253455,0.11939891405426337,-0.6802507652712526,348093,0.1639814806963394,-1.7034760435082614,2122758,True
2022-03-01,2022-03-01,2022-02-22,233237,0.11332460697370236,-0.9465395352386642,339041,0.16473238839880047,-1.6481580547615198,2058132,True
2022-03-02,2022-03-01,2022-02-22,233237,0.11332460697370236,-0.9465395352386642,339041,0.16473238839880047,-1.6481580547615198,2058132,True
2022-03-03,2022-03-01,2022-02-22,233237,0.11332460697370236,-0.9465395352386642,339041,0.16473238839880047,-1.6481580547615198,2058132,True
2022-03-04,2022-03-01,2022-02-22,233237,0.11332460697370236,-0.9465395352386642,339041,0.16473238839880047,-1.6481580547615198,2058132,True
2022-03-07,2022-03-01,2022-02-22,233237,0.11332460697370236,-0.9465395352386642,339041,0.16473238839880047,-1.6481580547615198,2058132,True
2022-03-08,2022-03-08,2022-03-01,244277,0.12042390444846279,-0.7469915323848889,368663,0.18174383132953015,-1.089779209475098,2028476,False
2022-03-09,2022-03-08,2022-03-01,244277,0.12042390444846279,-0.7469915323848889,368663,0.18174383132953015,-1.089779209475098,2028476,False
2022-03-10,2022-03-08,2022-03-01,244277,0.12042390444846279,-0.7469915323848889,368663,0.18174383132953015,-1.089779209475098,2028476,False
2022-03-11,2022-03-08,2022-03-01,244277,0.12042390444846279,-0.7469915323848889,368663,0.18174383132953015,-1.089779209475098,2028476,False
2022-03-14,2022-03-08,2022-03-01,244277,0.12042390444846279,-0.7469915323848889,368663,0.18174383132953015,-1.089779209475098,2028476,False
2022-03-15,2022-03-15,2022-03-08,234837,0.12379558180554925,-0.6627995008744367,361665,0.19065364100931273,-0.8045408462168584,1896974,False
2022-03-16,2022-03-15,2022-03-08,234837,0.12379558180554925,-0.6627995008744367,361665,0.19065364100931273,-0.8045408462168584,1896974,False
2022-03-17,2022-03-15,2022-03-08,234837,0.12379558180554925,-0.6627995008744367,361665,0.19065364100931273,-0.8045408462168584,1896974,False
2022-03-18,2022-03-15,2022-03-08,234837,0.12379558180554925,-0.6627995008744367,361665,0.19065364100931273,-0.8045408462168584,1896974,False
2022-03-21,2022-03-15,2022-03-08,234837,0.12379558180554925,-0.6627995008744367,361665,0.19065364100931273,-0.8045408462168584,1896974,False
2022-03-22,2022-03-22,2022-03-15,223651,0.12084056896661649,-0.8283761712626139,341815,0.18468559980203092,-0.9926504181666974,1850794,False
2022-03-23,2022-03-22,2022-03-15,223651,0.12084056896661649,-0.8283761712626139,341815,0.18468559980203092,-0.9926504181666974,1850794,False
2022-03-24,2022-03-22,2022-03-15,223651,0.12084056896661649,-0.8283761712626139,341815,0.18468559980203092,-0.9926504181666974,1850794,False
2022-03-25,2022-03-22,2022-03-15,223651,0.12084056896661649,-0.8283761712626139,341815,0.18468559980203092,-0.9926504181666974,1850794,False
2022-03-28,2022-03-22,2022-03-15,223651,0.12084056896661649,-0.8283761712626139,341815,0.18468559980203092,-0.9926504181666974,1850794,False
2022-03-29,2022-03-29,2022-03-22,216624,0.12114006680419705,-0.860726297347442,339969,0.19011682625819884,-0.8063472600460292,1788211,False
2022-03-30,2022-03-29,2022-03-22,216624,0.12114006680419705,-0.860726297347442,339969,0.19011682625819884,-0.8063472600460292,1788211,False
2022-03-31,2022-03-29,2022-03-22,216624,0.12114006680419705,-0.860726297347442,339969,0.19011682625819884,-0.8063472600460292,1788211,False
2022-04-01,2022-03-29,2022-03-22,216624,0.12114006680419705,-0.860726297347442,339969,0.19011682625819884,-0.8063472600460292,1788211,False
2022-04-04,2022-03-29,2022-03-22,216624,0.12114006680419705,-0.860726297347442,339969,0.19011682625819884,-0.8063472600460292,1788211,False
2022-04-05,2022-04-05,2022-03-29,212034,0.1180636873729418,-1.056166542568931,318731,0.17747416518136297,-1.2180149631497015,1795929,False
2022-04-06,2022-04-05,2022-03-29,212034,0.1180636873729418,-1.056166542568931,318731,0.17747416518136297,-1.2180149631497015,1795929,False
2022-04-07,2022-04-05,2022-03-29,212034,0.1180636873729418,-1.056166542568931,318731,0.17747416518136297,-1.2180149631497015,1795929,False
2022-04-08,2022-04-05,2022-03-29,212034,0.1180636873729418,-1.056166542568931,318731,0.17747416518136297,-1.2180149631497015,1795929,False
2022-04-11,2022-04-05,2022-03-29,212034,0.1180636873729418,-1.056166542568931,318731,0.17747416518136297,-1.2180149631497015,1795929,False
2022-04-12,2022-04-12,2022-04-05,205595,0.11275574953136124,-1.3562649982561314,308594,0.1692441342001551,-1.462287510854813,1823366,False
2022-04-13,2022-04-12,2022-04-05,205595,0.11275574953136124,-1.3562649982561314,308594,0.1692441342001551,-1.462287510854813,1823366,False
2022-04-14,2022-04-12,2022-04-05,205595,0.11275574953136124,-1.3562649982561314,308594,0.1692441342001551,-1.462287510854813,1823366,False
2022-04-18,2022-04-12,2022-04-05,205595,0.11275574953136124,-1.3562649982561314,308594,0.1692441342001551,-1.462287510854813,1823366,False
2022-04-19,2022-04-19,2022-04-12,207317,0.1162269968745182,-1.246513522582882,304778,0.17086602475157325,-1.3819905103726122,1783725,False
2022-04-20,2022-04-19,2022-04-12,207317,0.1162269968745182,-1.246513522582882,304778,0.17086602475157325,-1.3819905103726122,1783725,False
2022-04-21,2022-04-19,2022-04-12,207317,0.1162269968745182,-1.246513522582882,304778,0.17086602475157325,-1.3819905103726122,1783725,False
2022-04-22,2022-04-19,2022-04-12,207317,0.1162269968745182,-1.246513522582882,304778,0.17086602475157325,-1.3819905103726122,1783725,False
2022-04-25,2022-04-19,2022-04-12,207317,0.1162269968745182,-1.246513522582882,304778,0.17086602475157325,-1.3819905103726122,1783725,False
2022-04-26,2022-04-26,2022-04-19,206784,0.11882089294949147,-1.1336993271407159,307697,0.17680687237832557,-1.1687112969902598,1740300,False
2022-04-27,2022-04-26,2022-04-19,206784,0.11882089294949147,-1.1336993271407159,307697,0.17680687237832557,-1.1687112969902598,1740300,False
2022-04-28,2022-04-26,2022-04-19,206784,0.11882089294949147,-1.1336993271407159,307697,0.17680687237832557,-1.1687112969902598,1740300,False
2022-04-29,2022-04-26,2022-04-19,206784,0.11882089294949147,-1.1336993271407159,307697,0.17680687237832557,-1.1687112969902598,1740300,False
2022-05-02,2022-04-26,2022-04-19,206784,0.11882089294949147,-1.1336993271407159,307697,0.17680687237832557,-1.1687112969902598,1740300,False
2022-05-03,2022-05-03,2022-04-26,220951,0.1274531520213015,-0.7078652608372428,316063,0.1823174621853199,-0.9725522636151229,1733586,False
2022-05-04,2022-05-03,2022-04-26,220951,0.1274531520213015,-0.7078652608372428,316063,0.1823174621853199,-0.9725522636151229,1733586,False
2022-05-05,2022-05-03,2022-04-26,220951,0.1274531520213015,-0.7078652608372428,316063,0.1823174621853199,-0.9725522636151229,1733586,False
2022-05-06,2022-05-03,2022-04-26,220951,0.1274531520213015,-0.7078652608372428,316063,0.1823174621853199,-0.9725522636151229,1733586,False
2022-05-09,2022-05-03,2022-04-26,220951,0.1274531520213015,-0.7078652608372428,316063,0.1823174621853199,-0.9725522636151229,1733586,False
2022-05-10,2022-05-10,2022-05-03,224526,0.12818600976041983,-0.6627162758445355,321701,0.18366499882390824,-0.9110791328929181,1751564,False
2022-05-11,2022-05-10,2022-05-03,224526,0.12818600976041983,-0.6627162758445355,321701,0.18366499882390824,-0.9110791328929181,1751564,False
2022-05-12,2022-05-10,2022-05-03,224526,0.12818600976041983,-0.6627162758445355,321701,0.18366499882390824,-0.9110791328929181,1751564,False
2022-05-13,2022-05-10,2022-05-03,224526,0.12818600976041983,-0.6627162758445355,321701,0.18366499882390824,-0.9110791328929181,1751564,False
2022-05-16,2022-05-10,2022-05-03,224526,0.12818600976041983,-0.6627162758445355,321701,0.18366499882390824,-0.9110791328929181,1751564,False
2022-05-17,2022-05-17,2022-05-10,222101,0.12789460288357554,-0.6636886259495746,310803,0.1789727478040348,-1.0438706202029833,1736594,False
2022-05-18,2022-05-17,2022-05-10,222101,0.12789460288357554,-0.6636886259495746,310803,0.1789727478040348,-1.0438706202029833,1736594,False
2022-05-19,2022-05-17,2022-05-10,222101,0.12789460288357554,-0.6636886259495746,310803,0.1789727478040348,-1.0438706202029833,1736594,False
2022-05-20,2022-05-17,2022-05-10,222101,0.12789460288357554,-0.6636886259495746,310803,0.1789727478040348,-1.0438706202029833,1736594,False
2022-05-23,2022-05-17,2022-05-10,222101,0.12789460288357554,-0.6636886259495746,310803,0.1789727478040348,-1.0438706202029833,1736594,False
2022-05-24,2022-05-24,2022-05-17,263848,0.1524546922714679,0.5302303554170641,325637,0.18815715346413084,-0.7289124746143195,1730665,False
2022-05-25,2022-05-24,2022-05-17,263848,0.1524546922714679,0.5302303554170641,325637,0.18815715346413084,-0.7289124746143195,1730665,False
2022-05-26,2022-05-24,2022-05-17,263848,0.1524546922714679,0.5302303554170641,325637,0.18815715346413084,-0.7289124746143195,1730665,False
2022-05-27,2022-05-24,2022-05-17,263848,0.1524546922714679,0.5302303554170641,325637,0.18815715346413084,-0.7289124746143195,1730665,False
2022-05-31,2022-05-31,2022-05-24,257659,0.15051379695688263,0.45332184823915034,334761,0.1955536161480212,-0.47207316310567893,1711863,False
2022-06-01,2022-05-31,2022-05-24,257659,0.15051379695688263,0.45332184823915034,334761,0.1955536161480212,-0.47207316310567893,1711863,False
2022-06-02,2022-05-31,2022-05-24,257659,0.15051379695688263,0.45332184823915034,334761,0.1955536161480212,-0.47207316310567893,1711863,False
2022-06-03,2022-05-31,2022-05-24,257659,0.15051379695688263,0.45332184823915034,334761,0.1955536161480212,-0.47207316310567893,1711863,False
2022-06-06,2022-05-31,2022-05-24,257659,0.15051379695688263,0.45332184823915034,334761,0.1955536161480212,-0.47207316310567893,1711863,False
2022-06-07,2022-06-07,2022-05-31,265707,0.14861168906130448,0.38577410578939647,332976,0.1862356873431145,-0.7660645305868882,1787928,False
2022-06-08,2022-06-07,2022-05-31,265707,0.14861168906130448,0.38577410578939647,332976,0.1862356873431145,-0.7660645305868882,1787928,False
2022-06-09,2022-06-07,2022-05-31,265707,0.14861168906130448,0.38577410578939647,332976,0.1862356873431145,-0.7660645305868882,1787928,False
2022-06-10,2022-06-07,2022-05-31,265707,0.14861168906130448,0.38577410578939647,332976,0.1862356873431145,-0.7660645305868882,1787928,False
2022-06-13,2022-06-07,2022-05-31,265707,0.14861168906130448,0.38577410578939647,332976,0.1862356873431145,-0.7660645305868882,1787928,False
2022-06-14,2022-06-14,2022-06-07,263481,0.14714528726953488,0.3400969471668863,328256,0.18331994875512253,-0.8498433549829849,1790618,False
2022-06-15,2022-06-14,2022-06-07,263481,0.14714528726953488,0.3400969471668863,328256,0.18331994875512253,-0.8498433549829849,1790618,False
2022-06-16,2022-06-14,2022-06-07,263481,0.14714528726953488,0.3400969471668863,328256,0.18331994875512253,-0.8498433549829849,1790618,False
2022-06-17,2022-06-14,2022-06-07,263481,0.14714528726953488,0.3400969471668863,328256,0.18331994875512253,-0.8498433549829849,1790618,False
2022-06-21,2022-06-21,2022-06-14,249840,0.14562207039332647,0.28397510690270694,302946,0.17657550327160054,-1.0639421338263737,1715674,False
2022-06-22,2022-06-21,2022-06-14,249840,0.14562207039332647,0.28397510690270694,302946,0.17657550327160054,-1.0639421338263737,1715674,False
2022-06-23,2022-06-21,2022-06-14,249840,0.14562207039332647,0.28397510690270694,302946,0.17657550327160054,-1.0639421338263737,1715674,False
2022-06-24,2022-06-21,2022-06-14,249840,0.14562207039332647,0.28397510690270694,302946,0.17657550327160054,-1.0639421338263737,1715674,False
2022-06-27,2022-06-21,2022-06-14,249840,0.14562207039332647,0.28397510690270694,302946,0.17657550327160054,-1.0639421338263737,1715674,False
2022-06-28,2022-06-28,2022-06-21,216353,0.13044031360708438,-0.4994533534351751,289502,0.17454221420492502,-1.1271792045385762,1658636,False
2022-06-29,2022-06-28,2022-06-21,216353,0.13044031360708438,-0.4994533534351751,289502,0.17454221420492502,-1.1271792045385762,1658636,False
2022-06-30,2022-06-28,2022-06-21,216353,0.13044031360708438,-0.4994533534351751,289502,0.17454221420492502,-1.1271792045385762,1658636,False
2022-07-01,2022-06-28,2022-06-21,216353,0.13044031360708438,-0.4994533534351751,289502,0.17454221420492502,-1.1271792045385762,1658636,False
2022-07-05,2022-07-05,2022-06-28,225749,0.13668784656501767,-0.140918455702912,299692,0.18145929378541337,-0.8710546317240266,1651566,False
2022-07-06,2022-07-05,2022-06-28,225749,0.13668784656501767,-0.140918455702912,299692,0.18145929378541337,-0.8710546317240266,1651566,False
2022-07-07,2022-07-05,2022-06-28,225749,0.13668784656501767,-0.140918455702912,299692,0.18145929378541337,-0.8710546317240266,1651566,False
2022-07-08,2022-07-05,2022-06-28,225749,0.13668784656501767,-0.140918455702912,299692,0.18145929378541337,-0.8710546317240266,1651566,False
2022-07-11,2022-07-05,2022-06-28,225749,0.13668784656501767,-0.140918455702912,299692,0.18145929378541337,-0.8710546317240266,1651566,False
2022-07-12,2022-07-12,2022-07-05,191702,0.11704404888812367,-1.2271573705065162,280523,0.1712738924280556,-1.2303447381954955,1637862,False
2022-07-13,2022-07-12,2022-07-05,191702,0.11704404888812367,-1.2271573705065162,280523,0.1712738924280556,-1.2303447381954955,1637862,False
2022-07-14,2022-07-12,2022-07-05,191702,0.11704404888812367,-1.2271573705065162,280523,0.1712738924280556,-1.2303447381954955,1637862,False
2022-07-15,2022-07-12,2022-07-05,191702,0.11704404888812367,-1.2271573705065162,280523,0.1712738924280556,-1.2303447381954955,1637862,False
2022-07-18,2022-07-12,2022-07-05,191702,0.11704404888812367,-1.2271573705065162,280523,0.1712738924280556,-1.2303447381954955,1637862,False
2022-07-19,2022-07-19,2022-07-12,200495,0.12431462491079195,-0.8010340322248949,268328,0.1663736984616224,-1.3993721948135234,1612803,False
2022-07-20,2022-07-19,2022-07-12,200495,0.12431462491079195,-0.8010340322248949,268328,0.1663736984616224,-1.3993721948135234,1612803,False
2022-07-21,2022-07-19,2022-07-12,200495,0.12431462491079195,-0.8010340322248949,268328,0.1663736984616224,-1.3993721948135234,1612803,False
2022-07-22,2022-07-19,2022-07-12,200495,0.12431462491079195,-0.8010340322248949,268328,0.1663736984616224,-1.3993721948135234,1612803,False
2022-07-25,2022-07-19,2022-07-12,200495,0.12431462491079195,-0.8010340322248949,268328,0.1663736984616224,-1.3993721948135234,1612803,False
2022-07-26,2022-07-26,2022-07-19,211412,0.13400726158963905,-0.2148588944558015,271091,0.17183585866269105,-1.196266788929315,1577616,False
2022-07-27,2022-07-26,2022-07-19,211412,0.13400726158963905,-0.2148588944558015,271091,0.17183585866269105,-1.196266788929315,1577616,False
2022-07-28,2022-07-26,2022-07-19,211412,0.13400726158963905,-0.2148588944558015,271091,0.17183585866269105,-1.196266788929315,1577616,False
2022-07-29,2022-07-26,2022-07-19,211412,0.13400726158963905,-0.2148588944558015,271091,0.17183585866269105,-1.196266788929315,1577616,False
2022-08-01,2022-07-26,2022-07-19,211412,0.13400726158963905,-0.2148588944558015,271091,0.17183585866269105,-1.196266788929315,1577616,False
2022-08-02,2022-08-02,2022-07-26,200176,0.12530963391052372,-0.7332684660407004,259260,0.1622960579072535,-1.5591886233323762,1597451,True
2022-08-03,2022-08-02,2022-07-26,200176,0.12530963391052372,-0.7332684660407004,259260,0.1622960579072535,-1.5591886233323762,1597451,True
2022-08-04,2022-08-02,2022-07-26,200176,0.12530963391052372,-0.7332684660407004,259260,0.1622960579072535,-1.5591886233323762,1597451,True
2022-08-05,2022-08-02,2022-07-26,200176,0.12530963391052372,-0.7332684660407004,259260,0.1622960579072535,-1.5591886233323762,1597451,True
2022-08-08,2022-08-02,2022-07-26,200176,0.12530963391052372,-0.7332684660407004,259260,0.1622960579072535,-1.5591886233323762,1597451,True
2022-08-09,2022-08-09,2022-08-02,178543,0.11110952075722971,-1.6130256258717508,253752,0.15791301317435327,-1.720220879087349,1606910,True
2022-08-10,2022-08-09,2022-08-02,178543,0.11110952075722971,-1.6130256258717508,253752,0.15791301317435327,-1.720220879087349,1606910,True
2022-08-11,2022-08-09,2022-08-02,178543,0.11110952075722971,-1.6130256258717508,253752,0.15791301317435327,-1.720220879087349,1606910,True
2022-08-12,2022-08-09,2022-08-02,178543,0.11110952075722971,-1.6130256258717508,253752,0.15791301317435327,-1.720220879087349,1606910,True
2022-08-15,2022-08-09,2022-08-02,178543,0.11110952075722971,-1.6130256258717508,253752,0.15791301317435327,-1.720220879087349,1606910,True
2022-08-16,2022-08-16,2022-08-09,149917,0.09548056818189056,-2.5369085061622405,210651,0.13416141710468743,-2.601815657534175,1570131,True
2022-08-17,2022-08-16,2022-08-09,149917,0.09548056818189056,-2.5369085061622405,210651,0.13416141710468743,-2.601815657534175,1570131,True
2022-08-18,2022-08-16,2022-08-09,149917,0.09548056818189056,-2.5369085061622405,210651,0.13416141710468743,-2.601815657534175,1570131,True
2022-08-19,2022-08-16,2022-08-09,149917,0.09548056818189056,-2.5369085061622405,210651,0.13416141710468743,-2.601815657534175,1570131,True
2022-08-22,2022-08-16,2022-08-09,149917,0.09548056818189056,-2.5369085061622405,210651,0.13416141710468743,-2.601815657534175,1570131,True
2022-08-23,2022-08-23,2022-08-16,135318,0.08688996493400002,-2.94913180003274,214940,0.13801659101460237,-2.384992957289855,1557349,True
2022-08-24,2022-08-23,2022-08-16,135318,0.08688996493400002,-2.94913180003274,214940,0.13801659101460237,-2.384992957289855,1557349,True
2022-08-25,2022-08-23,2022-08-16,135318,0.08688996493400002,-2.94913180003274,214940,0.13801659101460237,-2.384992957289855,1557349,True
2022-08-26,2022-08-23,2022-08-16,135318,0.08688996493400002,-2.94913180003274,214940,0.13801659101460237,-2.384992957289855,1557349,True
2022-08-29,2022-08-23,2022-08-16,135318,0.08688996493400002,-2.94913180003274,214940,0.13801659101460237,-2.384992957289855,1557349,True
2022-08-30,2022-08-30,2022-08-23,160327,0.10663542413532104,-1.7030279818910754,246220,0.16376389585409037,-1.3457040674074987,1503506,True
2022-08-31,2022-08-30,2022-08-23,160327,0.10663542413532104,-1.7030279818910754,246220,0.16376389585409037,-1.3457040674074987,1503506,True
2022-09-01,2022-08-30,2022-08-23,160327,0.10663542413532104,-1.7030279818910754,246220,0.16376389585409037,-1.3457040674074987,1503506,True
2022-09-02,2022-08-30,2022-08-23,160327,0.10663542413532104,-1.7030279818910754,246220,0.16376389585409037,-1.3457040674074987,1503506,True
2022-09-06,2022-09-06,2022-08-30,147655,0.10043143584542857,-2.0308048848331475,229189,0.15588893264689938,-1.6274844642156872,1470207,True
2022-09-07,2022-09-06,2022-08-30,147655,0.10043143584542857,-2.0308048848331475,229189,0.15588893264689938,-1.6274844642156872,1470207,True
2022-09-08,2022-09-06,2022-08-30,147655,0.10043143584542857,-2.0308048848331475,229189,0.15588893264689938,-1.6274844642156872,1470207,True
2022-09-09,2022-09-06,2022-08-30,147655,0.10043143584542857,-2.0308048848331475,229189,0.15588893264689938,-1.6274844642156872,1470207,True
2022-09-12,2022-09-06,2022-08-30,147655,0.10043143584542857,-2.0308048848331475,229189,0.15588893264689938,-1.6274844642156872,1470207,True
2022-09-13,2022-09-13,2022-09-06,145210,0.09809365542585387,-2.110037941264011,214478,0.14488624081279725,-2.004998825386541,1480320,True
2022-09-14,2022-09-13,2022-09-06,145210,0.09809365542585387,-2.110037941264011,214478,0.14488624081279725,-2.004998825386541,1480320,True
2022-09-15,2022-09-13,2022-09-06,145210,0.09809365542585387,-2.110037941264011,214478,0.14488624081279725,-2.004998825386541,1480320,True
2022-09-16,2022-09-13,2022-09-06,145210,0.09809365542585387,-2.110037941264011,214478,0.14488624081279725,-2.004998825386541,1480320,True
2022-09-19,2022-09-13,2022-09-06,145210,0.09809365542585387,-2.110037941264011,214478,0.14488624081279725,-2.004998825386541,1480320,True
2022-09-20,2022-09-20,2022-09-13,158348,0.10570211186608805,-1.6183712724573682,227057,0.15156746162868084,-1.6993255020482825,1498059,True
2022-09-21,2022-09-20,2022-09-13,158348,0.10570211186608805,-1.6183712724573682,227057,0.15156746162868084,-1.6993255020482825,1498059,True
2022-09-22,2022-09-20,2022-09-13,158348,0.10570211186608805,-1.6183712724573682,227057,0.15156746162868084,-1.6993255020482825,1498059,True
2022-09-23,2022-09-20,2022-09-13,158348,0.10570211186608805,-1.6183712724573682,227057,0.15156746162868084,-1.6993255020482825,1498059,True
2022-09-26,2022-09-20,2022-09-13,158348,0.10570211186608805,-1.6183712724573682,227057,0.15156746162868084,-1.6993255020482825,1498059,True
2022-09-27,2022-09-27,2022-09-20,165028,0.1113891241913003,-1.261860647178313,239878,0.16191070807839114,-1.2753321722873667,1481545,False
2022-09-28,2022-09-27,2022-09-20,165028,0.1113891241913003,-1.261860647178313,239878,0.16191070807839114,-1.2753321722873667,1481545,False
2022-09-29,2022-09-27,2022-09-20,165028,0.1113891241913003,-1.261860647178313,239878,0.16191070807839114,-1.2753321722873667,1481545,False
2022-09-30,2022-09-27,2022-09-20,165028,0.1113891241913003,-1.261860647178313,239878,0.16191070807839114,-1.2753321722873667,1481545,False
2022-10-03,2022-09-27,2022-09-20,165028,0.1113891241913003,-1.261860647178313,239878,0.16191070807839114,-1.2753321722873667,1481545,False
2022-10-04,2022-10-04,2022-09-27,139167,0.0924703204205208,-2.2931011631982283,226080,0.15022016742957267,-1.6880065243673346,1504991,True
2022-10-05,2022-10-04,2022-09-27,139167,0.0924703204205208,-2.2931011631982283,226080,0.15022016742957267,-1.6880065243673346,1504991,True
2022-10-06,2022-10-04,2022-09-27,139167,0.0924703204205208,-2.2931011631982283,226080,0.15022016742957267,-1.6880065243673346,1504991,True
2022-10-07,2022-10-04,2022-09-27,139167,0.0924703204205208,-2.2931011631982283,226080,0.15022016742957267,-1.6880065243673346,1504991,True
2022-10-10,2022-10-04,2022-09-27,139167,0.0924703204205208,-2.2931011631982283,226080,0.15022016742957267,-1.6880065243673346,1504991,True
2022-10-11,2022-10-11,2022-10-04,158876,0.10623334211501145,-1.4670780382615891,241999,0.1618140094066483,-1.2175856789774775,1495538,False
2022-10-12,2022-10-11,2022-10-04,158876,0.10623334211501145,-1.4670780382615891,241999,0.1618140094066483,-1.2175856789774775,1495538,False
2022-10-13,2022-10-11,2022-10-04,158876,0.10623334211501145,-1.4670780382615891,241999,0.1618140094066483,-1.2175856789774775,1495538,False
2022-10-14,2022-10-11,2022-10-04,158876,0.10623334211501145,-1.4670780382615891,241999,0.1618140094066483,-1.2175856789774775,1495538,False
2022-10-17,2022-10-11,2022-10-04,158876,0.10623334211501145,-1.4670780382615891,241999,0.1618140094066483,-1.2175856789774775,1495538,False
2022-10-18,2022-10-18,2022-10-11,177489,0.11836561302515909,-0.758992525645804,259220,0.17287118755743588,-0.7764056344980758,1499498,False
2022-10-19,2022-10-18,2022-10-11,177489,0.11836561302515909,-0.758992525645804,259220,0.17287118755743588,-0.7764056344980758,1499498,False
2022-10-20,2022-10-18,2022-10-11,177489,0.11836561302515909,-0.758992525645804,259220,0.17287118755743588,-0.7764056344980758,1499498,False
2022-10-21,2022-10-18,2022-10-11,177489,0.11836561302515909,-0.758992525645804,259220,0.17287118755743588,-0.7764056344980758,1499498,False
2022-10-24,2022-10-18,2022-10-11,177489,0.11836561302515909,-0.758992525645804,259220,0.17287118755743588,-0.7764056344980758,1499498,False
2022-10-25,2022-10-25,2022-10-18,147979,0.10174356844704217,-1.6849942373635454,251545,0.17295079656580478,-0.7593521115450125,1454431,True
2022-10-26,2022-10-25,2022-10-18,147979,0.10174356844704217,-1.6849942373635454,251545,0.17295079656580478,-0.7593521115450125,1454431,True
2022-10-27,2022-10-25,2022-10-18,147979,0.10174356844704217,-1.6849942373635454,251545,0.17295079656580478,-0.7593521115450125,1454431,True
2022-10-28,2022-10-25,2022-10-18,147979,0.10174356844704217,-1.6849942373635454,251545,0.17295079656580478,-0.7593521115450125,1454431,True
2022-10-31,2022-10-25,2022-10-18,147979,0.10174356844704217,-1.6849942373635454,251545,0.17295079656580478,-0.7593521115450125,1454431,True
2022-11-01,2022-11-01,2022-10-25,153683,0.1069514287981004,-1.356805567372261,249079,0.17333963375000522,-0.7289096055974662,1436942,False
2022-11-02,2022-11-01,2022-10-25,153683,0.1069514287981004,-1.356805567372261,249079,0.17333963375000522,-0.7289096055974662,1436942,False
2022-11-03,2022-11-01,2022-10-25,153683,0.1069514287981004,-1.356805567372261,249079,0.17333963375000522,-0.7289096055974662,1436942,False
2022-11-04,2022-11-01,2022-10-25,153683,0.1069514287981004,-1.356805567372261,249079,0.17333963375000522,-0.7289096055974662,1436942,False
2022-11-07,2022-11-01,2022-10-25,153683,0.1069514287981004,-1.356805567372261,249079,0.17333963375000522,-0.7289096055974662,1436942,False
2022-11-08,2022-11-08,2022-11-01,169413,0.11611169444269293,-0.820487085700249,254809,0.17464010878296318,-0.662514178832897,1459052,False
2022-11-09,2022-11-08,2022-11-01,169413,0.11611169444269293,-0.820487085700249,254809,0.17464010878296318,-0.662514178832897,1459052,False
2022-11-10,2022-11-08,2022-11-01,169413,0.11611169444269293,-0.820487085700249,254809,0.17464010878296318,-0.662514178832897,1459052,False
2022-11-11,2022-11-08,2022-11-01,169413,0.11611169444269293,-0.820487085700249,254809,0.17464010878296318,-0.662514178832897,1459052,False
2022-11-14,2022-11-08,2022-11-01,169413,0.11611169444269293,-0.820487085700249,254809,0.17464010878296318,-0.662514178832897,1459052,False
2022-11-15,2022-11-15,2022-11-08,185656,0.12833440937664603,-0.11363679534723191,274790,0.18994814254647607,-0.03742984440447801,1446658,False
2022-11-16,2022-11-15,2022-11-08,185656,0.12833440937664603,-0.11363679534723191,274790,0.18994814254647607,-0.03742984440447801,1446658,False
2022-11-17,2022-11-15,2022-11-08,185656,0.12833440937664603,-0.11363679534723191,274790,0.18994814254647607,-0.03742984440447801,1446658,False
2022-11-18,2022-11-15,2022-11-08,185656,0.12833440937664603,-0.11363679534723191,274790,0.18994814254647607,-0.03742984440447801,1446658,False
2022-11-21,2022-11-15,2022-11-08,185656,0.12833440937664603,-0.11363679534723191,274790,0.18994814254647607,-0.03742984440447801,1446658,False
2022-11-22,2022-11-22,2022-11-15,166291,0.11316647124034579,-0.9647041872010745,278267,0.1893698062591319,-0.045284068863369956,1469437,False
2022-11-23,2022-11-22,2022-11-15,166291,0.11316647124034579,-0.9647041872010745,278267,0.1893698062591319,-0.045284068863369956,1469437,False
2022-11-25,2022-11-22,2022-11-15,166291,0.11316647124034579,-0.9647041872010745,278267,0.1893698062591319,-0.045284068863369956,1469437,False
2022-11-28,2022-11-22,2022-11-15,166291,0.11316647124034579,-0.9647041872010745,278267,0.1893698062591319,-0.045284068863369956,1469437,False
2022-11-29,2022-11-29,2022-11-22,147163,0.10470024509716733,-1.4240907300151344,252475,0.1796252752451861,-0.42780259336567283,1405565,False
2022-11-30,2022-11-29,2022-11-22,147163,0.10470024509716733,-1.4240907300151344,252475,0.1796252752451861,-0.42780259336567283,1405565,False
2022-12-01,2022-11-29,2022-11-22,147163,0.10470024509716733,-1.4240907300151344,252475,0.1796252752451861,-0.42780259336567283,1405565,False
2022-12-02,2022-11-29,2022-11-22,147163,0.10470024509716733,-1.4240907300151344,252475,0.1796252752451861,-0.42780259336567283,1405565,False
2022-12-05,2022-11-29,2022-11-22,147163,0.10470024509716733,-1.4240907300151344,252475,0.1796252752451861,-0.42780259336567283,1405565,False
2022-12-06,2022-12-06,2022-11-29,139797,0.09899789040740843,-1.7181898568480127,239739,0.16977227872115774,-0.8307167211293064,1412121,True
2022-12-07,2022-12-06,2022-11-29,139797,0.09899789040740843,-1.7181898568480127,239739,0.16977227872115774,-0.8307167211293064,1412121,True
2022-12-08,2022-12-06,2022-11-29,139797,0.09899789040740843,-1.7181898568480127,239739,0.16977227872115774,-0.8307167211293064,1412121,True
2022-12-09,2022-12-06,2022-11-29,139797,0.09899789040740843,-1.7181898568480127,239739,0.16977227872115774,-0.8307167211293064,1412121,True
2022-12-12,2022-12-06,2022-11-29,139797,0.09899789040740843,-1.7181898568480127,239739,0.16977227872115774,-0.8307167211293064,1412121,True
2022-12-13,2022-12-13,2022-12-06,144081,0.1002841178010034,-1.6151226992705765,231720,0.16128313779643746,-1.1843108626916314,1436728,True
2022-12-14,2022-12-13,2022-12-06,144081,0.1002841178010034,-1.6151226992705765,231720,0.16128313779643746,-1.1843108626916314,1436728,True
2022-12-15,2022-12-13,2022-12-06,144081,0.1002841178010034,-1.6151226992705765,231720,0.16128313779643746,-1.1843108626916314,1436728,True
2022-12-16,2022-12-13,2022-12-06,144081,0.1002841178010034,-1.6151226992705765,231720,0.16128313779643746,-1.1843108626916314,1436728,True
2022-12-19,2022-12-13,2022-12-06,144081,0.1002841178010034,-1.6151226992705765,231720,0.16128313779643746,-1.1843108626916314,1436728,True
2022-12-20,2022-12-20,2022-12-13,144483,0.09961033642609836,-1.6263873215392246,229559,0.15826394260666454,-1.3031062166485137,1450482,True
2022-12-21,2022-12-20,2022-12-13,144483,0.09961033642609836,-1.6263873215392246,229559,0.15826394260666454,-1.3031062166485137,1450482,True
2022-12-22,2022-12-20,2022-12-13,144483,0.09961033642609836,-1.6263873215392246,229559,0.15826394260666454,-1.3031062166485137,1450482,True
2022-12-23,2022-12-20,2022-12-13,144483,0.09961033642609836,-1.6263873215392246,229559,0.15826394260666454,-1.3031062166485137,1450482,True
2022-12-27,2022-12-27,2022-12-20,162672,0.11655878167584059,-0.6328017127254802,238191,0.17067013847589105,-0.7424160395661563,1395622,False
2022-12-28,2022-12-27,2022-12-20,162672,0.11655878167584059,-0.6328017127254802,238191,0.17067013847589105,-0.7424160395661563,1395622,False
2022-12-29,2022-12-27,2022-12-20,162672,0.11655878167584059,-0.6328017127254802,238191,0.17067013847589105,-0.7424160395661563,1395622,False
2022-12-30,2022-12-27,2022-12-20,162672,0.11655878167584059,-0.6328017127254802,238191,0.17067013847589105,-0.7424160395661563,1395622,False
2023-01-03,2023-01-03,2022-12-27,169002,0.11955898114315427,-0.4422558559342877,247618,0.17517518013222078,-0.5212739467127587,1413545,False
2023-01-04,2023-01-03,2022-12-27,169002,0.11955898114315427,-0.4422558559342877,247618,0.17517518013222078,-0.5212739467127587,1413545,False
2023-01-05,2023-01-03,2022-12-27,169002,0.11955898114315427,-0.4422558559342877,247618,0.17517518013222078,-0.5212739467127587,1413545,False
2023-01-06,2023-01-03,2022-12-27,169002,0.11955898114315427,-0.4422558559342877,247618,0.17517518013222078,-0.5212739467127587,1413545,False
2023-01-09,2023-01-03,2022-12-27,169002,0.11955898114315427,-0.4422558559342877,247618,0.17517518013222078,-0.5212739467127587,1413545,False
2023-01-10,2023-01-10,2023-01-03,138840,0.09510005918067642,-1.8502646414669202,227607,0.15590203954145934,-1.4280381091266863,1459936,True
2023-01-11,2023-01-10,2023-01-03,138840,0.09510005918067642,-1.8502646414669202,227607,0.15590203954145934,-1.4280381091266863,1459936,True
2023-01-12,2023-01-10,2023-01-03,138840,0.09510005918067642,-1.8502646414669202,227607,0.15590203954145934,-1.4280381091266863,1459936,True
2023-01-13,2023-01-10,2023-01-03,138840,0.09510005918067642,-1.8502646414669202,227607,0.15590203954145934,-1.4280381091266863,1459936,True
2023-01-17,2023-01-17,2023-01-10,129332,0.08305996049045272,-2.4792725922099517,205236,0.13180724067685146,-2.5419866573381293,1557092,True
2023-01-18,2023-01-17,2023-01-10,129332,0.08305996049045272,-2.4792725922099517,205236,0.13180724067685146,-2.5419866573381293,1557092,True
2023-01-19,2023-01-17,2023-01-10,129332,0.08305996049045272,-2.4792725922099517,205236,0.13180724067685146,-2.5419866573381293,1557092,True
2023-01-20,2023-01-17,2023-01-10,129332,0.08305996049045272,-2.4792725922099517,205236,0.13180724067685146,-2.5419866573381293,1557092,True
2023-01-23,2023-01-17,2023-01-10,129332,0.08305996049045272,-2.4792725922099517,205236,0.13180724067685146,-2.5419866573381293,1557092,True
2023-01-24,2023-01-24,2023-01-17,158815,0.09843095547101706,-1.5592071177232927,239218,0.1482634279247285,-1.7236358668584164,1613466,True
2023-01-25,2023-01-24,2023-01-17,158815,0.09843095547101706,-1.5592071177232927,239218,0.1482634279247285,-1.7236358668584164,1613466,True
2023-01-26,2023-01-24,2023-01-17,158815,0.09843095547101706,-1.5592071177232927,239218,0.1482634279247285,-1.7236358668584164,1613466,True
2023-01-27,2023-01-24,2023-01-17,158815,0.09843095547101706,-1.5592071177232927,239218,0.1482634279247285,-1.7236358668584164,1613466,True
2023-01-30,2023-01-24,2023-01-17,158815,0.09843095547101706,-1.5592071177232927,239218,0.1482634279247285,-1.7236358668584164,1613466,True
2023-01-31,2023-01-31,2023-01-24,163010,0.09817218223975428,-1.5401481315121197,249799,0.15044054322623385,-1.5879050312392866,1660450,True
2023-02-01,2023-01-31,2023-01-24,163010,0.09817218223975428,-1.5401481315121197,249799,0.15044054322623385,-1.5879050312392866,1660450,True
2023-02-02,2023-01-31,2023-01-24,163010,0.09817218223975428,-1.5401481315121197,249799,0.15044054322623385,-1.5879050312392866,1660450,True
2023-02-03,2023-01-31,2023-01-24,163010,0.09817218223975428,-1.5401481315121197,249799,0.15044054322623385,-1.5879050312392866,1660450,True
2023-02-06,2023-01-31,2023-01-24,163010,0.09817218223975428,-1.5401481315121197,249799,0.15044054322623385,-1.5879050312392866,1660450,True
2023-02-07,2023-02-07,2023-01-31,157426,0.09118860411798575,-1.893392184148171,243820,0.1412321055991214,-1.9830096398391877,1726378,True
2023-02-08,2023-02-07,2023-01-31,157426,0.09118860411798575,-1.893392184148171,243820,0.1412321055991214,-1.9830096398391877,1726378,True
2023-02-09,2023-02-07,2023-01-31,157426,0.09118860411798575,-1.893392184148171,243820,0.1412321055991214,-1.9830096398391877,1726378,True
2023-02-10,2023-02-07,2023-01-31,157426,0.09118860411798575,-1.893392184148171,243820,0.1412321055991214,-1.9830096398391877,1726378,True
2023-02-13,2023-02-07,2023-01-31,157426,0.09118860411798575,-1.893392184148171,243820,0.1412321055991214,-1.9830096398391877,1726378,True
2023-02-14,2023-02-14,2023-02-07,146006,0.08147860855880867,-2.3716420187301828,224151,0.12508740453861844,-2.6522232648900705,1791955,True
2023-02-15,2023-02-14,2023-02-07,146006,0.08147860855880867,-2.3716420187301828,224151,0.12508740453861844,-2.6522232648900705,1791955,True
2023-02-16,2023-02-14,2023-02-07,146006,0.08147860855880867,-2.3716420187301828,224151,0.12508740453861844,-2.6522232648900705,1791955,True
2023-02-17,2023-02-14,2023-02-07,146006,0.08147860855880867,-2.3716420187301828,224151,0.12508740453861844,-2.6522232648900705,1791955,True
2023-02-21,2023-02-21,2023-02-14,163779,0.0899093709324929,-1.8540059208712123,227541,0.12491264552445898,-2.555162517632287,1821601,True
2023-02-22,2023-02-21,2023-02-14,163779,0.0899093709324929,-1.8540059208712123,227541,0.12491264552445898,-2.555162517632287,1821601,True
2023-02-23,2023-02-21,2023-02-14,163779,0.0899093709324929,-1.8540059208712123,227541,0.12491264552445898,-2.555162517632287,1821601,True
2023-02-24,2023-02-21,2023-02-14,163779,0.0899093709324929,-1.8540059208712123,227541,0.12491264552445898,-2.555162517632287,1821601,True
2023-02-27,2023-02-21,2023-02-14,163779,0.0899093709324929,-1.8540059208712123,227541,0.12491264552445898,-2.555162517632287,1821601,True
2023-02-28,2023-02-28,2023-02-21,134036,0.0763290355683192,-2.5199915594150095,219671,0.12509531448512526,-2.4545188618989706,1756029,True
2023-03-01,2023-02-28,2023-02-21,134036,0.0763290355683192,-2.5199915594150095,219671,0.12509531448512526,-2.4545188618989706,1756029,True
2023-03-02,2023-02-28,2023-02-21,134036,0.0763290355683192,-2.5199915594150095,219671,0.12509531448512526,-2.4545188618989706,1756029,True
2023-03-03,2023-02-28,2023-02-21,134036,0.0763290355683192,-2.5199915594150095,219671,0.12509531448512526,-2.4545188618989706,1756029,True
2023-03-06,2023-02-28,2023-02-21,134036,0.0763290355683192,-2.5199915594150095,219671,0.12509531448512526,-2.4545188618989706,1756029,True
2023-03-07,2023-03-07,2023-02-28,139954,0.07996402721498881,-2.2474889528879647,215314,0.1230216682321913,-2.4554431663794594,1750212,True
2023-03-08,2023-03-07,2023-02-28,139954,0.07996402721498881,-2.2474889528879647,215314,0.1230216682321913,-2.4554431663794594,1750212,True
2023-03-09,2023-03-07,2023-02-28,139954,0.07996402721498881,-2.2474889528879647,215314,0.1230216682321913,-2.4554431663794594,1750212,True
2023-03-10,2023-03-07,2023-02-28,139954,0.07996402721498881,-2.2474889528879647,215314,0.1230216682321913,-2.4554431663794594,1750212,True
2023-03-13,2023-03-07,2023-02-28,139954,0.07996402721498881,-2.2474889528879647,215314,0.1230216682321913,-2.4554431663794594,1750212,True
2023-03-14,2023-03-14,2023-03-07,146937,0.08372349827096677,-1.990196055013105,206901,0.11789049399240012,-2.584173869567544,1755027,True
2023-03-15,2023-03-14,2023-03-07,146937,0.08372349827096677,-1.990196055013105,206901,0.11789049399240012,-2.584173869567544,1755027,True
2023-03-16,2023-03-14,2023-03-07,146937,0.08372349827096677,-1.990196055013105,206901,0.11789049399240012,-2.584173869567544,1755027,True
2023-03-17,2023-03-14,2023-03-07,146937,0.08372349827096677,-1.990196055013105,206901,0.11789049399240012,-2.584173869567544,1755027,True
2023-03-20,2023-03-14,2023-03-07,146937,0.08372349827096677,-1.990196055013105,206901,0.11789049399240012,-2.584173869567544,1755027,True
2023-03-21,2023-03-21,2023-03-14,96286,0.054470882409513144,-3.3326070037483797,176219,0.0996905513503728,-3.1788461733716895,1767660,True
2023-03-22,2023-03-21,2023-03-14,96286,0.054470882409513144,-3.3326070037483797,176219,0.0996905513503728,-3.1788461733716895,1767660,True
2023-03-23,2023-03-21,2023-03-14,96286,0.054470882409513144,-3.3326070037483797,176219,0.0996905513503728,-3.1788461733716895,1767660,True
2023-03-24,2023-03-21,2023-03-14,96286,0.054470882409513144,-3.3326070037483797,176219,0.0996905513503728,-3.1788461733716895,1767660,True
2023-03-27,2023-03-21,2023-03-14,96286,0.054470882409513144,-3.3326070037483797,176219,0.0996905513503728,-3.1788461733716895,1767660,True
2023-03-28,2023-03-28,2023-03-21,52147,0.029101479880038084,-4.203280636242131,154341,0.08613250054969523,-3.5198380804786558,1791902,True
2023-03-29,2023-03-28,2023-03-21,52147,0.029101479880038084,-4.203280636242131,154341,0.08613250054969523,-3.5198380804786558,1791902,True
2023-03-30,2023-03-28,2023-03-21,52147,0.029101479880038084,-4.203280636242131,154341,0.08613250054969523,-3.5198380804786558,1791902,True
2023-03-31,2023-03-28,2023-03-21,52147,0.029101479880038084,-4.203280636242131,154341,0.08613250054969523,-3.5198380804786558,1791902,True
2023-04-03,2023-03-28,2023-03-21,52147,0.029101479880038084,-4.203280636242131,154341,0.08613250054969523,-3.5198380804786558,1791902,True
2023-04-04,2023-04-04,2023-03-28,97927,0.054836272900711,-2.8708266355781955,181069,0.10139337565593594,-2.8184854524319127,1785807,True
2023-04-05,2023-04-04,2023-03-28,97927,0.054836272900711,-2.8708266355781955,181069,0.10139337565593594,-2.8184854524319127,1785807,True
2023-04-06,2023-04-04,2023-03-28,97927,0.054836272900711,-2.8708266355781955,181069,0.10139337565593594,-2.8184854524319127,1785807,True
2023-04-10,2023-04-04,2023-03-28,97927,0.054836272900711,-2.8708266355781955,181069,0.10139337565593594,-2.8184854524319127,1785807,True
2023-04-11,2023-04-11,2023-04-04,166263,0.08946345495107202,-1.2735832414955222,226127,0.12167531367604978,-1.9902557900895488,1858446,True
2023-04-12,2023-04-11,2023-04-04,166263,0.08946345495107202,-1.2735832414955222,226127,0.12167531367604978,-1.9902557900895488,1858446,True
2023-04-13,2023-04-11,2023-04-04,166263,0.08946345495107202,-1.2735832414955222,226127,0.12167531367604978,-1.9902557900895488,1858446,True
2023-04-14,2023-04-11,2023-04-04,166263,0.08946345495107202,-1.2735832414955222,226127,0.12167531367604978,-1.9902557900895488,1858446,True
2023-04-17,2023-04-11,2023-04-04,166263,0.08946345495107202,-1.2735832414955222,226127,0.12167531367604978,-1.9902557900895488,1858446,True
2023-04-18,2023-04-18,2023-04-11,188294,0.10041596894098574,-0.7615750290062026,235632,0.12566101731070747,-1.797468110064553,1875140,True
2023-04-19,2023-04-18,2023-04-11,188294,0.10041596894098574,-0.7615750290062026,235632,0.12566101731070747,-1.797468110064553,1875140,True
2023-04-20,2023-04-18,2023-04-11,188294,0.10041596894098574,-0.7615750290062026,235632,0.12566101731070747,-1.797468110064553,1875140,True
2023-04-21,2023-04-18,2023-04-11,188294,0.10041596894098574,-0.7615750290062026,235632,0.12566101731070747,-1.797468110064553,1875140,True
2023-04-24,2023-04-18,2023-04-11,188294,0.10041596894098574,-0.7615750290062026,235632,0.12566101731070747,-1.797468110064553,1875140,True
2023-04-25,2023-04-25,2023-04-18,191741,0.10022046924720572,-0.7547488253477171,244575,0.12783609799748274,-1.6793660457022515,1913192,True
2023-04-26,2023-04-25,2023-04-18,191741,0.10022046924720572,-0.7547488253477171,244575,0.12783609799748274,-1.6793660457022515,1913192,True
2023-04-27,2023-04-25,2023-04-18,191741,0.10022046924720572,-0.7547488253477171,244575,0.12783609799748274,-1.6793660457022515,1913192,True
2023-04-28,2023-04-25,2023-04-18,191741,0.10022046924720572,-0.7547488253477171,244575,0.12783609799748274,-1.6793660457022515,1913192,True
2023-05-01,2023-04-25,2023-04-18,191741,0.10022046924720572,-0.7547488253477171,244575,0.12783609799748274,-1.6793660457022515,1913192,True
2023-05-02,2023-05-02,2023-04-25,174090,0.09532935967955229,-0.9609168063163324,236438,0.1294702920553391,-1.5835255833885549,1826195,True
2023-05-03,2023-05-02,2023-04-25,174090,0.09532935967955229,-0.9609168063163324,236438,0.1294702920553391,-1.5835255833885549,1826195,True
2023-05-04,2023-05-02,2023-04-25,174090,0.09532935967955229,-0.9609168063163324,236438,0.1294702920553391,-1.5835255833885549,1826195,True
2023-05-05,2023-05-02,2023-04-25,174090,0.09532935967955229,-0.9609168063163324,236438,0.1294702920553391,-1.5835255833885549,1826195,True
2023-05-08,2023-05-02,2023-04-25,174090,0.09532935967955229,-0.9609168063163324,236438,0.1294702920553391,-1.5835255833885549,1826195,True
2023-05-09,2023-05-09,2023-05-02,131831,0.06908298961535903,-2.1094066486151117,214845,0.11258455828986967,-2.1592599904142418,1908299,True
2023-05-10,2023-05-09,2023-05-02,131831,0.06908298961535903,-2.1094066486151117,214845,0.11258455828986967,-2.1592599904142418,1908299,True
2023-05-11,2023-05-09,2023-05-02,131831,0.06908298961535903,-2.1094066486151117,214845,0.11258455828986967,-2.1592599904142418,1908299,True
2023-05-12,2023-05-09,2023-05-02,131831,0.06908298961535903,-2.1094066486151117,214845,0.11258455828986967,-2.1592599904142418,1908299,True
2023-05-15,2023-05-09,2023-05-02,131831,0.06908298961535903,-2.1094066486151117,214845,0.11258455828986967,-2.1592599904142418,1908299,True
2023-05-16,2023-05-16,2023-05-09,147256,0.07808319272745012,-1.6589346125846023,216628,0.11486802489652079,-2.016185151544888,1885886,True
2023-05-17,2023-05-16,2023-05-09,147256,0.07808319272745012,-1.6589346125846023,216628,0.11486802489652079,-2.016185151544888,1885886,True
2023-05-18,2023-05-16,2023-05-09,147256,0.07808319272745012,-1.6589346125846023,216628,0.11486802489652079,-2.016185151544888,1885886,True
2023-05-19,2023-05-16,2023-05-09,147256,0.07808319272745012,-1.6589346125846023,216628,0.11486802489652079,-2.016185151544888,1885886,True
2023-05-22,2023-05-16,2023-05-09,147256,0.07808319272745012,-1.6589346125846023,216628,0.11486802489652079,-2.016185151544888,1885886,True
2023-05-23,2023-05-23,2023-05-16,131670,0.07092110720306802,-1.9247527042323274,191469,0.10313050410164981,-2.360653446619378,1856570,True
2023-05-24,2023-05-23,2023-05-16,131670,0.07092110720306802,-1.9247527042323274,191469,0.10313050410164981,-2.360653446619378,1856570,True
2023-05-25,2023-05-23,2023-05-16,131670,0.07092110720306802,-1.9247527042323274,191469,0.10313050410164981,-2.360653446619378,1856570,True
2023-05-26,2023-05-23,2023-05-16,131670,0.07092110720306802,-1.9247527042323274,191469,0.10313050410164981,-2.360653446619378,1856570,True
2023-05-30,2023-05-30,2023-05-23,119658,0.06475346893583585,-2.1284662040148548,193119,0.10450722197780075,-2.2339890174763655,1847901,True
2023-05-31,2023-05-30,2023-05-23,119658,0.06475346893583585,-2.1284662040148548,193119,0.10450722197780075,-2.2339890174763655,1847901,True
2023-06-01,2023-05-30,2023-05-23,119658,0.06475346893583585,-2.1284662040148548,193119,0.10450722197780075,-2.2339890174763655,1847901,True
2023-06-02,2023-05-30,2023-05-23,119658,0.06475346893583585,-2.1284662040148548,193119,0.10450722197780075,-2.2339890174763655,1847901,True
2023-06-05,2023-05-30,2023-05-23,119658,0.06475346893583585,-2.1284662040148548,193119,0.10450722197780075,-2.2339890174763655,1847901,True
2023-06-06,2023-06-06,2023-05-30,78440,0.04083842685631579,-3.004580459651168,162591,0.08465018690712954,-2.7995882402583083,1920740,True
2023-06-07,2023-06-06,2023-05-30,78440,0.04083842685631579,-3.004580459651168,162591,0.08465018690712954,-2.7995882402583083,1920740,True
2023-06-08,2023-06-06,2023-05-30,78440,0.04083842685631579,-3.004580459651168,162591,0.08465018690712954,-2.7995882402583083,1920740,True
2023-06-09,2023-06-06,2023-05-30,78440,0.04083842685631579,-3.004580459651168,162591,0.08465018690712954,-2.7995882402583083,1920740,True
2023-06-12,2023-06-06,2023-05-30,78440,0.04083842685631579,-3.004580459651168,162591,0.08465018690712954,-2.7995882402583083,1920740,True
2023-06-13,2023-06-13,2023-06-06,81354,0.041685198203756046,-2.839533870248931,172442,0.08835802724699585,-2.568992951988324,1951628,True
2023-06-14,2023-06-13,2023-06-06,81354,0.041685198203756046,-2.839533870248931,172442,0.08835802724699585,-2.568992951988324,1951628,True
2023-06-15,2023-06-13,2023-06-06,81354,0.041685198203756046,-2.839533870248931,172442,0.08835802724699585,-2.568992951988324,1951628,True
2023-06-16,2023-06-13,2023-06-06,81354,0.041685198203756046,-2.839533870248931,172442,0.08835802724699585,-2.568992951988324,1951628,True
2023-06-20,2023-06-20,2023-06-13,71044,0.03765352860054845,-2.878529059302091,155074,0.08218967533080133,-2.667687471963123,1886782,True
2023-06-21,2023-06-20,2023-06-13,71044,0.03765352860054845,-2.878529059302091,155074,0.08218967533080133,-2.667687471963123,1886782,True
2023-06-22,2023-06-20,2023-06-13,71044,0.03765352860054845,-2.878529059302091,155074,0.08218967533080133,-2.667687471963123,1886782,True
2023-06-23,2023-06-20,2023-06-13,71044,0.03765352860054845,-2.878529059302091,155074,0.08218967533080133,-2.667687471963123,1886782,True
2023-06-26,2023-06-20,2023-06-13,71044,0.03765352860054845,-2.878529059302091,155074,0.08218967533080133,-2.667687471963123,1886782,True
2023-06-27,2023-06-27,2023-06-20,91742,0.04967576629182333,-2.3413023252731344,166477,0.09014271048117409,-2.346603952218765,1846816,True
2023-06-28,2023-06-27,2023-06-20,91742,0.04967576629182333,-2.3413023252731344,166477,0.09014271048117409,-2.346603952218765,1846816,True
2023-06-29,2023-06-27,2023-06-20,91742,0.04967576629182333,-2.3413023252731344,166477,0.09014271048117409,-2.346603952218765,1846816,True
2023-06-30,2023-06-27,2023-06-20,91742,0.04967576629182333,-2.3413023252731344,166477,0.09014271048117409,-2.346603952218765,1846816,True
2023-07-03,2023-06-27,2023-06-20,91742,0.04967576629182333,-2.3413023252731344,166477,0.09014271048117409,-2.346603952218765,1846816,True
2023-07-05,2023-07-04,2023-06-27,56220,0.030132735180852688,-2.9638612400175393,138388,0.0741730515156144,-2.7563902066247152,1865745,True
2023-07-06,2023-07-04,2023-06-27,56220,0.030132735180852688,-2.9638612400175393,138388,0.0741730515156144,-2.7563902066247152,1865745,True
2023-07-07,2023-07-04,2023-06-27,56220,0.030132735180852688,-2.9638612400175393,138388,0.0741730515156144,-2.7563902066247152,1865745,True
2023-07-10,2023-07-04,2023-06-27,56220,0.030132735180852688,-2.9638612400175393,138388,0.0741730515156144,-2.7563902066247152,1865745,True
2023-07-11,2023-07-11,2023-07-04,78028,0.042965942987032796,-2.387459333174613,141429,0.07787756126919902,-2.5421636789472046,1816043,True
2023-07-12,2023-07-11,2023-07-04,78028,0.042965942987032796,-2.387459333174613,141429,0.07787756126919902,-2.5421636789472046,1816043,True
2023-07-13,2023-07-11,2023-07-04,78028,0.042965942987032796,-2.387459333174613,141429,0.07787756126919902,-2.5421636789472046,1816043,True
2023-07-14,2023-07-11,2023-07-04,78028,0.042965942987032796,-2.387459333174613,141429,0.07787756126919902,-2.5421636789472046,1816043,True
2023-07-17,2023-07-11,2023-07-04,78028,0.042965942987032796,-2.387459333174613,141429,0.07787756126919902,-2.5421636789472046,1816043,True
2023-07-18,2023-07-18,2023-07-11,122303,0.06808424648230743,-1.4274927606226673,173433,0.09654755091997765,-1.9181784639653399,1796348,True
2023-07-19,2023-07-18,2023-07-11,122303,0.06808424648230743,-1.4274927606226673,173433,0.09654755091997765,-1.9181784639653399,1796348,True
2023-07-20,2023-07-18,2023-07-11,122303,0.06808424648230743,-1.4274927606226673,173433,0.09654755091997765,-1.9181784639653399,1796348,True
2023-07-21,2023-07-18,2023-07-11,122303,0.06808424648230743,-1.4274927606226673,173433,0.09654755091997765,-1.9181784639653399,1796348,True
2023-07-24,2023-07-18,2023-07-11,122303,0.06808424648230743,-1.4274927606226673,173433,0.09654755091997765,-1.9181784639653399,1796348,True
2023-07-25,2023-07-25,2023-07-18,161921,0.09157448666403874,-0.5508090744456572,206099,0.1165593723295417,-1.281047320813663,1768189,False
2023-07-26,2023-07-25,2023-07-18,161921,0.09157448666403874,-0.5508090744456572,206099,0.1165593723295417,-1.281047320813663,1768189,False
2023-07-27,2023-07-25,2023-07-18,161921,0.09157448666403874,-0.5508090744456572,206099,0.1165593723295417,-1.281047320813663,1768189,False
2023-07-28,2023-07-25,2023-07-18,161921,0.09157448666403874,-0.5508090744456572,206099,0.1165593723295417,-1.281047320813663,1768189,False
2023-07-31,2023-07-25,2023-07-18,161921,0.09157448666403874,-0.5508090744456572,206099,0.1165593723295417,-1.281047320813663,1768189,False
2023-08-01,2023-08-01,2023-07-25,182850,0.1048693563539302,-0.05571060866897857,225196,0.12915591782050678,-0.878668297189329,1743598,False
2023-08-02,2023-08-01,2023-07-25,182850,0.1048693563539302,-0.05571060866897857,225196,0.12915591782050678,-0.878668297189329,1743598,False
2023-08-03,2023-08-01,2023-07-25,182850,0.1048693563539302,-0.05571060866897857,225196,0.12915591782050678,-0.878668297189329,1743598,False
2023-08-04,2023-08-01,2023-07-25,182850,0.1048693563539302,-0.05571060866897857,225196,0.12915591782050678,-0.878668297189329,1743598,False
2023-08-07,2023-08-01,2023-07-25,182850,0.1048693563539302,-0.05571060866897857,225196,0.12915591782050678,-0.878668297189329,1743598,False
2023-08-08,2023-08-08,2023-08-01,198935,0.11354270829052687,0.2639325130132676,241859,0.1380417014825875,-0.5935383290100094,1752072,False
2023-08-09,2023-08-08,2023-08-01,198935,0.11354270829052687,0.2639325130132676,241859,0.1380417014825875,-0.5935383290100094,1752072,False
2023-08-10,2023-08-08,2023-08-01,198935,0.11354270829052687,0.2639325130132676,241859,0.1380417014825875,-0.5935383290100094,1752072,False
2023-08-11,2023-08-08,2023-08-01,198935,0.11354270829052687,0.2639325130132676,241859,0.1380417014825875,-0.5935383290100094,1752072,False
2023-08-14,2023-08-08,2023-08-01,198935,0.11354270829052687,0.2639325130132676,241859,0.1380417014825875,-0.5935383290100094,1752072,False
2023-08-15,2023-08-15,2023-08-08,205375,0.12054567940219908,0.5190179656891064,255928,0.15021796537088744,-0.21097701947320543,1703711,False
2023-08-16,2023-08-15,2023-08-08,205375,0.12054567940219908,0.5190179656891064,255928,0.15021796537088744,-0.21097701947320543,1703711,False
2023-08-17,2023-08-15,2023-08-08,205375,0.12054567940219908,0.5190179656891064,255928,0.15021796537088744,-0.21097701947320543,1703711,False
2023-08-18,2023-08-15,2023-08-08,205375,0.12054567940219908,0.5190179656891064,255928,0.15021796537088744,-0.21097701947320543,1703711,False
2023-08-21,2023-08-15,2023-08-08,205375,0.12054567940219908,0.5190179656891064,255928,0.15021796537088744,-0.21097701947320543,1703711,False
2023-08-22,2023-08-22,2023-08-15,173842,0.10209388723993784,-0.15598496922827487,242108,0.1421851270227383,-0.44587612694704093,1702766,False
2023-08-23,2023-08-22,2023-08-15,173842,0.10209388723993784,-0.15598496922827487,242108,0.1421851270227383,-0.44587612694704093,1702766,False
2023-08-24,2023-08-22,2023-08-15,173842,0.10209388723993784,-0.15598496922827487,242108,0.1421851270227383,-0.44587612694704093,1702766,False
2023-08-25,2023-08-22,2023-08-15,173842,0.10209388723993784,-0.15598496922827487,242108,0.1421851270227383,-0.44587612694704093,1702766,False
2023-08-28,2023-08-22,2023-08-15,173842,0.10209388723993784,-0.15598496922827487,242108,0.1421851270227383,-0.44587612694704093,1702766,False
2023-08-29,2023-08-29,2023-08-22,144208,0.08883374903825245,-0.6341006011776841,234371,0.14437517055811233,-0.3676677712661102,1623347,False
2023-08-30,2023-08-29,2023-08-22,144208,0.08883374903825245,-0.6341006011776841,234371,0.14437517055811233,-0.3676677712661102,1623347,False
2023-08-31,2023-08-29,2023-08-22,144208,0.08883374903825245,-0.6341006011776841,234371,0.14437517055811233,-0.3676677712661102,1623347,False
2023-09-01,2023-08-29,2023-08-22,144208,0.08883374903825245,-0.6341006011776841,234371,0.14437517055811233,-0.3676677712661102,1623347,False
2023-09-05,2023-09-05,2023-08-29,171765,0.10356516438441238,-0.08736791352258871,240905,0.14525290906777785,-0.3327581741698524,1658521,False
2023-09-06,2023-09-05,2023-08-29,171765,0.10356516438441238,-0.08736791352258871,240905,0.14525290906777785,-0.3327581741698524,1658521,False
2023-09-07,2023-09-05,2023-08-29,171765,0.10356516438441238,-0.08736791352258871,240905,0.14525290906777785,-0.3327581741698524,1658521,False
2023-09-08,2023-09-05,2023-08-29,171765,0.10356516438441238,-0.08736791352258871,240905,0.14525290906777785,-0.3327581741698524,1658521,False
2023-09-11,2023-09-05,2023-08-29,171765,0.10356516438441238,-0.08736791352258871,240905,0.14525290906777785,-0.3327581741698524,1658521,False
2023-09-12,2023-09-12,2023-09-05,232918,0.1367587911668516,1.1204862166108003,299322,0.175748181289743,0.6082674302356093,1703130,False
2023-09-13,2023-09-12,2023-09-05,232918,0.1367587911668516,1.1204862166108003,299322,0.175748181289743,0.6082674302356093,1703130,False
2023-09-14,2023-09-12,2023-09-05,232918,0.1367587911668516,1.1204862166108003,299322,0.175748181289743,0.6082674302356093,1703130,False
2023-09-15,2023-09-12,2023-09-05,232918,0.1367587911668516,1.1204862166108003,299322,0.175748181289743,0.6082674302356093,1703130,False
2023-09-18,2023-09-12,2023-09-05,232918,0.1367587911668516,1.1204862166108003,299322,0.175748181289743,0.6082674302356093,1703130,False
2023-09-19,2023-09-19,2023-09-12,264030,0.14736316875184183,1.4853149227500129,326871,0.18243664103731883,0.807948400728094,1791696,False
2023-09-20,2023-09-19,2023-09-12,264030,0.14736316875184183,1.4853149227500129,326871,0.18243664103731883,0.807948400728094,1791696,False
2023-09-21,2023-09-19,2023-09-12,264030,0.14736316875184183,1.4853149227500129,326871,0.18243664103731883,0.807948400728094,1791696,False
2023-09-22,2023-09-19,2023-09-12,264030,0.14736316875184183,1.4853149227500129,326871,0.18243664103731883,0.807948400728094,1791696,False
2023-09-25,2023-09-19,2023-09-12,264030,0.14736316875184183,1.4853149227500129,326871,0.18243664103731883,0.807948400728094,1791696,False
2023-09-26,2023-09-26,2023-09-19,281620,0.16634475100266394,2.111265507052857,328426,0.19399169516653966,1.150650002826251,1692990,False
2023-09-27,2023-09-26,2023-09-19,281620,0.16634475100266394,2.111265507052857,328426,0.19399169516653966,1.150650002826251,1692990,False
2023-09-28,2023-09-26,2023-09-19,281620,0.16634475100266394,2.111265507052857,328426,0.19399169516653966,1.150650002826251,1692990,False
2023-09-29,2023-09-26,2023-09-19,281620,0.16634475100266394,2.111265507052857,328426,0.19399169516653966,1.150650002826251,1692990,False
2023-10-02,2023-09-26,2023-09-19,281620,0.16634475100266394,2.111265507052857,328426,0.19399169516653966,1.150650002826251,1692990,False
2023-10-03,2023-10-03,2023-09-26,301660,0.17232209825547154,2.249760322097426,350055,0.19996755322157095,1.3159340937718007,1750559,False
2023-10-04,2023-10-03,2023-09-26,301660,0.17232209825547154,2.249760322097426,350055,0.19996755322157095,1.3159340937718007,1750559,False
2023-10-05,2023-10-03,2023-09-26,301660,0.17232209825547154,2.249760322097426,350055,0.19996755322157095,1.3159340937718007,1750559,False
2023-10-06,2023-10-03,2023-09-26,301660,0.17232209825547154,2.249760322097426,350055,0.19996755322157095,1.3159340937718007,1750559,False
2023-10-09,2023-10-03,2023-09-26,301660,0.17232209825547154,2.249760322097426,350055,0.19996755322157095,1.3159340937718007,1750559,False
2023-10-10,2023-10-10,2023-10-03,293235,0.1640480113231086,1.9179803761860827,349560,0.19555858897507405,1.1713193063449874,1787495,False
2023-10-11,2023-10-10,2023-10-03,293235,0.1640480113231086,1.9179803761860827,349560,0.19555858897507405,1.1713193063449874,1787495,False
2023-10-12,2023-10-10,2023-10-03,293235,0.1640480113231086,1.9179803761860827,349560,0.19555858897507405,1.1713193063449874,1787495,False
2023-10-13,2023-10-10,2023-10-03,293235,0.1640480113231086,1.9179803761860827,349560,0.19555858897507405,1.1713193063449874,1787495,False
2023-10-16,2023-10-10,2023-10-03,293235,0.1640480113231086,1.9179803761860827,349560,0.19555858897507405,1.1713193063449874,1787495,False
2023-10-17,2023-10-17,2023-10-10,254544,0.14517878714251983,1.2643494533664728,321974,0.18363738611566438,0.8088501448005013,1753314,False
2023-10-18,2023-10-17,2023-10-10,254544,0.14517878714251983,1.2643494533664728,321974,0.18363738611566438,0.8088501448005013,1753314,False
2023-10-19,2023-10-17,2023-10-10,254544,0.14517878714251983,1.2643494533664728,321974,0.18363738611566438,0.8088501448005013,1753314,False
2023-10-20,2023-10-17,2023-10-10,254544,0.14517878714251983,1.2643494533664728,321974,0.18363738611566438,0.8088501448005013,1753314,False
2023-10-23,2023-10-17,2023-10-10,254544,0.14517878714251983,1.2643494533664728,321974,0.18363738611566438,0.8088501448005013,1753314,False
2023-10-24,2023-10-24,2023-10-17,203144,0.12280735693109769,0.5111617005784503,306388,0.18522181543833516,0.8620803624079307,1654168,False
2023-10-25,2023-10-24,2023-10-17,203144,0.12280735693109769,0.5111617005784503,306388,0.18522181543833516,0.8620803624079307,1654168,False
2023-10-26,2023-10-24,2023-10-17,203144,0.12280735693109769,0.5111617005784503,306388,0.18522181543833516,0.8620803624079307,1654168,False
2023-10-27,2023-10-24,2023-10-17,203144,0.12280735693109769,0.5111617005784503,306388,0.18522181543833516,0.8620803624079307,1654168,False
2023-10-30,2023-10-24,2023-10-17,203144,0.12280735693109769,0.5111617005784503,306388,0.18522181543833516,0.8620803624079307,1654168,False
2023-10-31,2023-10-31,2023-10-24,195976,0.12037512499662172,0.43497966332296045,300765,0.18474009301959898,0.8545587346760471,1628044,False
2023-11-01,2023-10-31,2023-10-24,195976,0.12037512499662172,0.43497966332296045,300765,0.18474009301959898,0.8545587346760471,1628044,False
2023-11-02,2023-10-31,2023-10-24,195976,0.12037512499662172,0.43497966332296045,300765,0.18474009301959898,0.8545587346760471,1628044,False
2023-11-03,2023-10-31,2023-10-24,195976,0.12037512499662172,0.43497966332296045,300765,0.18474009301959898,0.8545587346760471,1628044,False
2023-11-06,2023-10-31,2023-10-24,195976,0.12037512499662172,0.43497966332296045,300765,0.18474009301959898,0.8545587346760471,1628044,False
2023-11-07,2023-11-07,2023-10-31,136064,0.08141426652425872,-0.8800029238606899,262258,0.1569227915548495,0.01801615175051478,1671255,False
2023-11-08,2023-11-07,2023-10-31,136064,0.08141426652425872,-0.8800029238606899,262258,0.1569227915548495,0.01801615175051478,1671255,False
2023-11-09,2023-11-07,2023-10-31,136064,0.08141426652425872,-0.8800029238606899,262258,0.1569227915548495,0.01801615175051478,1671255,False
2023-11-10,2023-11-07,2023-10-31,136064,0.08141426652425872,-0.8800029238606899,262258,0.1569227915548495,0.01801615175051478,1671255,False
2023-11-13,2023-11-07,2023-10-31,136064,0.08141426652425872,-0.8800029238606899,262258,0.1569227915548495,0.01801615175051478,1671255,False
2023-11-14,2023-11-14,2023-11-07,111309,0.06591940361088311,-1.3810568565788053,235970,0.1397461271780367,-0.49574272467465286,1688562,False
2023-11-15,2023-11-14,2023-11-07,111309,0.06591940361088311,-1.3810568565788053,235970,0.1397461271780367,-0.49574272467465286,1688562,False
2023-11-16,2023-11-14,2023-11-07,111309,0.06591940361088311,-1.3810568565788053,235970,0.1397461271780367,-0.49574272467465286,1688562,False
2023-11-17,2023-11-14,2023-11-07,111309,0.06591940361088311,-1.3810568565788053,235970,0.1397461271780367,-0.49574272467465286,1688562,False
2023-11-20,2023-11-14,2023-11-07,111309,0.06591940361088311,-1.3810568565788053,235970,0.1397461271780367,-0.49574272467465286,1688562,False
2023-11-21,2023-11-21,2023-11-14,99563,0.06074125772588313,-1.522457532172324,215734,0.13161470118654192,-0.7323506143426308,1639133,True
2023-11-22,2023-11-21,2023-11-14,99563,0.06074125772588313,-1.522457532172324,215734,0.13161470118654192,-0.7323506143426308,1639133,True
2023-11-24,2023-11-21,2023-11-14,99563,0.06074125772588313,-1.522457532172324,215734,0.13161470118654192,-0.7323506143426308,1639133,True
2023-11-27,2023-11-21,2023-11-14,99563,0.06074125772588313,-1.522457532172324,215734,0.13161470118654192,-0.7323506143426308,1639133,True
2023-11-28,2023-11-28,2023-11-21,84929,0.0546632279424874,-1.6857377193982415,207324,0.13344086319099788,-0.6602541703417769,1553677,True
2023-11-29,2023-11-28,2023-11-21,84929,0.0546632279424874,-1.6857377193982415,207324,0.13344086319099788,-0.6602541703417769,1553677,True
2023-11-30,2023-11-28,2023-11-21,84929,0.0546632279424874,-1.6857377193982415,207324,0.13344086319099788,-0.6602541703417769,1553677,True
2023-12-01,2023-11-28,2023-11-21,84929,0.0546632279424874,-1.6857377193982415,207324,0.13344086319099788,-0.6602541703417769,1553677,True
2023-12-04,2023-11-28,2023-11-21,84929,0.0546632279424874,-1.6857377193982415,207324,0.13344086319099788,-0.6602541703417769,1553677,True
2023-12-05,2023-12-05,2023-11-28,78316,0.050082590614662185,-1.7906709199049753,183171,0.1171367052132168,-1.1512751933288918,1563737,True
2023-12-06,2023-12-05,2023-11-28,78316,0.050082590614662185,-1.7906709199049753,183171,0.1171367052132168,-1.1512751933288918,1563737,True
2023-12-07,2023-12-05,2023-11-28,78316,0.050082590614662185,-1.7906709199049753,183171,0.1171367052132168,-1.1512751933288918,1563737,True
2023-12-08,2023-12-05,2023-11-28,78316,0.050082590614662185,-1.7906709199049753,183171,0.1171367052132168,-1.1512751933288918,1563737,True
2023-12-11,2023-12-05,2023-11-28,78316,0.050082590614662185,-1.7906709199049753,183171,0.1171367052132168,-1.1512751933288918,1563737,True
2023-12-12,2023-12-12,2023-12-05,62777,0.03803659273271261,-2.117175563056687,168990,0.10239106370009882,-1.578848120474174,1650437,True
2023-12-13,2023-12-12,2023-12-05,62777,0.03803659273271261,-2.117175563056687,168990,0.10239106370009882,-1.578848120474174,1650437,True
2023-12-14,2023-12-12,2023-12-05,62777,0.03803659273271261,-2.117175563056687,168990,0.10239106370009882,-1.578848120474174,1650437,True
2023-12-15,2023-12-12,2023-12-05,62777,0.03803659273271261,-2.117175563056687,168990,0.10239106370009882,-1.578848120474174,1650437,True
2023-12-18,2023-12-12,2023-12-05,62777,0.03803659273271261,-2.117175563056687,168990,0.10239106370009882,-1.578848120474174,1650437,True
2023-12-19,2023-12-19,2023-12-12,45912,0.027821323500449933,-2.355919038784247,151599,0.09186454132568195,-1.8558051783067484,1650245,True
2023-12-20,2023-12-19,2023-12-12,45912,0.027821323500449933,-2.355919038784247,151599,0.09186454132568195,-1.8558051783067484,1650245,True
2023-12-21,2023-12-19,2023-12-12,45912,0.027821323500449933,-2.355919038784247,151599,0.09186454132568195,-1.8558051783067484,1650245,True
2023-12-22,2023-12-19,2023-12-12,45912,0.027821323500449933,-2.355919038784247,151599,0.09186454132568195,-1.8558051783067484,1650245,True
2023-12-26,2023-12-26,2023-12-19,87328,0.0552824324067685,-1.4615385954736122,182743,0.11568428849063411,-1.1000007888629468,1579670,False
2023-12-27,2023-12-26,2023-12-19,87328,0.0552824324067685,-1.4615385954736122,182743,0.11568428849063411,-1.1000007888629468,1579670,False
2023-12-28,2023-12-26,2023-12-19,87328,0.0552824324067685,-1.4615385954736122,182743,0.11568428849063411,-1.1000007888629468,1579670,False
2023-12-29,2023-12-26,2023-12-19,87328,0.0552824324067685,-1.4615385954736122,182743,0.11568428849063411,-1.1000007888629468,1579670,False
2024-01-02,2024-01-02,2023-12-26,107403,0.06908358107960341,-1.013174304103598,199284,0.12818312683880048,-0.7011476204211738,1554682,False
2024-01-03,2024-01-02,2023-12-26,107403,0.06908358107960341,-1.013174304103598,199284,0.12818312683880048,-0.7011476204211738,1554682,False
2024-01-04,2024-01-02,2023-12-26,107403,0.06908358107960341,-1.013174304103598,199284,0.12818312683880048,-0.7011476204211738,1554682,False
2024-01-05,2024-01-02,2023-12-26,107403,0.06908358107960341,-1.013174304103598,199284,0.12818312683880048,-0.7011476204211738,1554682,False
2024-01-08,2024-01-02,2023-12-26,107403,0.06908358107960341,-1.013174304103598,199284,0.12818312683880048,-0.7011476204211738,1554682,False
2024-01-09,2024-01-09,2024-01-02,66563,0.04194493211352348,-1.8051437783854598,163729,0.10317446314040962,-1.4394547824993378,1586914,True
2024-01-10,2024-01-09,2024-01-02,66563,0.04194493211352348,-1.8051437783854598,163729,0.10317446314040962,-1.4394547824993378,1586914,True
2024-01-11,2024-01-09,2024-01-02,66563,0.04194493211352348,-1.8051437783854598,163729,0.10317446314040962,-1.4394547824993378,1586914,True
2024-01-12,2024-01-09,2024-01-02,66563,0.04194493211352348,-1.8051437783854598,163729,0.10317446314040962,-1.4394547824993378,1586914,True
2024-01-16,2024-01-16,2024-01-09,90956,0.05691270061263935,-1.3198306702706037,169682,0.10617288431058831,-1.3203803802626701,1598167,False
2024-01-17,2024-01-16,2024-01-09,90956,0.05691270061263935,-1.3198306702706037,169682,0.10617288431058831,-1.3203803802626701,1598167,False
2024-01-18,2024-01-16,2024-01-09,90956,0.05691270061263935,-1.3198306702706037,169682,0.10617288431058831,-1.3203803802626701,1598167,False
2024-01-19,2024-01-16,2024-01-09,90956,0.05691270061263935,-1.3198306702706037,169682,0.10617288431058831,-1.3203803802626701,1598167,False
2024-01-22,2024-01-16,2024-01-09,90956,0.05691270061263935,-1.3198306702706037,169682,0.10617288431058831,-1.3203803802626701,1598167,False
2024-01-23,2024-01-23,2024-01-16,72473,0.04500050605622005,-1.6434671470430053,162034,0.10061142768084058,-1.4586873997584986,1610493,True
2024-01-24,2024-01-23,2024-01-16,72473,0.04500050605622005,-1.6434671470430053,162034,0.10061142768084058,-1.4586873997584986,1610493,True
2024-01-25,2024-01-23,2024-01-16,72473,0.04500050605622005,-1.6434671470430053,162034,0.10061142768084058,-1.4586873997584986,1610493,True
2024-01-26,2024-01-23,2024-01-16,72473,0.04500050605622005,-1.6434671470430053,162034,0.10061142768084058,-1.4586873997584986,1610493,True
2024-01-29,2024-01-23,2024-01-16,72473,0.04500050605622005,-1.6434671470430053,162034,0.10061142768084058,-1.4586873997584986,1610493,True
2024-01-30,2024-01-30,2024-01-23,121750,0.07380836620104247,-0.7580186139334656,184018,0.11155702613210212,-1.1047253237564194,1649542,False
2024-01-31,2024-01-30,2024-01-23,121750,0.07380836620104247,-0.7580186139334656,184018,0.11155702613210212,-1.1047253237564194,1649542,False
2024-02-01,2024-01-30,2024-01-23,121750,0.07380836620104247,-0.7580186139334656,184018,0.11155702613210212,-1.1047253237564194,1649542,False
2024-02-02,2024-01-30,2024-01-23,121750,0.07380836620104247,-0.7580186139334656,184018,0.11155702613210212,-1.1047253237564194,1649542,False
2024-02-05,2024-01-30,2024-01-23,121750,0.07380836620104247,-0.7580186139334656,184018,0.11155702613210212,-1.1047253237564194,1649542,False
2024-02-06,2024-02-06,2024-01-30,137515,0.07868521337102183,-0.5974040233289056,196664,0.11252989711957703,-1.0547234939882906,1747660,False
2024-02-07,2024-02-06,2024-01-30,137515,0.07868521337102183,-0.5974040233289056,196664,0.11252989711957703,-1.0547234939882906,1747660,False
2024-02-08,2024-02-06,2024-01-30,137515,0.07868521337102183,-0.5974040233289056,196664,0.11252989711957703,-1.0547234939882906,1747660,False
2024-02-09,2024-02-06,2024-01-30,137515,0.07868521337102183,-0.5974040233289056,196664,0.11252989711957703,-1.0547234939882906,1747660,False
2024-02-12,2024-02-06,2024-01-30,137515,0.07868521337102183,-0.5974040233289056,196664,0.11252989711957703,-1.0547234939882906,1747660,False
2024-02-13,2024-02-13,2024-02-06,77073,0.042623685171052195,-1.6486518630317428,161838,0.08950127749941932,-1.7067710505638534,1808220,True
2024-02-14,2024-02-13,2024-02-06,77073,0.042623685171052195,-1.6486518630317428,161838,0.08950127749941932,-1.7067710505638534,1808220,True
2024-02-15,2024-02-13,2024-02-06,77073,0.042623685171052195,-1.6486518630317428,161838,0.08950127749941932,-1.7067710505638534,1808220,True
2024-02-16,2024-02-13,2024-02-06,77073,0.042623685171052195,-1.6486518630317428,161838,0.08950127749941932,-1.7067710505638534,1808220,True
2024-02-20,2024-02-20,2024-02-13,100188,0.05838948117471328,-1.1536669165868616,171072,0.09970061607698077,-1.3728494061133627,1715857,False
2024-02-21,2024-02-20,2024-02-13,100188,0.05838948117471328,-1.1536669165868616,171072,0.09970061607698077,-1.3728494061133627,1715857,False
2024-02-22,2024-02-20,2024-02-13,100188,0.05838948117471328,-1.1536669165868616,171072,0.09970061607698077,-1.3728494061133627,1715857,False
2024-02-23,2024-02-20,2024-02-13,100188,0.05838948117471328,-1.1536669165868616,171072,0.09970061607698077,-1.3728494061133627,1715857,False
2024-02-26,2024-02-20,2024-02-13,100188,0.05838948117471328,-1.1536669165868616,171072,0.09970061607698077,-1.3728494061133627,1715857,False
2024-02-27,2024-02-27,2024-02-20,123396,0.07423503550041691,-0.6691987158543183,191901,0.1154476445554597,-0.8902396332416282,1662234,False
2024-02-28,2024-02-27,2024-02-20,123396,0.07423503550041691,-0.6691987158543183,191901,0.1154476445554597,-0.8902396332416282,1662234,False
2024-02-29,2024-02-27,2024-02-20,123396,0.07423503550041691,-0.6691987158543183,191901,0.1154476445554597,-0.8902396332416282,1662234,False
2024-03-01,2024-02-27,2024-02-20,123396,0.07423503550041691,-0.6691987158543183,191901,0.1154476445554597,-0.8902396332416282,1662234,False
2024-03-04,2024-02-27,2024-02-20,123396,0.07423503550041691,-0.6691987158543183,191901,0.1154476445554597,-0.8902396332416282,1662234,False
2024-03-05,2024-03-05,2024-02-27,166538,0.10038934946269291,0.1160104389623065,224790,0.1355037400816555,-0.28588517653993095,1658921,False
2024-03-06,2024-03-05,2024-02-27,166538,0.10038934946269291,0.1160104389623065,224790,0.1355037400816555,-0.28588517653993095,1658921,False
2024-03-07,2024-03-05,2024-02-27,166538,0.10038934946269291,0.1160104389623065,224790,0.1355037400816555,-0.28588517653993095,1658921,False
2024-03-08,2024-03-05,2024-02-27,166538,0.10038934946269291,0.1160104389623065,224790,0.1355037400816555,-0.28588517653993095,1658921,False
2024-03-11,2024-03-05,2024-02-27,166538,0.10038934946269291,0.1160104389623065,224790,0.1355037400816555,-0.28588517653993095,1658921,False
2024-03-12,2024-03-12,2024-03-05,174585,0.10629100789701672,0.29811140878990583,238512,0.14521110562495776,0.015593086723122295,1642519,False
2024-03-13,2024-03-12,2024-03-05,174585,0.10629100789701672,0.29811140878990583,238512,0.14521110562495776,0.015593086723122295,1642519,False
2024-03-14,2024-03-12,2024-03-05,174585,0.10629100789701672,0.29811140878990583,238512,0.14521110562495776,0.015593086723122295,1642519,False
2024-03-15,2024-03-12,2024-03-05,174585,0.10629100789701672,0.29811140878990583,238512,0.14521110562495776,0.015593086723122295,1642519,False
2024-03-18,2024-03-12,2024-03-05,174585,0.10629100789701672,0.29811140878990583,238512,0.14521110562495776,0.015593086723122295,1642519,False
2024-03-19,2024-03-19,2024-03-12,160593,0.0934231537797014,-0.07954869882599765,233788,0.13600351370139938,-0.2480138970268182,1718985,False
2024-03-20,2024-03-19,2024-03-12,160593,0.0934231537797014,-0.07954869882599765,233788,0.13600351370139938,-0.2480138970268182,1718985,False
2024-03-21,2024-03-19,2024-03-12,160593,0.0934231537797014,-0.07954869882599765,233788,0.13600351370139938,-0.2480138970268182,1718985,False
2024-03-22,2024-03-19,2024-03-12,160593,0.0934231537797014,-0.07954869882599765,233788,0.13600351370139938,-0.2480138970268182,1718985,False
2024-03-25,2024-03-19,2024-03-12,160593,0.0934231537797014,-0.07954869882599765,233788,0.13600351370139938,-0.2480138970268182,1718985,False
2024-03-26,2024-03-26,2024-03-19,205684,0.12002222071801862,0.7195638183083966,277757,0.16207878084816854,0.5512850990258905,1713716,False
2024-03-27,2024-03-26,2024-03-19,205684,0.12002222071801862,0.7195638183083966,277757,0.16207878084816854,0.5512850990258905,1713716,False
2024-03-28,2024-03-26,2024-03-19,205684,0.12002222071801862,0.7195638183083966,277757,0.16207878084816854,0.5512850990258905,1713716,False
2024-04-01,2024-03-26,2024-03-19,205684,0.12002222071801862,0.7195638183083966,277757,0.16207878084816854,0.5512850990258905,1713716,False
2024-04-02,2024-04-02,2024-03-26,205794,0.11590338849887219,0.596727167619683,278027,0.1565850870004759,0.39199677691417606,1775565,False
2024-04-03,2024-04-02,2024-03-26,205794,0.11590338849887219,0.596727167619683,278027,0.1565850870004759,0.39199677691417606,1775565,False
2024-04-04,2024-04-02,2024-03-26,205794,0.11590338849887219,0.596727167619683,278027,0.1565850870004759,0.39199677691417606,1775565,False
2024-04-05,2024-04-02,2024-03-26,205794,0.11590338849887219,0.596727167619683,278027,0.1565850870004759,0.39199677691417606,1775565,False
2024-04-08,2024-04-02,2024-03-26,205794,0.11590338849887219,0.596727167619683,278027,0.1565850870004759,0.39199677691417606,1775565,False
2024-04-09,2024-04-09,2024-04-02,215843,0.12279959150814851,0.7994999300322723,300897,0.17118937693614045,0.8371492996993387,1757685,False
2024-04-10,2024-04-09,2024-04-02,215843,0.12279959150814851,0.7994999300322723,300897,0.17118937693614045,0.8371492996993387,1757685,False
2024-04-11,2024-04-09,2024-04-02,215843,0.12279959150814851,0.7994999300322723,300897,0.17118937693614045,0.8371492996993387,1757685,False
2024-04-12,2024-04-09,2024-04-02,215843,0.12279959150814851,0.7994999300322723,300897,0.17118937693614045,0.8371492996993387,1757685,False
2024-04-15,2024-04-09,2024-04-02,215843,0.12279959150814851,0.7994999300322723,300897,0.17118937693614045,0.8371492996993387,1757685,False
2024-04-16,2024-04-16,2024-04-09,222132,0.1260613792453751,0.8925819895315122,297137,0.16862721285016577,0.7599739026220166,1762094,False
2024-04-17,2024-04-16,2024-04-09,222132,0.1260613792453751,0.8925819895315122,297137,0.16862721285016577,0.7599739026220166,1762094,False
2024-04-18,2024-04-16,2024-04-09,222132,0.1260613792453751,0.8925819895315122,297137,0.16862721285016577,0.7599739026220166,1762094,False
2024-04-19,2024-04-16,2024-04-09,222132,0.1260613792453751,0.8925819895315122,297137,0.16862721285016577,0.7599739026220166,1762094,False
2024-04-22,2024-04-16,2024-04-09,222132,0.1260613792453751,0.8925819895315122,297137,0.16862721285016577,0.7599739026220166,1762094,False
2024-04-23,2024-04-23,2024-04-16,185786,0.103237041885835,0.21451794507322158,290462,0.1614031071245595,0.5457354587842287,1799606,False
2024-04-24,2024-04-23,2024-04-16,185786,0.103237041885835,0.21451794507322158,290462,0.1614031071245595,0.5457354587842287,1799606,False
2024-04-25,2024-04-23,2024-04-16,185786,0.103237041885835,0.21451794507322158,290462,0.1614031071245595,0.5457354587842287,1799606,False
2024-04-26,2024-04-23,2024-04-16,185786,0.103237041885835,0.21451794507322158,290462,0.1614031071245595,0.5457354587842287,1799606,False
2024-04-29,2024-04-23,2024-04-16,185786,0.103237041885835,0.21451794507322158,290462,0.1614031071245595,0.5457354587842287,1799606,False
2024-04-30,2024-04-30,2024-04-23,161402,0.09143211278073672,-0.12959223384119492,264836,0.15002611504441823,0.20786048709279914,1765266,False
2024-05-01,2024-04-30,2024-04-23,161402,0.09143211278073672,-0.12959223384119492,264836,0.15002611504441823,0.20786048709279914,1765266,False
2024-05-02,2024-04-30,2024-04-23,161402,0.09143211278073672,-0.12959223384119492,264836,0.15002611504441823,0.20786048709279914,1765266,False
2024-05-03,2024-04-30,2024-04-23,161402,0.09143211278073672,-0.12959223384119492,264836,0.15002611504441823,0.20786048709279914,1765266,False
2024-05-06,2024-04-30,2024-04-23,161402,0.09143211278073672,-0.12959223384119492,264836,0.15002611504441823,0.20786048709279914,1765266,False
2024-05-07,2024-05-07,2024-04-30,158705,0.08843760692143177,-0.20917680889332688,265461,0.14792688050767272,0.1548332786976526,1794542,False
2024-05-08,2024-05-07,2024-04-30,158705,0.08843760692143177,-0.20917680889332688,265461,0.14792688050767272,0.1548332786976526,1794542,False
2024-05-09,2024-05-07,2024-04-30,158705,0.08843760692143177,-0.20917680889332688,265461,0.14792688050767272,0.1548332786976526,1794542,False
2024-05-10,2024-05-07,2024-04-30,158705,0.08843760692143177,-0.20917680889332688,265461,0.14792688050767272,0.1548332786976526,1794542,False
2024-05-13,2024-05-07,2024-04-30,158705,0.08843760692143177,-0.20917680889332688,265461,0.14792688050767272,0.1548332786976526,1794542,False
2024-05-14,2024-05-14,2024-05-07,104519,0.056903849975364296,-1.1403887319657673,215444,0.11729535351555588,-0.7816228586294865,1836765,False
2024-05-15,2024-05-14,2024-05-07,104519,0.056903849975364296,-1.1403887319657673,215444,0.11729535351555588,-0.7816228586294865,1836765,False
2024-05-16,2024-05-14,2024-05-07,104519,0.056903849975364296,-1.1403887319657673,215444,0.11729535351555588,-0.7816228586294865,1836765,False
2024-05-17,2024-05-14,2024-05-07,104519,0.056903849975364296,-1.1403887319657673,215444,0.11729535351555588,-0.7816228586294865,1836765,False
2024-05-20,2024-05-14,2024-05-07,104519,0.056903849975364296,-1.1403887319657673,215444,0.11729535351555588,-0.7816228586294865,1836765,False
2024-05-21,2024-05-21,2024-05-14,119232,0.06669340399146867,-0.8294999025097228,203043,0.11357377907474313,-0.8808034210809265,1787763,False
2024-05-22,2024-05-21,2024-05-14,119232,0.06669340399146867,-0.8294999025097228,203043,0.11357377907474313,-0.8808034210809265,1787763,False
2024-05-23,2024-05-21,2024-05-14,119232,0.06669340399146867,-0.8294999025097228,203043,0.11357377907474313,-0.8808034210809265,1787763,False
2024-05-24,2024-05-21,2024-05-14,119232,0.06669340399146867,-0.8294999025097228,203043,0.11357377907474313,-0.8808034210809265,1787763,False
2024-05-28,2024-05-28,2024-05-21,161547,0.0905455364789547,-0.084464178912573,219300,0.12291553634443703,-0.5727953126532458,1784152,False
2024-05-29,2024-05-28,2024-05-21,161547,0.0905455364789547,-0.084464178912573,219300,0.12291553634443703,-0.5727953126532458,1784152,False
2024-05-30,2024-05-28,2024-05-21,161547,0.0905455364789547,-0.084464178912573,219300,0.12291553634443703,-0.5727953126532458,1784152,False
2024-05-31,2024-05-28,2024-05-21,161547,0.0905455364789547,-0.084464178912573,219300,0.12291553634443703,-0.5727953126532458,1784152,False
2024-06-03,2024-05-28,2024-05-21,161547,0.0905455364789547,-0.084464178912573,219300,0.12291553634443703,-0.5727953126532458,1784152,False
2024-06-04,2024-06-04,2024-05-28,196185,0.10700254873160651,0.4441145186181872,243926,0.13304128094352702,-0.23706401949347897,1833461,False
2024-06-05,2024-06-04,2024-05-28,196185,0.10700254873160651,0.4441145186181872,243926,0.13304128094352702,-0.23706401949347897,1833461,False
2024-06-06,2024-06-04,2024-05-28,196185,0.10700254873160651,0.4441145186181872,243926,0.13304128094352702,-0.23706401949347897,1833461,False
2024-06-07,2024-06-04,2024-05-28,196185,0.10700254873160651,0.4441145186181872,243926,0.13304128094352702,-0.23706401949347897,1833461,False
2024-06-10,2024-06-04,2024-05-28,196185,0.10700254873160651,0.4441145186181872,243926,0.13304128094352702,-0.23706401949347897,1833461,False
2024-06-11,2024-06-11,2024-06-04,145312,0.08009467257322986,-0.3864180297218085,210705,0.11613870832789032,-0.7637620831989655,1814253,False
2024-06-12,2024-06-11,2024-06-04,145312,0.08009467257322986,-0.3864180297218085,210705,0.11613870832789032,-0.7637620831989655,1814253,False
2024-06-13,2024-06-11,2024-06-04,145312,0.08009467257322986,-0.3864180297218085,210705,0.11613870832789032,-0.7637620831989655,1814253,False
2024-06-14,2024-06-11,2024-06-04,145312,0.08009467257322986,-0.3864180297218085,210705,0.11613870832789032,-0.7637620831989655,1814253,False
2024-06-17,2024-06-11,2024-06-04,145312,0.08009467257322986,-0.3864180297218085,210705,0.11613870832789032,-0.7637620831989655,1814253,False
2024-06-18,2024-06-18,2024-06-11,186682,0.10633261222960035,0.4675499875580541,233484,0.13299066666210993,-0.2072091049955989,1755642,False
2024-06-20,2024-06-18,2024-06-11,186682,0.10633261222960035,0.4675499875580541,233484,0.13299066666210993,-0.2072091049955989,1755642,False
2024-06-21,2024-06-18,2024-06-11,186682,0.10633261222960035,0.4675499875580541,233484,0.13299066666210993,-0.2072091049955989,1755642,False
2024-06-24,2024-06-18,2024-06-11,186682,0.10633261222960035,0.4675499875580541,233484,0.13299066666210993,-0.2072091049955989,1755642,False
2024-06-25,2024-06-25,2024-06-18,180634,0.10767803769571836,0.5212997778728121,246849,0.147149572766757,0.26342098892759463,1677538,False
2024-06-26,2024-06-25,2024-06-18,180634,0.10767803769571836,0.5212997778728121,246849,0.147149572766757,0.26342098892759463,1677538,False
2024-06-27,2024-06-25,2024-06-18,180634,0.10767803769571836,0.5212997778728121,246849,0.147149572766757,0.26342098892759463,1677538,False
2024-06-28,2024-06-25,2024-06-18,180634,0.10767803769571836,0.5212997778728121,246849,0.147149572766757,0.26342098892759463,1677538,False
2024-07-01,2024-06-25,2024-06-18,180634,0.10767803769571836,0.5212997778728121,246849,0.147149572766757,0.26342098892759463,1677538,False
2024-07-02,2024-07-02,2024-06-25,224638,0.1336652780761168,1.3681577325574692,271245,0.1613976190660365,0.7408985099232347,1680601,False
2024-07-03,2024-07-02,2024-06-25,224638,0.1336652780761168,1.3681577325574692,271245,0.1613976190660365,0.7408985099232347,1680601,False
2024-07-05,2024-07-02,2024-06-25,224638,0.1336652780761168,1.3681577325574692,271245,0.1613976190660365,0.7408985099232347,1680601,False
2024-07-08,2024-07-02,2024-06-25,224638,0.1336652780761168,1.3681577325574692,271245,0.1613976190660365,0.7408985099232347,1680601,False
2024-07-09,2024-07-09,2024-07-02,233203,0.13545831312424306,1.4116072192719238,279946,0.1626094558212345,0.7855581533329314,1721585,False
2024-07-10,2024-07-09,2024-07-02,233203,0.13545831312424306,1.4116072192719238,279946,0.1626094558212345,0.7855581533329314,1721585,False
2024-07-11,2024-07-09,2024-07-02,233203,0.13545831312424306,1.4116072192719238,279946,0.1626094558212345,0.7855581533329314,1721585,False
2024-07-12,2024-07-09,2024-07-02,233203,0.13545831312424306,1.4116072192719238,279946,0.1626094558212345,0.7855581533329314,1721585,False
2024-07-15,2024-07-09,2024-07-02,233203,0.13545831312424306,1.4116072192719238,279946,0.1626094558212345,0.7855581533329314,1721585,False
2024-07-16,2024-07-16,2024-07-09,240012,0.13577420520905636,1.4120592382653845,283894,0.16059814598278355,0.7220499032363331,1767729,False
2024-07-17,2024-07-16,2024-07-09,240012,0.13577420520905636,1.4120592382653845,283894,0.16059814598278355,0.7220499032363331,1767729,False
2024-07-18,2024-07-16,2024-07-09,240012,0.13577420520905636,1.4120592382653845,283894,0.16059814598278355,0.7220499032363331,1767729,False
2024-07-19,2024-07-16,2024-07-09,240012,0.13577420520905636,1.4120592382653845,283894,0.16059814598278355,0.7220499032363331,1767729,False
2024-07-22,2024-07-16,2024-07-09,240012,0.13577420520905636,1.4120592382653845,283894,0.16059814598278355,0.7220499032363331,1767729,False
2024-07-23,2024-07-23,2024-07-16,248501,0.13570302073162474,1.40822350243792,287601,0.15705499963958297,0.612018863583699,1831212,False
2024-07-24,2024-07-23,2024-07-16,248501,0.13570302073162474,1.40822350243792,287601,0.15705499963958297,0.612018863583699,1831212,False
2024-07-25,2024-07-23,2024-07-16,248501,0.13570302073162474,1.40822350243792,287601,0.15705499963958297,0.612018863583699,1831212,False
2024-07-26,2024-07-23,2024-07-16,248501,0.13570302073162474,1.40822350243792,287601,0.15705499963958297,0.612018863583699,1831212,False
2024-07-29,2024-07-23,2024-07-16,248501,0.13570302073162474,1.40822350243792,287601,0.15705499963958297,0.612018863583699,1831212,False
2024-07-30,2024-07-30,2024-07-23,225041,0.12439431008007323,1.045230914940887,275998,0.15256144788496342,0.46681722365683714,1809094,False
2024-07-31,2024-07-30,2024-07-23,225041,0.12439431008007323,1.045230914940887,275998,0.15256144788496342,0.46681722365683714,1809094,False
2024-08-01,2024-07-30,2024-07-23,225041,0.12439431008007323,1.045230914940887,275998,0.15256144788496342,0.46681722365683714,1809094,False
2024-08-02,2024-07-30,2024-07-23,225041,0.12439431008007323,1.045230914940887,275998,0.15256144788496342,0.46681722365683714,1809094,False
2024-08-05,2024-07-30,2024-07-23,225041,0.12439431008007323,1.045230914940887,275998,0.15256144788496342,0.46681722365683714,1809094,False
2024-08-06,2024-08-06,2024-07-30,199250,0.11146042525578559,0.6291147901796179,245493,0.13732875371301667,-0.033489910398499106,1787630,False
2024-08-07,2024-08-06,2024-07-30,199250,0.11146042525578559,0.6291147901796179,245493,0.13732875371301667,-0.033489910398499106,1787630,False
2024-08-08,2024-08-06,2024-07-30,199250,0.11146042525578559,0.6291147901796179,245493,0.13732875371301667,-0.033489910398499106,1787630,False
2024-08-09,2024-08-06,2024-07-30,199250,0.11146042525578559,0.6291147901796179,245493,0.13732875371301667,-0.033489910398499106,1787630,False
2024-08-12,2024-08-06,2024-07-30,199250,0.11146042525578559,0.6291147901796179,245493,0.13732875371301667,-0.033489910398499106,1787630,False
2024-08-13,2024-08-13,2024-08-06,172634,0.09439504474406266,0.08065268228172175,222342,0.12157502600000218,-0.5538998719011382,1828846,False
2024-08-14,2024-08-13,2024-08-06,172634,0.09439504474406266,0.08065268228172175,222342,0.12157502600000218,-0.5538998719011382,1828846,False
2024-08-15,2024-08-13,2024-08-06,172634,0.09439504474406266,0.08065268228172175,222342,0.12157502600000218,-0.5538998719011382,1828846,False
2024-08-16,2024-08-13,2024-08-06,172634,0.09439504474406266,0.08065268228172175,222342,0.12157502600000218,-0.5538998719011382,1828846,False
2024-08-19,2024-08-13,2024-08-06,172634,0.09439504474406266,0.08065268228172175,222342,0.12157502600000218,-0.5538998719011382,1828846,False
2024-08-20,2024-08-20,2024-08-13,191765,0.10707888206665342,0.48183532908730453,231543,0.12929035846144568,-0.29411774540904195,1790876,False
2024-08-21,2024-08-20,2024-08-13,191765,0.10707888206665342,0.48183532908730453,231543,0.12929035846144568,-0.29411774540904195,1790876,False
2024-08-22,2024-08-20,2024-08-13,191765,0.10707888206665342,0.48183532908730453,231543,0.12929035846144568,-0.29411774540904195,1790876,False
2024-08-23,2024-08-20,2024-08-13,191765,0.10707888206665342,0.48183532908730453,231543,0.12929035846144568,-0.29411774540904195,1790876,False
2024-08-26,2024-08-20,2024-08-13,191765,0.10707888206665342,0.48183532908730453,231543,0.12929035846144568,-0.29411774540904195,1790876,False
2024-08-27,2024-08-27,2024-08-20,169913,0.09750366112868351,0.17718938655761915,222288,0.12755877316610736,-0.34117292973963403,1742632,False
2024-08-28,2024-08-27,2024-08-20,169913,0.09750366112868351,0.17718938655761915,222288,0.12755877316610736,-0.34117292973963403,1742632,False
2024-08-29,2024-08-27,2024-08-20,169913,0.09750366112868351,0.17718938655761915,222288,0.12755877316610736,-0.34117292973963403,1742632,False
2024-08-30,2024-08-27,2024-08-20,169913,0.09750366112868351,0.17718938655761915,222288,0.12755877316610736,-0.34117292973963403,1742632,False
2024-09-03,2024-09-03,2024-08-27,179969,0.10327536865615028,0.3618087920985486,226699,0.1300914201833683,-0.2487251762234988,1742613,False
2024-09-04,2024-09-03,2024-08-27,179969,0.10327536865615028,0.3618087920985486,226699,0.1300914201833683,-0.2487251762234988,1742613,False
2024-09-05,2024-09-03,2024-08-27,179969,0.10327536865615028,0.3618087920985486,226699,0.1300914201833683,-0.2487251762234988,1742613,False
2024-09-06,2024-09-03,2024-08-27,179969,0.10327536865615028,0.3618087920985486,226699,0.1300914201833683,-0.2487251762234988,1742613,False
2024-09-09,2024-09-03,2024-08-27,179969,0.10327536865615028,0.3618087920985486,226699,0.1300914201833683,-0.2487251762234988,1742613,False
2024-09-10,2024-09-10,2024-09-03,115268,0.06672439861906405,-0.8011691908417132,177035,0.10247903936501027,-1.150973024273757,1727524,False
2024-09-11,2024-09-10,2024-09-03,115268,0.06672439861906405,-0.8011691908417132,177035,0.10247903936501027,-1.150973024273757,1727524,False
2024-09-12,2024-09-10,2024-09-03,115268,0.06672439861906405,-0.8011691908417132,177035,0.10247903936501027,-1.150973024273757,1727524,False
2024-09-13,2024-09-10,2024-09-03,115268,0.06672439861906405,-0.8011691908417132,177035,0.10247903936501027,-1.150973024273757,1727524,False
2024-09-16,2024-09-10,2024-09-03,115268,0.06672439861906405,-0.8011691908417132,177035,0.10247903936501027,-1.150973024273757,1727524,False
2024-09-17,2024-09-17,2024-09-10,95833,0.053167745282155274,-1.2119704964362346,140014,0.07767917823647061,-1.9182346213264372,1802465,True
2024-09-18,2024-09-17,2024-09-10,95833,0.053167745282155274,-1.2119704964362346,140014,0.07767917823647061,-1.9182346213264372,1802465,True
2024-09-19,2024-09-17,2024-09-10,95833,0.053167745282155274,-1.2119704964362346,140014,0.07767917823647061,-1.9182346213264372,1802465,True
2024-09-20,2024-09-17,2024-09-10,95833,0.053167745282155274,-1.2119704964362346,140014,0.07767917823647061,-1.9182346213264372,1802465,True
2024-09-23,2024-09-17,2024-09-10,95833,0.053167745282155274,-1.2119704964362346,140014,0.07767917823647061,-1.9182346213264372,1802465,True
2024-09-24,2024-09-24,2024-09-17,130773,0.07215957843042585,-0.5951378407015077,145328,0.08019092025216923,-1.7882425151703887,1812275,True
2024-09-25,2024-09-24,2024-09-17,130773,0.07215957843042585,-0.5951378407015077,145328,0.08019092025216923,-1.7882425151703887,1812275,True
2024-09-26,2024-09-24,2024-09-17,130773,0.07215957843042585,-0.5951378407015077,145328,0.08019092025216923,-1.7882425151703887,1812275,True
2024-09-27,2024-09-24,2024-09-17,130773,0.07215957843042585,-0.5951378407015077,145328,0.08019092025216923,-1.7882425151703887,1812275,True
2024-09-30,2024-09-24,2024-09-17,130773,0.07215957843042585,-0.5951378407015077,145328,0.08019092025216923,-1.7882425151703887,1812275,True
2024-10-01,2024-10-01,2024-09-24,159082,0.08935218235524404,-0.04635293457495642,158597,0.08907977058997649,-1.4685284077051535,1780393,False
2024-10-02,2024-10-01,2024-09-24,159082,0.08935218235524404,-0.04635293457495642,158597,0.08907977058997649,-1.4685284077051535,1780393,False
2024-10-03,2024-10-01,2024-09-24,159082,0.08935218235524404,-0.04635293457495642,158597,0.08907977058997649,-1.4685284077051535,1780393,False
2024-10-04,2024-10-01,2024-09-24,159082,0.08935218235524404,-0.04635293457495642,158597,0.08907977058997649,-1.4685284077051535,1780393,False
2024-10-07,2024-10-01,2024-09-24,159082,0.08935218235524404,-0.04635293457495642,158597,0.08907977058997649,-1.4685284077051535,1780393,False
2024-10-08,2024-10-08,2024-10-01,136929,0.07730266872010731,-0.42156987909414917,159608,0.09010599908769426,-1.4050937186336452,1771336,False
2024-10-09,2024-10-08,2024-10-01,136929,0.07730266872010731,-0.42156987909414917,159608,0.09010599908769426,-1.4050937186336452,1771336,False
2024-10-10,2024-10-08,2024-10-01,136929,0.07730266872010731,-0.42156987909414917,159608,0.09010599908769426,-1.4050937186336452,1771336,False
2024-10-11,2024-10-08,2024-10-01,136929,0.07730266872010731,-0.42156987909414917,159608,0.09010599908769426,-1.4050937186336452,1771336,False
2024-10-14,2024-10-08,2024-10-01,136929,0.07730266872010731,-0.42156987909414917,159608,0.09010599908769426,-1.4050937186336452,1771336,False
2024-10-15,2024-10-15,2024-10-08,131063,0.07677649214561541,-0.42685282722074064,190637,0.11167484441195216,-0.7048845418933369,1707072,False
2024-10-16,2024-10-15,2024-10-08,131063,0.07677649214561541,-0.42685282722074064,190637,0.11167484441195216,-0.7048845418933369,1707072,False
2024-10-17,2024-10-15,2024-10-08,131063,0.07677649214561541,-0.42685282722074064,190637,0.11167484441195216,-0.7048845418933369,1707072,False
2024-10-18,2024-10-15,2024-10-08,131063,0.07677649214561541,-0.42685282722074064,190637,0.11167484441195216,-0.7048845418933369,1707072,False
2024-10-21,2024-10-15,2024-10-08,131063,0.07677649214561541,-0.42685282722074064,190637,0.11167484441195216,-0.7048845418933369,1707072,False
2024-10-22,2024-10-22,2024-10-15,118546,0.0701555250449768,-0.6280205148965059,184403,0.10912969889215036,-0.7701840761309028,1689760,False
2024-10-23,2024-10-22,2024-10-15,118546,0.0701555250449768,-0.6280205148965059,184403,0.10912969889215036,-0.7701840761309028,1689760,False
2024-10-24,2024-10-22,2024-10-15,118546,0.0701555250449768,-0.6280205148965059,184403,0.10912969889215036,-0.7701840761309028,1689760,False
2024-10-25,2024-10-22,2024-10-15,118546,0.0701555250449768,-0.6280205148965059,184403,0.10912969889215036,-0.7701840761309028,1689760,False
2024-10-28,2024-10-22,2024-10-15,118546,0.0701555250449768,-0.6280205148965059,184403,0.10912969889215036,-0.7701840761309028,1689760,False
2024-10-29,2024-10-29,2024-10-22,101946,0.0618256224650197,-0.8781034912833212,173731,0.10535996720293427,-0.8739459307483213,1648928,False
2024-10-30,2024-10-29,2024-10-22,101946,0.0618256224650197,-0.8781034912833212,173731,0.10535996720293427,-0.8739459307483213,1648928,False
2024-10-31,2024-10-29,2024-10-22,101946,0.0618256224650197,-0.8781034912833212,173731,0.10535996720293427,-0.8739459307483213,1648928,False
2024-11-01,2024-10-29,2024-10-22,101946,0.0618256224650197,-0.8781034912833212,173731,0.10535996720293427,-0.8739459307483213,1648928,False
2024-11-04,2024-10-29,2024-10-22,101946,0.0618256224650197,-0.8781034912833212,173731,0.10535996720293427,-0.8739459307483213,1648928,False
2024-11-05,2024-11-05,2024-10-29,91633,0.05230982294135646,-1.1581792630891892,151877,0.08670084989975659,-1.4458946047282863,1751736,False
2024-11-06,2024-11-05,2024-10-29,91633,0.05230982294135646,-1.1581792630891892,151877,0.08670084989975659,-1.4458946047282863,1751736,False
2024-11-07,2024-11-05,2024-10-29,91633,0.05230982294135646,-1.1581792630891892,151877,0.08670084989975659,-1.4458946047282863,1751736,False
2024-11-08,2024-11-05,2024-10-29,91633,0.05230982294135646,-1.1581792630891892,151877,0.08670084989975659,-1.4458946047282863,1751736,False
2024-11-11,2024-11-05,2024-10-29,91633,0.05230982294135646,-1.1581792630891892,151877,0.08670084989975659,-1.4458946047282863,1751736,False
2024-11-12,2024-11-12,2024-11-05,146651,0.08395807678061186,-0.14058205402003518,196088,0.11226088713855766,-0.6090649922971947,1746717,False
2024-11-13,2024-11-12,2024-11-05,146651,0.08395807678061186,-0.14058205402003518,196088,0.11226088713855766,-0.6090649922971947,1746717,False
2024-11-14,2024-11-12,2024-11-05,146651,0.08395807678061186,-0.14058205402003518,196088,0.11226088713855766,-0.6090649922971947,1746717,False
2024-11-15,2024-11-12,2024-11-05,146651,0.08395807678061186,-0.14058205402003518,196088,0.11226088713855766,-0.6090649922971947,1746717,False
2024-11-18,2024-11-12,2024-11-05,146651,0.08395807678061186,-0.14058205402003518,196088,0.11226088713855766,-0.6090649922971947,1746717,False
2024-11-19,2024-11-19,2024-11-12,133663,0.07457628442575709,-0.4298764175705316,186906,0.10428282334588146,-0.8552850354343076,1792299,False
2024-11-20,2024-11-19,2024-11-12,133663,0.07457628442575709,-0.4298764175705316,186906,0.10428282334588146,-0.8552850354343076,1792299,False
2024-11-21,2024-11-19,2024-11-12,133663,0.07457628442575709,-0.4298764175705316,186906,0.10428282334588146,-0.8552850354343076,1792299,False
2024-11-22,2024-11-19,2024-11-12,133663,0.07457628442575709,-0.4298764175705316,186906,0.10428282334588146,-0.8552850354343076,1792299,False
2024-11-25,2024-11-19,2024-11-12,133663,0.07457628442575709,-0.4298764175705316,186906,0.10428282334588146,-0.8552850354343076,1792299,False
2024-11-26,2024-11-26,2024-11-19,104941,0.0593339217290466,-0.9024101042657615,193865,0.1096117888718577,-0.6636624129746584,1768651,False
2024-11-27,2024-11-26,2024-11-19,104941,0.0593339217290466,-0.9024101042657615,193865,0.1096117888718577,-0.6636624129746584,1768651,False
2024-11-29,2024-11-26,2024-11-19,104941,0.0593339217290466,-0.9024101042657615,193865,0.1096117888718577,-0.6636624129746584,1768651,False
2024-12-02,2024-11-26,2024-11-19,104941,0.0593339217290466,-0.9024101042657615,193865,0.1096117888718577,-0.6636624129746584,1768651,False
2024-12-03,2024-12-03,2024-11-26,106409,0.06113137480531821,-0.8310073472193981,200407,0.11513269958940885,-0.4646577143235599,1740661,False
2024-12-04,2024-12-03,2024-11-26,106409,0.06113137480531821,-0.8310073472193981,200407,0.11513269958940885,-0.4646577143235599,1740661,False
2024-12-05,2024-12-03,2024-11-26,106409,0.06113137480531821,-0.8310073472193981,200407,0.11513269958940885,-0.4646577143235599,1740661,False
2024-12-06,2024-12-03,2024-11-26,106409,0.06113137480531821,-0.8310073472193981,200407,0.11513269958940885,-0.4646577143235599,1740661,False
2024-12-09,2024-12-03,2024-11-26,106409,0.06113137480531821,-0.8310073472193981,200407,0.11513269958940885,-0.4646577143235599,1740661,False
2024-12-10,2024-12-10,2024-12-03,114821,0.0644756443998713,-0.7121779351922305,201464,0.11312844534863545,-0.5190808280444686,1780843,False
2024-12-11,2024-12-10,2024-12-03,114821,0.0644756443998713,-0.7121779351922305,201464,0.11312844534863545,-0.5190808280444686,1780843,False
2024-12-12,2024-12-10,2024-12-03,114821,0.0644756443998713,-0.7121779351922305,201464,0.11312844534863545,-0.5190808280444686,1780843,False
2024-12-13,2024-12-10,2024-12-03,114821,0.0644756443998713,-0.7121779351922305,201464,0.11312844534863545,-0.5190808280444686,1780843,False
2024-12-16,2024-12-10,2024-12-03,114821,0.0644756443998713,-0.7121779351922305,201464,0.11312844534863545,-0.5190808280444686,1780843,False
2024-12-17,2024-12-17,2024-12-10,104968,0.058050233737246486,-0.901258258468689,190112,0.10513724217147515,-0.7745733304887363,1808227,False
2024-12-18,2024-12-17,2024-12-10,104968,0.058050233737246486,-0.901258258468689,190112,0.10513724217147515,-0.7745733304887363,1808227,False
2024-12-19,2024-12-17,2024-12-10,104968,0.058050233737246486,-0.901258258468689,190112,0.10513724217147515,-0.7745733304887363,1808227,False
2024-12-20,2024-12-17,2024-12-10,104968,0.058050233737246486,-0.901258258468689,190112,0.10513724217147515,-0.7745733304887363,1808227,False
2024-12-23,2024-12-17,2024-12-10,104968,0.058050233737246486,-0.901258258468689,190112,0.10513724217147515,-0.7745733304887363,1808227,False
2024-12-24,2024-12-24,2024-12-17,164387,0.08993191659303958,0.11966094454485333,229990,0.1258216373389208,-0.057010949525298706,1827905,False
2024-12-26,2024-12-24,2024-12-17,164387,0.08993191659303958,0.11966094454485333,229990,0.1258216373389208,-0.057010949525298706,1827905,False
2024-12-27,2024-12-24,2024-12-17,164387,0.08993191659303958,0.11966094454485333,229990,0.1258216373389208,-0.057010949525298706,1827905,False
2024-12-30,2024-12-24,2024-12-17,164387,0.08993191659303958,0.11966094454485333,229990,0.1258216373389208,-0.057010949525298706,1827905,False
2024-12-31,2024-12-31,2024-12-24,186914,0.10218056342155155,0.5177889156302221,247027,0.13504262944635292,0.27665390440679616,1829252,False
2025-01-02,2024-12-31,2024-12-24,186914,0.10218056342155155,0.5177889156302221,247027,0.13504262944635292,0.27665390440679616,1829252,False
2025-01-03,2024-12-31,2024-12-24,186914,0.10218056342155155,0.5177889156302221,247027,0.13504262944635292,0.27665390440679616,1829252,False
2025-01-06,2024-12-31,2024-12-24,186914,0.10218056342155155,0.5177889156302221,247027,0.13504262944635292,0.27665390440679616,1829252,False
2025-01-07,2025-01-07,2024-12-31,203048,0.10840963816825683,0.7117167347912827,254324,0.13578647816035494,0.31065393437137667,1872970,False
2025-01-08,2025-01-07,2024-12-31,203048,0.10840963816825683,0.7117167347912827,254324,0.13578647816035494,0.31065393437137667,1872970,False
2025-01-10,2025-01-07,2024-12-31,203048,0.10840963816825683,0.7117167347912827,254324,0.13578647816035494,0.31065393437137667,1872970,False
2025-01-13,2025-01-07,2024-12-31,203048,0.10840963816825683,0.7117167347912827,254324,0.13578647816035494,0.31065393437137667,1872970,False
2025-01-14,2025-01-14,2025-01-07,253879,0.1296351991486976,1.3633632661447859,279567,0.1427519555394654,0.549780873620257,1958411,False
2025-01-15,2025-01-14,2025-01-07,253879,0.1296351991486976,1.3633632661447859,279567,0.1427519555394654,0.549780873620257,1958411,False
2025-01-16,2025-01-14,2025-01-07,253879,0.1296351991486976,1.3633632661447859,279567,0.1427519555394654,0.549780873620257,1958411,False
2025-01-17,2025-01-14,2025-01-07,253879,0.1296351991486976,1.3633632661447859,279567,0.1427519555394654,0.549780873620257,1958411,False
2025-01-21,2025-01-21,2025-01-14,236242,0.12457721412186569,1.1878035003794893,306291,0.16151607034566404,1.1953621307121767,1896350,False
2025-01-22,2025-01-21,2025-01-14,236242,0.12457721412186569,1.1878035003794893,306291,0.16151607034566404,1.1953621307121767,1896350,False
2025-01-23,2025-01-21,2025-01-14,236242,0.12457721412186569,1.1878035003794893,306291,0.16151607034566404,1.1953621307121767,1896350,False
2025-01-24,2025-01-21,2025-01-14,236242,0.12457721412186569,1.1878035003794893,306291,0.16151607034566404,1.1953621307121767,1896350,False
2025-01-27,2025-01-21,2025-01-14,236242,0.12457721412186569,1.1878035003794893,306291,0.16151607034566404,1.1953621307121767,1896350,False
2025-01-28,2025-01-28,2025-01-21,247445,0.13253615425816817,1.4148450978796105,298847,0.16006802356722014,1.13822940194507,1867000,False
2025-01-29,2025-01-28,2025-01-21,247445,0.13253615425816817,1.4148450978796105,298847,0.16006802356722014,1.13822940194507,1867000,False
2025-01-30,2025-01-28,2025-01-21,247445,0.13253615425816817,1.4148450978796105,298847,0.16006802356722014,1.13822940194507,1867000,False
2025-01-31,2025-01-28,2025-01-21,247445,0.13253615425816817,1.4148450978796105,298847,0.16006802356722014,1.13822940194507,1867000,False
2025-02-03,2025-01-28,2025-01-21,247445,0.13253615425816817,1.4148450978796105,298847,0.16006802356722014,1.13822940194507,1867000,False
2025-02-04,2025-02-04,2025-01-28,191531,0.1074530621129651,0.6265422505280297,264126,0.14818043806824494,0.7228986340902813,1782462,False
2025-02-05,2025-02-04,2025-01-28,191531,0.1074530621129651,0.6265422505280297,264126,0.14818043806824494,0.7228986340902813,1782462,False
2025-02-06,2025-02-04,2025-01-28,191531,0.1074530621129651,0.6265422505280297,264126,0.14818043806824494,0.7228986340902813,1782462,False
2025-02-07,2025-02-04,2025-01-28,191531,0.1074530621129651,0.6265422505280297,264126,0.14818043806824494,0.7228986340902813,1782462,False
2025-02-10,2025-02-04,2025-01-28,191531,0.1074530621129651,0.6265422505280297,264126,0.14818043806824494,0.7228986340902813,1782462,False
2025-02-11,2025-02-11,2025-02-04,144136,0.08164763541568716,-0.1768397972313736,230313,0.1304636721949628,0.1079309564498615,1765342,False
2025-02-12,2025-02-11,2025-02-04,144136,0.08164763541568716,-0.1768397972313736,230313,0.1304636721949628,0.1079309564498615,1765342,False
2025-02-13,2025-02-11,2025-02-04,144136,0.08164763541568716,-0.1768397972313736,230313,0.1304636721949628,0.1079309564498615,1765342,False
2025-02-14,2025-02-11,2025-02-04,144136,0.08164763541568716,-0.1768397972313736,230313,0.1304636721949628,0.1079309564498615,1765342,False
2025-02-18,2025-02-18,2025-02-11,130304,0.07286575051376326,-0.4447094057763394,220004,0.12302582097272512,-0.14884626473238513,1788275,False
2025-02-19,2025-02-18,2025-02-11,130304,0.07286575051376326,-0.4447094057763394,220004,0.12302582097272512,-0.14884626473238513,1788275,False
2025-02-20,2025-02-18,2025-02-11,130304,0.07286575051376326,-0.4447094057763394,220004,0.12302582097272512,-0.14884626473238513,1788275,False
2025-02-21,2025-02-18,2025-02-11,130304,0.07286575051376326,-0.4447094057763394,220004,0.12302582097272512,-0.14884626473238513,1788275,False
2025-02-24,2025-02-18,2025-02-11,130304,0.07286575051376326,-0.4447094057763394,220004,0.12302582097272512,-0.14884626473238513,1788275,False
2025-02-25,2025-02-25,2025-02-18,105892,0.060420154354060326,-0.8247494783034565,197594,0.11274373870959276,-0.4999686759076542,1752594,False
2025-02-26,2025-02-25,2025-02-18,105892,0.060420154354060326,-0.8247494783034565,197594,0.11274373870959276,-0.4999686759076542,1752594,False
2025-02-27,2025-02-25,2025-02-18,105892,0.060420154354060326,-0.8247494783034565,197594,0.11274373870959276,-0.4999686759076542,1752594,False
2025-02-28,2025-02-25,2025-02-18,105892,0.060420154354060326,-0.8247494783034565,197594,0.11274373870959276,-0.4999686759076542,1752594,False
2025-03-03,2025-02-25,2025-02-18,105892,0.060420154354060326,-0.8247494783034565,197594,0.11274373870959276,-0.4999686759076542,1752594,False
2025-03-04,2025-03-04,2025-02-25,68773,0.03888118435164199,-1.465372641558623,171198,0.09678770736528006,-1.037418945545945,1768799,False
2025-03-05,2025-03-04,2025-02-25,68773,0.03888118435164199,-1.465372641558623,171198,0.09678770736528006,-1.037418945545945,1768799,False
2025-03-06,2025-03-04,2025-02-25,68773,0.03888118435164199,-1.465372641558623,171198,0.09678770736528006,-1.037418945545945,1768799,False
2025-03-07,2025-03-04,2025-02-25,68773,0.03888118435164199,-1.465372641558623,171198,0.09678770736528006,-1.037418945545945,1768799,False
2025-03-10,2025-03-04,2025-02-25,68773,0.03888118435164199,-1.465372641558623,171198,0.09678770736528006,-1.037418945545945,1768799,False
2025-03-11,2025-03-11,2025-03-04,98649,0.054314838755145235,-0.9783696668088753,154841,0.08525341308766883,-1.4101265955650528,1816244,False
2025-03-12,2025-03-11,2025-03-04,98649,0.054314838755145235,-0.9783696668088753,154841,0.08525341308766883,-1.4101265955650528,1816244,False
2025-03-13,2025-03-11,2025-03-04,98649,0.054314838755145235,-0.9783696668088753,154841,0.08525341308766883,-1.4101265955650528,1816244,False
2025-03-14,2025-03-11,2025-03-04,98649,0.054314838755145235,-0.9783696668088753,154841,0.08525341308766883,-1.4101265955650528,1816244,False
2025-03-17,2025-03-11,2025-03-04,98649,0.054314838755145235,-0.9783696668088753,154841,0.08525341308766883,-1.4101265955650528,1816244,False
2025-03-18,2025-03-18,2025-03-11,107744,0.06008107912184731,-0.8050038953964619,164126,0.09152126514657254,-1.1905424265569085,1793310,False
2025-03-19,2025-03-18,2025-03-11,107744,0.06008107912184731,-0.8050038953964619,164126,0.09152126514657254,-1.1905424265569085,1793310,False
2025-03-20,2025-03-18,2025-03-11,107744,0.06008107912184731,-0.8050038953964619,164126,0.09152126514657254,-1.1905424265569085,1793310,False
2025-03-21,2025-03-18,2025-03-11,107744,0.06008107912184731,-0.8050038953964619,164126,0.09152126514657254,-1.1905424265569085,1793310,False
2025-03-24,2025-03-18,2025-03-11,107744,0.06008107912184731,-0.8050038953964619,164126,0.09152126514657254,-1.1905424265569085,1793310,False
2025-03-25,2025-03-25,2025-03-18,92263,0.05217356391647525,-1.0639560741502099,166823,0.09433630440412896,-1.101235732470573,1768386,False
2025-03-26,2025-03-25,2025-03-18,92263,0.05217356391647525,-1.0639560741502099,166823,0.09433630440412896,-1.101235732470573,1768386,False
2025-03-27,2025-03-25,2025-03-18,92263,0.05217356391647525,-1.0639560741502099,166823,0.09433630440412896,-1.101235732470573,1768386,False
2025-03-28,2025-03-25,2025-03-18,92263,0.05217356391647525,-1.0639560741502099,166823,0.09433630440412896,-1.101235732470573,1768386,False
2025-03-31,2025-03-25,2025-03-18,92263,0.05217356391647525,-1.0639560741502099,166823,0.09433630440412896,-1.101235732470573,1768386,False
2025-04-01,2025-04-01,2025-03-25,93243,0.05226690015235614,-1.059483575011855,180558,0.10121088937195413,-0.8667936598949645,1783978,False
2025-04-02,2025-04-01,2025-03-25,93243,0.05226690015235614,-1.059483575011855,180558,0.10121088937195413,-0.8667936598949645,1783978,False
2025-04-03,2025-04-01,2025-03-25,93243,0.05226690015235614,-1.059483575011855,180558,0.10121088937195413,-0.8667936598949645,1783978,False
2025-04-04,2025-04-01,2025-03-25,93243,0.05226690015235614,-1.059483575011855,180558,0.10121088937195413,-0.8667936598949645,1783978,False
2025-04-07,2025-04-01,2025-03-25,93243,0.05226690015235614,-1.059483575011855,180558,0.10121088937195413,-0.8667936598949645,1783978,False
2025-04-08,2025-04-08,2025-04-01,101417,0.05522394073841744,-0.953823624779949,167685,0.09130842464992583,-1.1863506462429816,1836468,False
2025-04-09,2025-04-08,2025-04-01,101417,0.05522394073841744,-0.953823624779949,167685,0.09130842464992583,-1.1863506462429816,1836468,False
2025-04-10,2025-04-08,2025-04-01,101417,0.05522394073841744,-0.953823624779949,167685,0.09130842464992583,-1.1863506462429816,1836468,False
2025-04-11,2025-04-08,2025-04-01,101417,0.05522394073841744,-0.953823624779949,167685,0.09130842464992583,-1.1863506462429816,1836468,False
2025-04-14,2025-04-08,2025-04-01,101417,0.05522394073841744,-0.953823624779949,167685,0.09130842464992583,-1.1863506462429816,1836468,False
2025-04-15,2025-04-15,2025-04-08,48539,0.02437253489125277,-1.8498521596298152,139595,0.07009382163094482,-1.854752364681759,1991545,True
2025-04-16,2025-04-15,2025-04-08,48539,0.02437253489125277,-1.8498521596298152,139595,0.07009382163094482,-1.854752364681759,1991545,True
2025-04-17,2025-04-15,2025-04-08,48539,0.02437253489125277,-1.8498521596298152,139595,0.07009382163094482,-1.854752364681759,1991545,True
2025-04-21,2025-04-15,2025-04-08,48539,0.02437253489125277,-1.8498521596298152,139595,0.07009382163094482,-1.854752364681759,1991545,True
2025-04-22,2025-04-22,2025-04-15,79913,0.04166004159070637,-1.3003204118526515,146370,0.07630523553904485,-1.6108552066185944,1918217,True
2025-04-23,2025-04-22,2025-04-15,79913,0.04166004159070637,-1.3003204118526515,146370,0.07630523553904485,-1.6108552066185944,1918217,True
2025-04-24,2025-04-22,2025-04-15,79913,0.04166004159070637,-1.3003204118526515,146370,0.07630523553904485,-1.6108552066185944,1918217,True
2025-04-25,2025-04-22,2025-04-15,79913,0.04166004159070637,-1.3003204118526515,146370,0.07630523553904485,-1.6108552066185944,1918217,True
2025-04-28,2025-04-22,2025-04-15,79913,0.04166004159070637,-1.3003204118526515,146370,0.07630523553904485,-1.6108552066185944,1918217,True
2025-04-29,2025-04-29,2025-04-22,131735,0.07080551179536462,-0.4178511824286917,170955,0.09188565126182532,-1.0808372072340386,1860519,False
2025-04-30,2025-04-29,2025-04-22,131735,0.07080551179536462,-0.4178511824286917,170955,0.09188565126182532,-1.0808372072340386,1860519,False
2025-05-01,2025-04-29,2025-04-22,131735,0.07080551179536462,-0.4178511824286917,170955,0.09188565126182532,-1.0808372072340386,1860519,False
2025-05-02,2025-04-29,2025-04-22,131735,0.07080551179536462,-0.4178511824286917,170955,0.09188565126182532,-1.0808372072340386,1860519,False
2025-05-05,2025-04-29,2025-04-22,131735,0.07080551179536462,-0.4178511824286917,170955,0.09188565126182532,-1.0808372072340386,1860519,False
2025-05-06,2025-05-06,2025-04-29,140031,0.07383591807292952,-0.3284349419447761,177209,0.09343923278263933,-1.0196754883991694,1896516,False
2025-05-07,2025-05-06,2025-04-29,140031,0.07383591807292952,-0.3284349419447761,177209,0.09343923278263933,-1.0196754883991694,1896516,False
2025-05-08,2025-05-06,2025-04-29,140031,0.07383591807292952,-0.3284349419447761,177209,0.09343923278263933,-1.0196754883991694,1896516,False
2025-05-09,2025-05-06,2025-04-29,140031,0.07383591807292952,-0.3284349419447761,177209,0.09343923278263933,-1.0196754883991694,1896516,False
2025-05-12,2025-05-06,2025-04-29,140031,0.07383591807292952,-0.3284349419447761,177209,0.09343923278263933,-1.0196754883991694,1896516,False
2025-05-13,2025-05-13,2025-05-06,128575,0.06486263700229938,-0.5932281912423415,175428,0.08849871813369144,-1.1650370560644,1982266,False
2025-05-14,2025-05-13,2025-05-06,128575,0.06486263700229938,-0.5932281912423415,175428,0.08849871813369144,-1.1650370560644,1982266,False
2025-05-15,2025-05-13,2025-05-06,128575,0.06486263700229938,-0.5932281912423415,175428,0.08849871813369144,-1.1650370560644,1982266,False
2025-05-16,2025-05-13,2025-05-06,128575,0.06486263700229938,-0.5932281912423415,175428,0.08849871813369144,-1.1650370560644,1982266,False
2025-05-19,2025-05-13,2025-05-06,128575,0.06486263700229938,-0.5932281912423415,175428,0.08849871813369144,-1.1650370560644,1982266,False
2025-05-20,2025-05-20,2025-05-13,118096,0.06062114913051134,-0.7162576778347886,185301,0.09511888256192319,-0.9464966062847356,1948099,False
2025-05-21,2025-05-20,2025-05-13,118096,0.06062114913051134,-0.7162576778347886,185301,0.09511888256192319,-0.9464966062847356,1948099,False
2025-05-22,2025-05-20,2025-05-13,118096,0.06062114913051134,-0.7162576778347886,185301,0.09511888256192319,-0.9464966062847356,1948099,False
2025-05-23,2025-05-20,2025-05-13,118096,0.06062114913051134,-0.7162576778347886,185301,0.09511888256192319,-0.9464966062847356,1948099,False
2025-05-27,2025-05-27,2025-05-20,111879,0.059723809610238335,-0.7409600136101218,186420,0.09951566055775106,-0.8021333178057086,1873273,False
2025-05-28,2025-05-27,2025-05-20,111879,0.059723809610238335,-0.7409600136101218,186420,0.09951566055775106,-0.8021333178057086,1873273,False
2025-05-29,2025-05-27,2025-05-20,111879,0.059723809610238335,-0.7409600136101218,186420,0.09951566055775106,-0.8021333178057086,1873273,False
2025-05-30,2025-05-27,2025-05-20,111879,0.059723809610238335,-0.7409600136101218,186420,0.09951566055775106,-0.8021333178057086,1873273,False
2025-06-02,2025-05-27,2025-05-20,111879,0.059723809610238335,-0.7409600136101218,186420,0.09951566055775106,-0.8021333178057086,1873273,False
2025-06-03,2025-06-03,2025-05-27,103947,0.053478711822969295,-0.9351989612018421,165694,0.08524634358658811,-1.2626740373106886,1943708,False
2025-06-04,2025-06-03,2025-05-27,103947,0.053478711822969295,-0.9351989612018421,165694,0.08524634358658811,-1.2626740373106886,1943708,False
2025-06-05,2025-06-03,2025-05-27,103947,0.053478711822969295,-0.9351989612018421,165694,0.08524634358658811,-1.2626740373106886,1943708,False
2025-06-06,2025-06-03,2025-05-27,103947,0.053478711822969295,-0.9351989612018421,165694,0.08524634358658811,-1.2626740373106886,1943708,False
2025-06-09,2025-06-03,2025-05-27,103947,0.053478711822969295,-0.9351989612018421,165694,0.08524634358658811,-1.2626740373106886,1943708,False
2025-06-10,2025-06-10,2025-06-03,144631,0.07194451809245625,-0.39224682268600475,167957,0.08354768635530885,-1.3135363594284584,2010313,False
2025-06-11,2025-06-10,2025-06-03,144631,0.07194451809245625,-0.39224682268600475,167957,0.08354768635530885,-1.3135363594284584,2010313,False
2025-06-12,2025-06-10,2025-06-03,144631,0.07194451809245625,-0.39224682268600475,167957,0.08354768635530885,-1.3135363594284584,2010313,False
2025-06-13,2025-06-10,2025-06-03,144631,0.07194451809245625,-0.39224682268600475,167957,0.08354768635530885,-1.3135363594284584,2010313,False
2025-06-16,2025-06-10,2025-06-03,144631,0.07194451809245625,-0.39224682268600475,167957,0.08354768635530885,-1.3135363594284584,2010313,False
2025-06-17,2025-06-17,2025-06-10,161577,0.08009916657247726,-0.1594432559567844,191941,0.09515162511426663,-0.9484140393928717,2017212,False
2025-06-18,2025-06-17,2025-06-10,161577,0.08009916657247726,-0.1594432559567844,191941,0.09515162511426663,-0.9484140393928717,2017212,False
2025-06-20,2025-06-17,2025-06-10,161577,0.08009916657247726,-0.1594432559567844,191941,0.09515162511426663,-0.9484140393928717,2017212,False
2025-06-23,2025-06-17,2025-06-10,161577,0.08009916657247726,-0.1594432559567844,191941,0.09515162511426663,-0.9484140393928717,2017212,False
2025-06-24,2025-06-24,2025-06-17,170605,0.08800132462355519,0.0711671256212984,231048,0.11917898098896973,-0.1814850472892722,1938664,False
2025-06-25,2025-06-24,2025-06-17,170605,0.08800132462355519,0.0711671256212984,231048,0.11917898098896973,-0.1814850472892722,1938664,False
2025-06-26,2025-06-24,2025-06-17,170605,0.08800132462355519,0.0711671256212984,231048,0.11917898098896973,-0.1814850472892722,1938664,False
2025-06-27,2025-06-24,2025-06-17,170605,0.08800132462355519,0.0711671256212984,231048,0.11917898098896973,-0.1814850472892722,1938664,False
2025-06-30,2025-06-24,2025-06-17,170605,0.08800132462355519,0.0711671256212984,231048,0.11917898098896973,-0.1814850472892722,1938664,False
2025-07-01,2025-07-01,2025-06-24,161487,0.08230742335109414,-0.12095788335842382,232969,0.11874069188653608,-0.2124469953315922,1961998,False
2025-07-02,2025-07-01,2025-06-24,161487,0.08230742335109414,-0.12095788335842382,232969,0.11874069188653608,-0.2124469953315922,1961998,False
2025-07-03,2025-07-01,2025-06-24,161487,0.08230742335109414,-0.12095788335842382,232969,0.11874069188653608,-0.2124469953315922,1961998,False
2025-07-07,2025-07-01,2025-06-24,161487,0.08230742335109414,-0.12095788335842382,232969,0.11874069188653608,-0.2124469953315922,1961998,False
2025-07-08,2025-07-08,2025-07-01,174633,0.08777997828534663,0.03654009326375183,234693,0.11796937831751649,-0.2535046303610588,1989440,False
2025-07-09,2025-07-08,2025-07-01,174633,0.08777997828534663,0.03654009326375183,234693,0.11796937831751649,-0.2535046303610588,1989440,False
2025-07-10,2025-07-08,2025-07-01,174633,0.08777997828534663,0.03654009326375183,234693,0.11796937831751649,-0.2535046303610588,1989440,False
2025-07-11,2025-07-08,2025-07-01,174633,0.08777997828534663,0.03654009326375183,234693,0.11796937831751649,-0.2535046303610588,1989440,False
2025-07-14,2025-07-08,2025-07-01,174633,0.08777997828534663,0.03654009326375183,234693,0.11796937831751649,-0.2535046303610588,1989440,False
2025-07-15,2025-07-15,2025-07-08,145697,0.07316953131866062,-0.4248768751803365,209374,0.10514833833444237,-0.6853234290658196,1991225,False
2025-07-16,2025-07-15,2025-07-08,145697,0.07316953131866062,-0.4248768751803365,209374,0.10514833833444237,-0.6853234290658196,1991225,False
2025-07-17,2025-07-15,2025-07-08,145697,0.07316953131866062,-0.4248768751803365,209374,0.10514833833444237,-0.6853234290658196,1991225,False
2025-07-18,2025-07-15,2025-07-08,145697,0.07316953131866062,-0.4248768751803365,209374,0.10514833833444237,-0.6853234290658196,1991225,False
2025-07-21,2025-07-15,2025-07-08,145697,0.07316953131866062,-0.4248768751803365,209374,0.10514833833444237,-0.6853234290658196,1991225,False
2025-07-22,2025-07-22,2025-07-15,91769,0.044352155213452815,-1.3068752412621665,162427,0.07850131868992252,-1.546073424152599,2069099,True
2025-07-23,2025-07-22,2025-07-15,91769,0.044352155213452815,-1.3068752412621665,162427,0.07850131868992252,-1.546073424152599,2069099,True
2025-07-24,2025-07-22,2025-07-15,91769,0.044352155213452815,-1.3068752412621665,162427,0.07850131868992252,-1.546073424152599,2069099,True
2025-07-25,2025-07-22,2025-07-15,91769,0.044352155213452815,-1.3068752412621665,162427,0.07850131868992252,-1.546073424152599,2069099,True
2025-07-28,2025-07-22,2025-07-15,91769,0.044352155213452815,-1.3068752412621665,162427,0.07850131868992252,-1.546073424152599,2069099,True
2025-07-29,2025-07-29,2025-07-22,98237,0.04879392282536567,-1.145898594012122,153331,0.0761588910566909,-1.5870000821283154,2013304,True
2025-07-30,2025-07-29,2025-07-22,98237,0.04879392282536567,-1.145898594012122,153331,0.0761588910566909,-1.5870000821283154,2013304,True
2025-07-31,2025-07-29,2025-07-22,98237,0.04879392282536567,-1.145898594012122,153331,0.0761588910566909,-1.5870000821283154,2013304,True
2025-08-01,2025-07-29,2025-07-22,98237,0.04879392282536567,-1.145898594012122,153331,0.0761588910566909,-1.5870000821283154,2013304,True
2025-08-04,2025-07-29,2025-07-22,98237,0.04879392282536567,-1.145898594012122,153331,0.0761588910566909,-1.5870000821283154,2013304,True
2025-08-05,2025-08-05,2025-07-29,97387,0.04800054020138274,-1.1477695845042164,156023,0.07690131417787116,-1.5273871633459815,2028873,True
2025-08-06,2025-08-05,2025-07-29,97387,0.04800054020138274,-1.1477695845042164,156023,0.07690131417787116,-1.5273871633459815,2028873,True
2025-08-07,2025-08-05,2025-07-29,97387,0.04800054020138274,-1.1477695845042164,156023,0.07690131417787116,-1.5273871633459815,2028873,True
2025-08-08,2025-08-05,2025-07-29,97387,0.04800054020138274,-1.1477695845042164,156023,0.07690131417787116,-1.5273871633459815,2028873,True
2025-08-11,2025-08-05,2025-07-29,97387,0.04800054020138274,-1.1477695845042164,156023,0.07690131417787116,-1.5273871633459815,2028873,True
2025-08-12,2025-08-12,2025-08-05,81337,0.039941092817605765,-1.368986669877941,141829,0.06964610513331213,-1.717546197268193,2036424,True
2025-08-13,2025-08-12,2025-08-05,81337,0.039941092817605765,-1.368986669877941,141829,0.06964610513331213,-1.717546197268193,2036424,True
2025-08-14,2025-08-12,2025-08-05,81337,0.039941092817605765,-1.368986669877941,141829,0.06964610513331213,-1.717546197268193,2036424,True
2025-08-15,2025-08-12,2025-08-05,81337,0.039941092817605765,-1.368986669877941,141829,0.06964610513331213,-1.717546197268193,2036424,True
2025-08-18,2025-08-12,2025-08-05,81337,0.039941092817605765,-1.368986669877941,141829,0.06964610513331213,-1.717546197268193,2036424,True
2025-08-19,2025-08-19,2025-08-12,48865,0.02429935170234699,-1.8025311102384365,116742,0.05805289913916693,-2.0241248169245956,2010959,True
2025-08-20,2025-08-19,2025-08-12,48865,0.02429935170234699,-1.8025311102384365,116742,0.05805289913916693,-2.0241248169245956,2010959,True
2025-08-21,2025-08-19,2025-08-12,48865,0.02429935170234699,-1.8025311102384365,116742,0.05805289913916693,-2.0241248169245956,2010959,True
2025-08-22,2025-08-19,2025-08-12,48865,0.02429935170234699,-1.8025311102384365,116742,0.05805289913916693,-2.0241248169245956,2010959,True
2025-08-25,2025-08-19,2025-08-12,48865,0.02429935170234699,-1.8025311102384365,116742,0.05805289913916693,-2.0241248169245956,2010959,True
2025-08-26,2025-08-26,2025-08-19,27445,0.014273299490696221,-2.0434170170403028,120209,0.06251699976232837,-1.8330416278513486,1922821,True
2025-08-27,2025-08-26,2025-08-19,27445,0.014273299490696221,-2.0434170170403028,120209,0.06251699976232837,-1.8330416278513486,1922821,True
2025-08-28,2025-08-26,2025-08-19,27445,0.014273299490696221,-2.0434170170403028,120209,0.06251699976232837,-1.8330416278513486,1922821,True
2025-08-29,2025-08-26,2025-08-19,27445,0.014273299490696221,-2.0434170170403028,120209,0.06251699976232837,-1.8330416278513486,1922821,True
2025-09-02,2025-09-02,2025-08-26,24621,0.012873362007033528,-2.0216546089122196,109472,0.0572386452879239,-1.9386991536677125,1912554,True
2025-09-03,2025-09-02,2025-08-26,24621,0.012873362007033528,-2.0216546089122196,109472,0.0572386452879239,-1.9386991536677125,1912554,True
2025-09-04,2025-09-02,2025-08-26,24621,0.012873362007033528,-2.0216546089122196,109472,0.0572386452879239,-1.9386991536677125,1912554,True
2025-09-05,2025-09-02,2025-08-26,24621,0.012873362007033528,-2.0216546089122196,109472,0.0572386452879239,-1.9386991536677125,1912554,True
2025-09-08,2025-09-02,2025-08-26,24621,0.012873362007033528,-2.0216546089122196,109472,0.0572386452879239,-1.9386991536677125,1912554,True
2025-09-09,2025-09-09,2025-09-02,27323,0.013744924821202287,-1.9495182345307718,102428,0.051526741557885586,-2.0608175119803214,1987861,True
2025-09-10,2025-09-09,2025-09-02,27323,0.013744924821202287,-1.9495182345307718,102428,0.051526741557885586,-2.0608175119803214,1987861,True
2025-09-11,2025-09-09,2025-09-02,27323,0.013744924821202287,-1.9495182345307718,102428,0.051526741557885586,-2.0608175119803214,1987861,True
2025-09-12,2025-09-09,2025-09-02,27323,0.013744924821202287,-1.9495182345307718,102428,0.051526741557885586,-2.0608175119803214,1987861,True
2025-09-15,2025-09-09,2025-09-02,27323,0.013744924821202287,-1.9495182345307718,102428,0.051526741557885586,-2.0608175119803214,1987861,True
2025-09-16,2025-09-16,2025-09-09,10002,0.00511058369078976,-2.1514267421454862,81844,0.04181869741941582,-2.2934764549432582,1957115,True
2025-09-17,2025-09-16,2025-09-09,10002,0.00511058369078976,-2.1514267421454862,81844,0.04181869741941582,-2.2934764549432582,1957115,True
2025-09-18,2025-09-16,2025-09-09,10002,0.00511058369078976,-2.1514267421454862,81844,0.04181869741941582,-2.2934764549432582,1957115,True
2025-09-19,2025-09-16,2025-09-09,10002,0.00511058369078976,-2.1514267421454862,81844,0.04181869741941582,-2.2934764549432582,1957115,True
2025-09-22,2025-09-16,2025-09-09,10002,0.00511058369078976,-2.1514267421454862,81844,0.04181869741941582,-2.2934764549432582,1957115,True
2025-09-23,2025-09-23,2025-09-16,36799,0.018749936309626927,-1.7442841803568017,98709,0.0502945042850883,-2.0093622477829234,1962620,True
2025-09-24,2025-09-23,2025-09-16,36799,0.018749936309626927,-1.7442841803568017,98709,0.0502945042850883,-2.0093622477829234,1962620,True
2025-09-25,2025-09-23,2025-09-16,36799,0.018749936309626927,-1.7442841803568017,98709,0.0502945042850883,-2.0093622477829234,1962620,True
2025-09-26,2025-09-23,2025-09-16,36799,0.018749936309626927,-1.7442841803568017,98709,0.0502945042850883,-2.0093622477829234,1962620,True
2025-09-29,2025-09-23,2025-09-16,36799,0.018749936309626927,-1.7442841803568017,98709,0.0502945042850883,-2.0093622477829234,1962620,True
2025-09-30,2025-09-30,2025-09-23,26483,0.01367436192679262,-1.8887899340939303,102958,0.05316183798129799,-1.9056446442051127,1936690,True
2025-10-01,2025-09-30,2025-09-23,26483,0.01367436192679262,-1.8887899340939303,102958,0.05316183798129799,-1.9056446442051127,1936690,True
2025-10-02,2025-09-30,2025-09-23,26483,0.01367436192679262,-1.8887899340939303,102958,0.05316183798129799,-1.9056446442051127,1936690,True
2025-10-03,2025-09-30,2025-09-23,26483,0.01367436192679262,-1.8887899340939303,102958,0.05316183798129799,-1.9056446442051127,1936690,True
2025-10-06,2025-09-30,2025-09-23,26483,0.01367436192679262,-1.8887899340939303,102958,0.05316183798129799,-1.9056446442051127,1936690,True
2025-10-07,2025-10-07,2025-09-30,14053,0.0070042335415713445,-2.0721697226098255,103300,0.05148632497291111,-1.9360296219042472,2006358,True
2025-10-08,2025-10-07,2025-09-30,14053,0.0070042335415713445,-2.0721697226098255,103300,0.05148632497291111,-1.9360296219042472,2006358,True
2025-10-09,2025-10-07,2025-09-30,14053,0.0070042335415713445,-2.0721697226098255,103300,0.05148632497291111,-1.9360296219042472,2006358,True
2025-10-10,2025-10-07,2025-09-30,14053,0.0070042335415713445,-2.0721697226098255,103300,0.05148632497291111,-1.9360296219042472,2006358,True
2025-10-13,2025-10-07,2025-09-30,14053,0.0070042335415713445,-2.0721697226098255,103300,0.05148632497291111,-1.9360296219042472,2006358,True
2025-10-14,2025-10-14,2025-10-07,-17481,-0.008585640796945494,-2.482636531182314,74309,0.03649621772096692,-2.3438431815510956,2036074,True
2025-10-15,2025-10-14,2025-10-07,-17481,-0.008585640796945494,-2.482636531182314,74309,0.03649621772096692,-2.3438431815510956,2036074,True
2025-10-16,2025-10-14,2025-10-07,-17481,-0.008585640796945494,-2.482636531182314,74309,0.03649621772096692,-2.3438431815510956,2036074,True
2025-10-17,2025-10-14,2025-10-07,-17481,-0.008585640796945494,-2.482636531182314,74309,0.03649621772096692,-2.3438431815510956,2036074,True
2025-10-20,2025-10-14,2025-10-07,-17481,-0.008585640796945494,-2.482636531182314,74309,0.03649621772096692,-2.3438431815510956,2036074,True
2025-10-21,2025-10-21,2025-10-14,-18766,-0.009080659443818077,-2.414906306041071,60991,0.02951286902578644,-2.4957207742590315,2066590,True
2025-10-22,2025-10-21,2025-10-14,-18766,-0.009080659443818077,-2.414906306041071,60991,0.02951286902578644,-2.4957207742590315,2066590,True
2025-10-23,2025-10-21,2025-10-14,-18766,-0.009080659443818077,-2.414906306041071,60991,0.02951286902578644,-2.4957207742590315,2066590,True
2025-10-24,2025-10-21,2025-10-14,-18766,-0.009080659443818077,-2.414906306041071,60991,0.02951286902578644,-2.4957207742590315,2066590,True
2025-10-27,2025-10-21,2025-10-14,-18766,-0.009080659443818077,-2.414906306041071,60991,0.02951286902578644,-2.4957207742590315,2066590,True
2025-10-28,2025-10-28,2025-10-21,-38154,-0.019099451405126727,-2.60907202915598,39800,0.01992341998018671,-2.7072850875197165,1997649,True
2025-10-29,2025-10-28,2025-10-21,-38154,-0.019099451405126727,-2.60907202915598,39800,0.01992341998018671,-2.7072850875197165,1997649,True
2025-10-30,2025-10-28,2025-10-21,-38154,-0.019099451405126727,-2.60907202915598,39800,0.01992341998018671,-2.7072850875197165,1997649,True
2025-10-31,2025-10-28,2025-10-21,-38154,-0.019099451405126727,-2.60907202915598,39800,0.01992341998018671,-2.7072850875197165,1997649,True
2025-11-03,2025-10-28,2025-10-21,-38154,-0.019099451405126727,-2.60907202915598,39800,0.01992341998018671,-2.7072850875197165,1997649,True
2025-11-04,2025-11-04,2025-10-28,-8600,-0.0045462787386931144,-2.1163301907245216,65601,0.0346791199461636,-2.1960376085468893,1891657,True
2025-11-05,2025-11-04,2025-10-28,-8600,-0.0045462787386931144,-2.1163301907245216,65601,0.0346791199461636,-2.1960376085468893,1891657,True
2025-11-06,2025-11-04,2025-10-28,-8600,-0.0045462787386931144,-2.1163301907245216,65601,0.0346791199461636,-2.1960376085468893,1891657,True
2025-11-07,2025-11-04,2025-10-28,-8600,-0.0045462787386931144,-2.1163301907245216,65601,0.0346791199461636,-2.1960376085468893,1891657,True
2025-11-10,2025-11-04,2025-10-28,-8600,-0.0045462787386931144,-2.1163301907245216,65601,0.0346791199461636,-2.1960376085468893,1891657,True
2025-11-11,2025-11-11,2025-11-04,7737,0.004020626431994146,-1.8260896638249222,74907,0.03892633632433573,-2.0090096866558507,1924327,True
2025-11-12,2025-11-11,2025-11-04,7737,0.004020626431994146,-1.8260896638249222,74907,0.03892633632433573,-2.0090096866558507,1924327,True
2025-11-13,2025-11-11,2025-11-04,7737,0.004020626431994146,-1.8260896638249222,74907,0.03892633632433573,-2.0090096866558507,1924327,True
2025-11-14,2025-11-11,2025-11-04,7737,0.004020626431994146,-1.8260896638249222,74907,0.03892633632433573,-2.0090096866558507,1924327,True
2025-11-17,2025-11-11,2025-11-04,7737,0.004020626431994146,-1.8260896638249222,74907,0.03892633632433573,-2.0090096866558507,1924327,True
2025-11-18,2025-11-18,2025-11-11,-11646,-0.006086413907502814,-2.047952178489978,60384,0.03155778957501717,-2.151634927063069,1913442,True
2025-11-19,2025-11-18,2025-11-11,-11646,-0.006086413907502814,-2.047952178489978,60384,0.03155778957501717,-2.151634927063069,1913442,True
2025-11-20,2025-11-18,2025-11-11,-11646,-0.006086413907502814,-2.047952178489978,60384,0.03155778957501717,-2.151634927063069,1913442,True
2025-11-21,2025-11-18,2025-11-11,-11646,-0.006086413907502814,-2.047952178489978,60384,0.03155778957501717,-2.151634927063069,1913442,True
2025-11-24,2025-11-18,2025-11-11,-11646,-0.006086413907502814,-2.047952178489978,60384,0.03155778957501717,-2.151634927063069,1913442,True
2025-11-25,2025-11-25,2025-11-18,-12671,-0.006783107060244976,-2.0116142068006937,69176,0.037031663957028366,-1.937568907030448,1868023,True
2025-11-26,2025-11-25,2025-11-18,-12671,-0.006783107060244976,-2.0116142068006937,69176,0.037031663957028366,-1.937568907030448,1868023,True
2025-11-28,2025-11-25,2025-11-18,-12671,-0.006783107060244976,-2.0116142068006937,69176,0.037031663957028366,-1.937568907030448,1868023,True
2025-12-01,2025-11-25,2025-11-18,-12671,-0.006783107060244976,-2.0116142068006937,69176,0.037031663957028366,-1.937568907030448,1868023,True
2025-12-02,2025-12-02,2025-11-25,-37010,-0.0195768004599834,-2.2798260192584436,55017,0.029101778732961544,-2.092512346459398,1890503,True
2025-12-03,2025-12-02,2025-11-25,-37010,-0.0195768004599834,-2.2798260192584436,55017,0.029101778732961544,-2.092512346459398,1890503,True
2025-12-04,2025-12-02,2025-11-25,-37010,-0.0195768004599834,-2.2798260192584436,55017,0.029101778732961544,-2.092512346459398,1890503,True
2025-12-05,2025-12-02,2025-11-25,-37010,-0.0195768004599834,-2.2798260192584436,55017,0.029101778732961544,-2.092512346459398,1890503,True
2025-12-08,2025-12-02,2025-11-25,-37010,-0.0195768004599834,-2.2798260192584436,55017,0.029101778732961544,-2.092512346459398,1890503,True
2025-12-09,2025-12-09,2025-12-02,-34768,-0.01815877121191309,-2.1827270442757927,51037,0.02665581012259573,-2.093954720618491,1914667,True
2025-12-10,2025-12-09,2025-12-02,-34768,-0.01815877121191309,-2.1827270442757927,51037,0.02665581012259573,-2.093954720618491,1914667,True
2025-12-11,2025-12-09,2025-12-02,-34768,-0.01815877121191309,-2.1827270442757927,51037,0.02665581012259573,-2.093954720618491,1914667,True
2025-12-12,2025-12-09,2025-12-02,-34768,-0.01815877121191309,-2.1827270442757927,51037,0.02665581012259573,-2.093954720618491,1914667,True
2025-12-15,2025-12-09,2025-12-02,-34768,-0.01815877121191309,-2.1827270442757927,51037,0.02665581012259573,-2.093954720618491,1914667,True
2025-12-16,2025-12-16,2025-12-09,6878,0.0036820798665500335,-1.6043300545444468,58433,0.03128161861618466,-1.919001588642619,1867966,True
2025-12-17,2025-12-16,2025-12-09,6878,0.0036820798665500335,-1.6043300545444468,58433,0.03128161861618466,-1.919001588642619,1867966,True
2025-12-18,2025-12-16,2025-12-09,6878,0.0036820798665500335,-1.6043300545444468,58433,0.03128161861618466,-1.919001588642619,1867966,True
2025-12-19,2025-12-16,2025-12-09,6878,0.0036820798665500335,-1.6043300545444468,58433,0.03128161861618466,-1.919001588642619,1867966,True
2025-12-22,2025-12-16,2025-12-09,6878,0.0036820798665500335,-1.6043300545444468,58433,0.03128161861618466,-1.919001588642619,1867966,True
2025-12-23,2025-12-23,2025-12-16,74,3.861330238703261e-05,-1.6614838741889961,54896,0.028644808754574893,-1.9318011994616802,1916438,True
2025-12-24,2025-12-23,2025-12-16,74,3.861330238703261e-05,-1.6614838741889961,54896,0.028644808754574893,-1.9318011994616802,1916438,True
2025-12-26,2025-12-23,2025-12-16,74,3.861330238703261e-05,-1.6614838741889961,54896,0.028644808754574893,-1.9318011994616802,1916438,True
2025-12-29,2025-12-23,2025-12-16,74,3.861330238703261e-05,-1.6614838741889961,54896,0.028644808754574893,-1.9318011994616802,1916438,True
2025-12-30,2025-12-30,2025-12-23,11360,0.006095915146578318,-1.4782866644424968,64898,0.03482506172382392,-1.7254854812085398,1863543,True
2025-12-31,2025-12-30,2025-12-23,11360,0.006095915146578318,-1.4782866644424968,64898,0.03482506172382392,-1.7254854812085398,1863543,True
2026-01-02,2025-12-30,2025-12-23,11360,0.006095915146578318,-1.4782866644424968,64898,0.03482506172382392,-1.7254854812085398,1863543,True
2026-01-05,2025-12-30,2025-12-23,11360,0.006095915146578318,-1.4782866644424968,64898,0.03482506172382392,-1.7254854812085398,1863543,True
2026-01-06,2026-01-06,2025-12-30,15743,0.008293397574722496,-1.4043969117495259,64591,0.03402647797426797,-1.7043836131878904,1898257,True
2026-01-07,2026-01-06,2025-12-30,15743,0.008293397574722496,-1.4043969117495259,64591,0.03402647797426797,-1.7043836131878904,1898257,True
2026-01-08,2026-01-06,2025-12-30,15743,0.008293397574722496,-1.4043969117495259,64591,0.03402647797426797,-1.7043836131878904,1898257,True
2026-01-09,2026-01-06,2025-12-30,15743,0.008293397574722496,-1.4043969117495259,64591,0.03402647797426797,-1.7043836131878904,1898257,True
2026-01-12,2026-01-06,2025-12-30,15743,0.008293397574722496,-1.4043969117495259,64591,0.03402647797426797,-1.7043836131878904,1898257,True
2026-01-13,2026-01-13,2026-01-06,24528,0.012457850380851235,-1.28116883152971,57352,0.029129265942701404,-1.7819274655781883,1968879,True
2026-01-14,2026-01-13,2026-01-06,24528,0.012457850380851235,-1.28116883152971,57352,0.029129265942701404,-1.7819274655781883,1968879,True
2026-01-15,2026-01-13,2026-01-06,24528,0.012457850380851235,-1.28116883152971,57352,0.029129265942701404,-1.7819274655781883,1968879,True
2026-01-16,2026-01-13,2026-01-06,24528,0.012457850380851235,-1.28116883152971,57352,0.029129265942701404,-1.7819274655781883,1968879,True
2026-01-20,2026-01-20,2026-01-13,47570,0.023563631464209485,-1.0008204300363082,58128,0.02879349946923626,-1.7466053286233343,2018789,True
2026-01-21,2026-01-20,2026-01-13,47570,0.023563631464209485,-1.0008204300363082,58128,0.02879349946923626,-1.7466053286233343,2018789,True
2026-01-22,2026-01-20,2026-01-13,47570,0.023563631464209485,-1.0008204300363082,58128,0.02879349946923626,-1.7466053286233343,2018789,True
2026-01-23,2026-01-20,2026-01-13,47570,0.023563631464209485,-1.0008204300363082,58128,0.02879349946923626,-1.7466053286233343,2018789,True
2026-01-26,2026-01-20,2026-01-13,47570,0.023563631464209485,-1.0008204300363082,58128,0.02879349946923626,-1.7466053286233343,2018789,True
2026-01-27,2026-01-27,2026-01-20,47500,0.02418091601382436,-0.969933947119979,78792,0.04011079441181576,-1.4370090820876396,1964359,False
2026-01-28,2026-01-27,2026-01-20,47500,0.02418091601382436,-0.969933947119979,78792,0.04011079441181576,-1.4370090820876396,1964359,False
2026-01-29,2026-01-27,2026-01-20,47500,0.02418091601382436,-0.969933947119979,78792,0.04011079441181576,-1.4370090820876396,1964359,False
2026-01-30,2026-01-27,2026-01-20,47500,0.02418091601382436,-0.969933947119979,78792,0.04011079441181576,-1.4370090820876396,1964359,False
2026-02-02,2026-01-27,2026-01-20,47500,0.02418091601382436,-0.969933947119979,78792,0.04011079441181576,-1.4370090820876396,1964359,False
2026-02-03,2026-02-03,2026-01-27,59047,0.029006474102362442,-0.83892986217649,96982,0.04764180858291385,-1.229683272677017,2035649,False
2026-02-04,2026-02-03,2026-01-27,59047,0.029006474102362442,-0.83892986217649,96982,0.04764180858291385,-1.229683272677017,2035649,False
2026-02-05,2026-02-03,2026-01-27,59047,0.029006474102362442,-0.83892986217649,96982,0.04764180858291385,-1.229683272677017,2035649,False
2026-02-06,2026-02-03,2026-01-27,59047,0.029006474102362442,-0.83892986217649,96982,0.04764180858291385,-1.229683272677017,2035649,False
2026-02-09,2026-02-03,2026-01-27,59047,0.029006474102362442,-0.83892986217649,96982,0.04764180858291385,-1.229683272677017,2035649,False
2026-02-10,2026-02-10,2026-02-03,76760,0.03670419650038206,-0.6508524003370614,124565,0.059563030707010044,-0.930294324464994,2091314,False
2026-02-11,2026-02-10,2026-02-03,76760,0.03670419650038206,-0.6508524003370614,124565,0.059563030707010044,-0.930294324464994,2091314,False
2026-02-12,2026-02-10,2026-02-03,76760,0.03670419650038206,-0.6508524003370614,124565,0.059563030707010044,-0.930294324464994,2091314,False
2026-02-13,2026-02-10,2026-02-03,76760,0.03670419650038206,-0.6508524003370614,124565,0.059563030707010044,-0.930294324464994,2091314,False
2026-02-17,2026-02-17,2026-02-10,79146,0.03822484784147888,-0.6083683078654031,117814,0.05690018729431674,-0.9800025240569404,2070538,False
2026-02-18,2026-02-17,2026-02-10,79146,0.03822484784147888,-0.6083683078654031,117814,0.05690018729431674,-0.9800025240569404,2070538,False
2026-02-19,2026-02-17,2026-02-10,79146,0.03822484784147888,-0.6083683078654031,117814,0.05690018729431674,-0.9800025240569404,2070538,False
2026-02-20,2026-02-17,2026-02-10,79146,0.03822484784147888,-0.6083683078654031,117814,0.05690018729431674,-0.9800025240569404,2070538,False
2026-02-23,2026-02-17,2026-02-10,79146,0.03822484784147888,-0.6083683078654031,117814,0.05690018729431674,-0.9800025240569404,2070538,False
2026-02-24,2026-02-24,2026-02-17,63785,0.03055579108528747,-0.7811898217076816,141343,0.06770944860653424,-0.7083671131131334,2087493,False
2026-02-25,2026-02-24,2026-02-17,63785,0.03055579108528747,-0.7811898217076816,141343,0.06770944860653424,-0.7083671131131334,2087493,False
2026-02-26,2026-02-24,2026-02-17,63785,0.03055579108528747,-0.7811898217076816,141343,0.06770944860653424,-0.7083671131131334,2087493,False
2026-02-27,2026-02-24,2026-02-17,63785,0.03055579108528747,-0.7811898217076816,141343,0.06770944860653424,-0.7083671131131334,2087493,False
2026-03-02,2026-02-24,2026-02-17,63785,0.03055579108528747,-0.7811898217076816,141343,0.06770944860653424,-0.7083671131131334,2087493,False
2026-03-03,2026-03-03,2026-02-24,67700,0.0321966229214274,-0.7269247465533791,172712,0.08213800794690648,-0.3514341292693868,2102705,False
2026-03-04,2026-03-03,2026-02-24,67700,0.0321966229214274,-0.7269247465533791,172712,0.08213800794690648,-0.3514341292693868,2102705,False
2026-03-05,2026-03-03,2026-02-24,67700,0.0321966229214274,-0.7269247465533791,172712,0.08213800794690648,-0.3514341292693868,2102705,False
2026-03-06,2026-03-03,2026-02-24,67700,0.0321966229214274,-0.7269247465533791,172712,0.08213800794690648,-0.3514341292693868,2102705,False
2026-03-09,2026-03-03,2026-02-24,67700,0.0321966229214274,-0.7269247465533791,172712,0.08213800794690648,-0.3514341292693868,2102705,False
2026-03-10,2026-03-10,2026-03-03,68385,0.03298789744302189,-0.6930421565392496,172150,0.08304257578147574,-0.3172418622777495,2073033,False
2026-03-11,2026-03-10,2026-03-03,68385,0.03298789744302189,-0.6930421565392496,172150,0.08304257578147574,-0.3172418622777495,2073033,False
2026-03-12,2026-03-10,2026-03-03,68385,0.03298789744302189,-0.6930421565392496,172150,0.08304257578147574,-0.3172418622777495,2073033,False
2026-03-13,2026-03-10,2026-03-03,68385,0.03298789744302189,-0.6930421565392496,172150,0.08304257578147574,-0.3172418622777495,2073033,False
2026-03-16,2026-03-10,2026-03-03,68385,0.03298789744302189,-0.6930421565392496,172150,0.08304257578147574,-0.3172418622777495,2073033,False
2026-03-17,2026-03-17,2026-03-10,92122,0.044908622297534125,-0.3944704739865477,228015,0.11115520194060315,0.37037786021249114,2051321,False
2026-03-18,2026-03-17,2026-03-10,92122,0.044908622297534125,-0.3944704739865477,228015,0.11115520194060315,0.37037786021249114,2051321,False
2026-03-19,2026-03-17,2026-03-10,92122,0.044908622297534125,-0.3944704739865477,228015,0.11115520194060315,0.37037786021249114,2051321,False
2026-03-20,2026-03-17,2026-03-10,92122,0.044908622297534125,-0.3944704739865477,228015,0.11115520194060315,0.37037786021249114,2051321,False
2026-03-23,2026-03-17,2026-03-10,92122,0.044908622297534125,-0.3944704739865477,228015,0.11115520194060315,0.37037786021249114,2051321,False
2026-03-24,2026-03-24,2026-03-17,96371,0.0462971325572547,-0.3469032768617867,218688,0.10505885924895368,0.23852435370486608,2081576,False
2026-03-25,2026-03-24,2026-03-17,96371,0.0462971325572547,-0.3469032768617867,218688,0.10505885924895368,0.23852435370486608,2081576,False
2026-03-26,2026-03-24,2026-03-17,96371,0.0462971325572547,-0.3469032768617867,218688,0.10505885924895368,0.23852435370486608,2081576,False
2026-03-27,2026-03-24,2026-03-17,96371,0.0462971325572547,-0.3469032768617867,218688,0.10505885924895368,0.23852435370486608,2081576,False
2026-03-30,2026-03-24,2026-03-17,96371,0.0462971325572547,-0.3469032768617867,218688,0.10505885924895368,0.23852435370486608,2081576,False
2026-03-31,2026-03-31,2026-03-24,94336,0.04711934927187679,-0.3132863251622163,233620,0.11668951807259005,0.5392998531383021,2002065,False
2026-04-01,2026-03-31,2026-03-24,94336,0.04711934927187679,-0.3132863251622163,233620,0.11668951807259005,0.5392998531383021,2002065,False
2026-04-02,2026-03-31,2026-03-24,94336,0.04711934927187679,-0.3132863251622163,233620,0.11668951807259005,0.5392998531383021,2002065,False
2026-04-06,2026-03-31,2026-03-24,94336,0.04711934927187679,-0.3132863251622163,233620,0.11668951807259005,0.5392998531383021,2002065,False
2026-04-07,2026-04-07,2026-03-31,73347,0.03611427052098259,-0.569924862847343,213488,0.10511627448952963,0.2722742265810547,2030970,False
2026-04-08,2026-04-07,2026-03-31,73347,0.03611427052098259,-0.569924862847343,213488,0.10511627448952963,0.2722742265810547,2030970,False
2026-04-09,2026-04-07,2026-03-31,73347,0.03611427052098259,-0.569924862847343,213488,0.10511627448952963,0.2722742265810547,2030970,False
2026-04-10,2026-04-07,2026-03-31,73347,0.03611427052098259,-0.569924862847343,213488,0.10511627448952963,0.2722742265810547,2030970,False
