date,spot,option_pnl,hedge_pnl,tcost,total_pnl,in_trade,opened,closed
2020-05-04,19.67,0.0,0.0,0.0,0.0,False,False,False
2020-05-05,21.51,0.0,0.0,0.0,0.0,False,False,False
2020-05-06,20.85,0.0,0.0,0.0,0.0,False,False,False
2020-05-07,20.47,0.0,0.0,0.0,0.0,False,False,False
2020-05-08,21.47,0.0,0.0,0.0,0.0,False,False,False
2020-05-11,21.17,0.0,0.0,0.0,0.0,False,False,False
2020-05-12,20.97,0.0,0.0,0.0,0.0,False,False,False
2020-05-13,20.6,0.0,0.0,0.0,0.0,False,False,False
2020-05-14,21.45,0.0,0.0,0.0,0.0,False,False,False
2020-05-15,22.39,0.0,0.0,0.0,0.0,False,False,False
2020-05-18,24.31,0.0,0.0,0.0,0.0,False,False,False
2020-05-19,24.44,0.0,0.0,0.0,0.0,False,False,False
2020-05-20,25.34,0.0,0.0,0.0,0.0,False,False,False
2020-05-21,26.6,0.0,0.0,0.0,0.0,False,False,False
2020-05-22,25.57,0.0,0.0,0.0,0.0,False,False,False
2020-05-26,25.66,0.0,0.0,0.0,0.0,False,False,False
2020-05-27,25.0,0.0,0.0,0.0,0.0,False,False,False
2020-05-28,25.03,0.0,0.0,0.0,0.0,False,False,False
2020-05-29,25.88,0.0,0.0,0.0,0.0,False,False,False
2020-06-01,26.22,0.0,0.0,0.0,0.0,False,False,False
2020-06-02,27.07,0.0,0.0,0.0,0.0,False,False,False
2020-06-03,27.12,0.0,0.0,0.0,0.0,False,False,False
2020-06-04,27.5,0.0,0.0,0.0,0.0,False,False,False
2020-06-05,28.87,0.0,0.0,0.0,0.0,False,False,False
2020-06-08,28.37,0.0,0.0,0.0,0.0,False,False,False
2020-06-09,28.42,0.0,0.0,0.0,0.0,False,False,False
2020-06-10,28.43,0.0,0.0,0.0,0.0,False,False,False
2020-06-11,26.36,0.0,0.0,0.0,0.0,False,False,False
2020-06-12,26.43,0.0,0.0,0.0,0.0,False,False,False
2020-06-15,26.98,0.0,0.0,0.0,0.0,False,False,False
2020-06-16,27.64,0.0,0.0,0.0,0.0,False,False,False
2020-06-17,27.28,0.0,0.0,0.0,0.0,False,False,False
2020-06-18,27.89,0.0,0.0,0.0,0.0,False,False,False
2020-06-19,28.23,0.0,0.0,0.0,0.0,False,False,False
2020-06-22,28.98,0.0,0.0,0.0,0.0,False,False,False
2020-06-23,28.72,0.0,0.0,0.0,0.0,False,False,False
2020-06-24,27.25,0.0,0.0,0.0,0.0,False,False,False
2020-06-25,27.94,0.0,0.0,0.0,0.0,False,False,False
2020-06-26,27.36,0.0,0.0,0.0,0.0,False,False,False
2020-06-29,28.27,0.0,0.0,0.0,0.0,False,False,False
2020-06-30,28.06,0.0,0.0,0.0,0.0,False,False,False
2020-07-01,28.35,0.0,0.0,0.0,0.0,False,False,False
2020-07-02,28.75,0.0,0.0,0.0,0.0,False,False,False
2020-07-06,28.96,0.0,0.0,0.0,0.0,False,False,False
2020-07-07,28.79,0.0,0.0,0.0,0.0,False,False,False
2020-07-08,29.18,0.0,0.0,0.0,0.0,False,False,False
2020-07-09,28.41,0.0,0.0,0.0,0.0,False,False,False
2020-07-10,29.03,0.0,0.0,0.0,0.0,False,False,False
2020-07-13,28.5,0.0,0.0,0.0,0.0,False,False,False
2020-07-14,28.88,0.0,0.0,0.0,0.0,False,False,False
2020-07-15,29.29,0.0,0.0,0.0,0.0,False,False,False
2020-07-16,29.16,0.0,0.0,0.0,0.0,False,False,False
2020-07-17,29.1,0.0,0.0,0.0,0.0,False,False,False
2020-07-20,29.12,0.0,0.0,0.0,0.0,False,False,False
2020-07-21,29.72,0.0,0.0,0.0,0.0,False,False,False
2020-07-22,29.75,0.0,0.0,0.0,0.0,False,False,False
2020-07-23,29.41,0.0,0.0,0.0,0.0,False,False,False
2020-07-24,29.44,0.0,0.0,0.0,0.0,False,False,False
2020-07-27,29.72,0.0,0.0,0.0,0.0,False,False,False
2020-07-28,29.35,0.0,0.0,0.0,0.0,False,False,False
2020-07-29,29.57,0.0,0.0,0.0,0.0,False,False,False
2020-07-30,28.93,0.0,0.0,0.0,0.0,False,False,False
2020-07-31,29.07,0.0,0.0,0.0,0.0,False,False,False
2020-08-03,29.34,0.0,0.0,0.0,0.0,False,False,False
2020-08-04,29.78,0.0,0.0,0.0,0.0,False,False,False
2020-08-05,30.23,0.0,0.0,0.0,0.0,False,False,False
2020-08-06,30.18,0.0,0.0,0.0,0.0,False,False,False
2020-08-07,29.85,0.0,0.0,0.0,0.0,False,False,False
2020-08-10,30.16,0.0,0.0,0.0,0.0,False,False,False
2020-08-11,29.82,0.0,0.0,0.0,0.0,False,False,False
2020-08-12,30.56,0.0,0.0,0.0,0.0,False,False,False
2020-08-13,30.4,0.0,0.0,0.0,0.0,False,False,False
2020-08-14,30.33,0.0,0.0,0.0,0.0,False,False,False
2020-08-17,30.77,0.0,0.0,0.0,0.0,False,False,False
2020-08-18,30.6,0.0,0.0,0.0,0.0,False,False,False
2020-08-19,30.66,0.0,0.0,0.0,0.0,False,False,False
2020-08-20,30.52,0.0,0.0,0.0,0.0,False,False,False
2020-08-21,30.18,0.0,0.0,0.0,0.0,False,False,False
2020-08-24,30.35,0.0,0.0,0.0,0.0,False,False,False
2020-08-25,30.92,0.0,0.0,0.0,0.0,False,False,False
2020-08-26,30.93,0.0,0.0,0.0,0.0,False,False,False
2020-08-27,30.67,0.0,0.0,0.0,0.0,False,False,False
2020-08-28,30.72,0.0,0.0,0.0,0.0,False,False,False
2020-08-31,30.58,0.0,0.0,0.0,0.0,False,False,False
2020-09-01,30.61,0.0,0.0,0.0,0.0,False,False,False
2020-09-02,29.86,0.0,0.0,0.0,0.0,False,False,False
2020-09-03,29.64,0.0,0.0,0.0,0.0,False,False,False
2020-09-04,28.51,0.0,0.0,0.0,0.0,False,False,False
2020-09-08,26.75,0.0,0.0,0.0,0.0,False,False,False
2020-09-09,27.41,0.0,0.0,0.0,0.0,False,False,False
2020-09-10,26.79,0.0,0.0,0.0,0.0,False,False,False
2020-09-11,27.04,0.0,0.0,0.0,0.0,False,False,False
2020-09-14,26.94,0.0,0.0,0.0,0.0,False,False,False
2020-09-15,27.52,0.0,0.0,0.0,0.0,False,False,False
2020-09-16,28.7,0.0,0.0,0.0,0.0,False,False,False
2020-09-17,29.23,0.0,0.0,0.0,0.0,False,False,False
2020-09-18,29.06,0.0,0.0,0.0,0.0,False,False,False
2020-09-21,28.29,0.0,0.0,0.0,0.0,False,False,False
2020-09-22,28.17,0.0,0.0,0.0,0.0,False,False,False
2020-09-23,28.03,0.0,0.0,0.0,0.0,False,False,False
2020-09-24,28.5,0.0,0.0,0.0,0.0,False,False,False
2020-09-25,28.35,0.0,0.0,0.0,0.0,False,False,False
2020-09-28,28.69,0.0,0.0,0.0,0.0,False,False,False
2020-09-29,27.7,0.0,0.0,0.0,0.0,False,False,False
2020-09-30,28.29,0.0,0.0,0.0,0.0,False,False,False
2020-10-01,27.51,0.0,0.0,0.0,0.0,False,False,False
2020-10-02,26.35,0.0,0.0,0.0,0.0,False,False,False
2020-10-05,27.93,0.0,0.0,0.0,0.0,False,False,False
2020-10-06,28.39,0.0,0.0,0.0,0.0,False,False,False
2020-10-07,28.39,0.0,0.0,0.0,0.0,False,False,False
2020-10-08,29.14,0.0,0.0,0.0,0.0,False,False,False
2020-10-09,28.69,0.0,0.0,0.0,0.0,False,False,False
2020-10-12,28.07,0.0,0.0,0.0,0.0,False,False,False
2020-10-13,28.46,0.0,0.0,0.0,0.0,False,False,False
2020-10-14,28.98,0.0,0.0,0.0,0.0,False,False,False
2020-10-15,28.94,0.0,0.0,0.0,0.0,False,False,False
2020-10-16,28.72,0.0,0.0,0.0,0.0,False,False,False
2020-10-19,28.59,0.0,0.0,0.0,0.0,False,False,False
2020-10-20,29.05,0.0,0.0,0.0,0.0,False,False,False
2020-10-21,28.1,0.0,0.0,0.0,0.0,False,False,False
2020-10-22,28.51,0.0,0.0,0.0,0.0,False,False,False
2020-10-23,27.88,0.0,0.0,0.0,0.0,False,False,False
2020-10-26,27.11,0.0,0.0,0.0,0.0,False,False,False
2020-10-27,27.69,0.0,0.0,0.0,0.0,False,False,False
2020-10-28,26.31,0.0,0.0,0.0,0.0,False,False,False
2020-10-29,25.6,0.0,0.0,0.0,0.0,False,False,False
2020-10-30,25.25,0.0,0.0,0.0,0.0,False,False,False
2020-11-02,26.26,0.0,0.0,0.0,0.0,False,False,False
2020-11-03,26.72,0.0,0.0,0.0,0.0,False,False,False
2020-11-04,27.44,0.0,0.0,0.0,0.0,False,False,False
2020-11-05,27.16,0.0,0.0,0.0,0.0,False,False,False
2020-11-06,26.47,0.0,0.0,0.0,0.0,False,False,False
2020-11-09,28.07,0.0,0.0,0.0,0.0,False,False,False
2020-11-10,28.91,0.0,0.0,0.0,0.0,False,False,False
2020-11-11,29.04,0.0,0.0,0.0,0.0,False,False,False
2020-11-12,28.66,0.0,0.0,0.0,0.0,False,False,False
2020-11-13,28.13,0.0,0.0,0.0,0.0,False,False,False
2020-11-16,28.81,0.0,0.0,0.0,0.0,False,False,False
2020-11-17,28.87,0.0,0.0,0.0,0.0,False,False,False
2020-11-18,29.0,0.0,0.0,0.0,0.0,False,False,False
2020-11-19,29.09,0.0,0.0,0.0,0.0,False,False,False
2020-11-20,29.27,0.0,0.0,0.0,0.0,False,False,False
2020-11-23,29.52,0.0,0.0,0.0,0.0,False,False,False
2020-11-24,30.8,0.0,0.0,0.0,0.0,False,False,False
2020-11-25,31.37,0.0,0.0,0.0,0.0,False,False,False
2020-11-27,31.22,0.0,0.0,0.0,0.0,False,False,False
2020-11-30,30.97,0.0,0.0,0.0,0.0,False,False,False
2020-12-01,30.62,0.0,0.0,0.0,0.0,False,False,False
2020-12-02,30.97,0.0,0.0,0.0,0.0,False,False,False
2020-12-03,31.25,0.0,0.0,0.0,0.0,False,False,False
2020-12-04,31.56,0.0,0.0,0.0,0.0,False,False,False
2020-12-07,31.4,0.0,0.0,0.0,0.0,False,False,False
2020-12-08,31.41,0.0,0.0,0.0,0.0,False,False,False
2020-12-09,31.34,0.0,0.0,0.0,0.0,False,False,False
2020-12-10,32.11,0.0,0.0,0.0,0.0,False,False,False
2020-12-11,31.94,0.0,0.0,0.0,0.0,False,False,False
2020-12-14,32.17,0.0,0.0,0.0,0.0,False,False,False
2020-12-15,32.54,0.0,0.0,0.0,0.0,False,False,False
2020-12-16,32.74,0.0,0.0,0.0,0.0,False,False,False
2020-12-17,33.16,0.0,0.0,0.0,0.0,False,False,False
2020-12-18,33.48,0.0,0.0,0.0,0.0,False,False,False
2020-12-21,32.64,0.0,0.0,0.0,0.0,False,False,False
2020-12-22,32.09,0.0,0.0,0.0,0.0,False,False,False
2020-12-23,32.75,0.0,0.0,0.0,0.0,False,False,False
2020-12-24,32.92,0.0,0.0,0.0,0.0,False,False,False
2020-12-28,32.59,0.0,0.0,0.0,0.0,False,False,False
2020-12-29,32.78,0.0,0.0,0.0,0.0,False,False,False
2020-12-30,32.91,0.0,0.0,0.0,0.0,False,False,False
2020-12-31,33.01,0.0,0.0,0.0,0.0,False,False,False
2021-01-04,32.38,0.0,0.0,0.0,0.0,False,False,False
2021-01-05,33.94,0.0,0.0,0.0,0.0,False,False,False
2021-01-06,34.11,0.0,0.0,0.0,0.0,False,False,False
2021-01-07,34.53,0.0,0.0,0.0,0.0,False,False,False
2021-01-08,35.43,0.0,0.0,0.0,0.0,False,False,False
2021-01-11,35.26,0.0,0.0,0.0,0.0,False,False,False
2021-01-12,35.9,0.0,0.0,0.0,0.0,False,False,False
2021-01-13,35.8,0.0,0.0,0.0,0.0,False,False,False
2021-01-14,36.24,0.0,0.0,0.0,0.0,False,False,False
2021-01-15,35.34,0.0,0.0,0.0,0.0,False,False,False
2021-01-19,35.75,0.0,0.0,0.0,0.0,False,False,False
2021-01-20,35.79,0.0,0.0,0.0,0.0,False,False,False
2021-01-21,35.76,0.0,0.0,0.0,0.0,False,False,False
2021-01-22,35.23,0.0,0.0,0.0,0.0,False,False,False
2021-01-25,35.59,0.0,0.0,0.0,0.0,False,False,False
2021-01-26,35.45,0.0,0.0,0.0,0.0,False,False,False
2021-01-27,35.5,0.0,0.0,0.0,0.0,False,False,False
2021-01-28,35.25,0.0,0.0,0.0,0.0,False,False,False
2021-01-29,35.18,0.0,0.0,0.0,0.0,False,False,False
2021-02-01,36.12,0.0,0.0,0.0,0.0,False,False,False
2021-02-02,36.82,0.0,0.0,0.0,0.0,False,False,False
2021-02-03,37.44,0.0,0.0,0.0,0.0,False,False,False
2021-02-04,37.81,0.0,0.0,0.0,0.0,False,False,False
2021-02-05,38.19,0.0,0.0,0.0,0.0,False,False,False
2021-02-08,38.94,0.0,0.0,0.0,0.0,False,False,False
2021-02-09,39.17,0.0,0.0,0.0,0.0,False,False,False
2021-02-10,39.28,0.0,0.0,0.0,0.0,False,False,False
2021-02-11,38.97,0.0,0.0,0.0,0.0,False,False,False
2021-02-12,39.94,0.0,0.0,0.0,0.0,False,False,False
2021-02-16,40.45,0.0,0.0,0.0,0.0,False,False,False
2021-02-17,40.89,0.0,0.0,0.0,0.0,False,False,False
2021-02-18,40.27,0.0,0.0,0.0,0.0,False,False,False
2021-02-19,39.68,0.0,0.0,0.0,0.0,False,False,False
2021-02-22,41.28,0.0,0.0,0.0,0.0,False,False,False
2021-02-23,41.62,0.0,0.0,0.0,0.0,False,False,False
2021-02-24,42.5,0.0,0.0,0.0,0.0,False,False,False
2021-02-25,42.46,0.0,0.0,0.0,0.0,False,False,False
2021-02-26,41.31,0.0,0.0,0.0,0.0,False,False,False
2021-03-01,40.6,0.0,0.0,0.0,0.0,False,False,False
2021-03-02,40.07,0.0,0.0,0.0,0.0,False,False,False
2021-03-03,41.14,0.0,0.0,0.0,0.0,False,False,False
2021-03-04,43.07,0.0,0.0,0.0,0.0,False,False,False
2021-03-05,44.44,0.0,0.0,0.0,0.0,False,False,False
2021-03-08,43.5,0.0,0.0,0.0,0.0,False,False,False
2021-03-09,43.11,0.0,0.0,0.0,0.0,False,False,False
2021-03-10,43.74,0.0,0.0,0.0,0.0,False,False,False
2021-03-11,44.6,0.0,0.0,0.0,0.0,False,False,False
2021-03-12,44.35,0.0,0.0,0.0,0.0,False,False,False
2021-03-15,44.26,0.0,0.0,0.0,0.0,False,False,False
2021-03-16,43.83,0.0,0.0,0.0,0.0,False,False,False
2021-03-17,43.82,0.0,0.0,0.0,0.0,False,False,False
2021-03-18,40.47,0.0,0.0,0.0,0.0,False,False,False
2021-03-19,41.77,0.0,0.0,0.0,0.0,False,False,False
2021-03-22,41.71,0.0,0.0,0.0,0.0,False,False,False
2021-03-23,39.37,0.0,0.0,0.0,0.0,False,False,False
2021-03-24,41.45,0.0,0.0,0.0,0.0,False,False,False
2021-03-25,39.89,0.0,0.0,0.0,0.0,False,False,False
2021-03-26,41.53,0.0,0.0,0.0,0.0,False,False,False
2021-03-29,41.92,0.0,0.0,0.0,0.0,False,False,False
2021-03-30,41.17,0.0,0.0,0.0,0.0,False,False,False
2021-03-31,40.53,0.0,0.0,0.0,0.0,False,False,False
2021-04-01,41.84,0.0,0.0,0.0,0.0,False,False,False
2021-04-05,40.28,0.0,0.0,0.0,0.0,False,False,False
2021-04-06,40.7,0.0,0.0,0.0,0.0,False,False,False
2021-04-07,40.86,0.0,0.0,0.0,0.0,False,False,False
2021-04-08,40.82,0.0,0.0,0.0,0.0,False,False,False
2021-04-09,40.64,0.0,0.0,0.0,0.0,False,False,False
2021-04-12,40.9,0.0,0.0,0.0,0.0,False,False,False
2021-04-13,41.4,0.0,0.0,0.0,0.0,False,False,False
2021-04-14,43.04,0.0,0.0,0.0,0.0,False,False,False
2021-04-15,43.27,0.0,0.0,0.0,0.0,False,False,False
2021-04-16,43.18,0.0,0.0,0.0,0.0,False,False,False
2021-04-19,43.32,0.0,0.0,0.0,0.0,False,False,False
2021-04-20,42.74,0.0,0.0,0.0,0.0,False,False,False
2021-04-21,41.77,0.0,0.0,0.0,0.0,False,False,False
2021-04-22,42.09,0.0,0.0,0.0,0.0,False,False,False
2021-04-23,42.46,0.0,0.0,0.0,0.0,False,False,False
2021-04-26,42.33,0.0,0.0,0.0,0.0,False,False,False
2021-04-27,43.11,0.0,0.0,0.0,0.0,False,False,False
2021-04-28,43.53,0.0,0.0,0.0,0.0,False,False,False
2021-04-29,44.26,0.0,0.0,0.0,0.0,False,False,False
2021-04-30,43.27,0.0,0.0,0.0,0.0,False,False,False
2021-05-03,43.98,0.0,0.0,0.0,0.0,False,False,False
2021-05-04,44.87,0.0,0.0,0.0,0.0,False,False,False
2021-05-05,44.66,-11.5,0.0,0.14179550000000013,-11.6417955,True,True,False
2021-05-06,44.41,7.000000000000028,1.5875000000000015,0.09259485000000016,8.494905150000031,True,False,False
2021-05-07,44.43,58.5,-0.04360000000000679,0.0973016999999999,58.35909829999999,True,False,False
2021-05-10,44.48,-33.00000000000001,0.10999999999999358,0.12498879999999994,-33.01498880000001,True,False,False
2021-05-11,44.87,3.000000000000025,-1.3338000000000023,0.16287809999999997,1.5033219000000226,True,False,False
2021-05-12,45.22,7.500000000000018,-3.738000000000015,0.1521653000000001,3.6098347000000026,True,False,False
2021-05-13,43.81,11.499999999999932,24.548099999999945,0.6659120000000001,35.38218799999988,True,False,False
2021-05-14,44.71,16.50000000000005,11.69099999999998,0.48242089999999993,27.70857910000003,True,False,False
2021-05-17,45.39,-2.0000000000000018,-5.841199999999996,0.33248175000000013,-8.173681749999998,True,False,False
2021-05-18,44.84,12.5,12.781999999999938,0.2322712000000001,25.04972879999994,True,False,False
2021-05-19,43.43,-6.00000000000005,18.16080000000005,0.8186555000000001,11.342144500000002,True,False,False
2021-05-20,42.48,-16.499999999999957,-23.579000000000075,0.43648199999999987,-40.515482000000034,True,False,False
2021-05-21,43.7,61.49999999999998,55.35140000000027,0.5213409999999999,116.33005900000023,True,False,False
2021-05-24,45.02,18.500000000000007,28.393200000000007,0.9346152000000003,45.95858480000001,True,False,False
2021-05-25,44.92,6.000000000000005,2.0010000000000288,0.02582900000000029,7.975171000000033,True,False,False
2021-05-26,45.2,16.999999999999993,-5.28080000000002,0.19187400000000038,11.527325999999972,True,False,False
2021-05-27,45.55,-1.499999999999968,-9.572499999999847,0.3434469999999998,-11.415946999999814,True,False,False
2021-05-28,45.42,10.999999999999988,5.515899999999807,0.9635853000000001,15.552314699999796,False,False,True
2021-06-01,46.33,0.0,0.0,0.0,0.0,False,False,False
2021-06-02,46.9,0.0,0.0,0.0,0.0,False,False,False
2021-06-03,46.97,0.0,0.0,0.0,0.0,False,False,False
2021-06-04,47.26,0.0,0.0,0.0,0.0,False,False,False
2021-06-07,47.27,0.0,0.0,0.0,0.0,False,False,False
2021-06-08,47.88,0.0,0.0,0.0,0.0,False,False,False
2021-06-09,47.58,0.0,0.0,0.0,0.0,False,False,False
2021-06-10,47.83,0.0,0.0,0.0,0.0,False,False,False
2021-06-11,48.07,0.0,0.0,0.0,0.0,False,False,False
2021-06-14,48.32,0.0,0.0,0.0,0.0,False,False,False
2021-06-15,48.98,0.0,0.0,0.0,0.0,False,False,False
2021-06-16,48.75,0.0,0.0,0.0,0.0,False,False,False
2021-06-17,48.04,0.0,0.0,0.0,0.0,False,False,False
2021-06-18,48.36,0.0,0.0,0.0,0.0,False,False,False
2021-06-21,49.36,0.0,0.0,0.0,0.0,False,False,False
2021-06-22,49.42,0.0,0.0,0.0,0.0,False,False,False
2021-06-23,49.72,0.0,0.0,0.0,0.0,False,False,False
2021-06-24,49.84,0.0,0.0,0.0,0.0,False,False,False
2021-06-25,50.25,0.0,0.0,0.0,0.0,False,False,False
2021-06-28,49.54,0.0,0.0,0.0,0.0,False,False,False
2021-06-29,49.89,0.0,0.0,0.0,0.0,False,False,False
2021-06-30,49.88,0.0,0.0,0.0,0.0,False,False,False
2021-07-01,50.62,0.0,0.0,0.0,0.0,False,False,False
2021-07-02,50.93,-8.5,0.0,0.08836355000000001,-8.58836355,True,True,False
2021-07-06,49.9,-12.00000000000001,3.5741000000000045,0.5591295,-8.985029500000005,True,False,False
2021-07-07,48.66,-38.49999999999998,-23.48560000000003,0.4447524000000001,-62.430352400000004,True,False,False
2021-07-08,49.52,43.99999999999999,32.00920000000024,0.23645799999999995,75.77274200000024,True,False,False
2021-07-09,50.41,36.999999999999964,24.62629999999982,0.46099945000000014,61.165300549999785,True,False,False
2021-07-12,50.31,13.499999999999979,-0.9379999999999461,0.09785295000000024,12.464147050000033,True,False,False
2021-07-13,51.15,10.500000000000043,11.146799999999953,0.515592,21.131207999999994,True,False,False
2021-07-14,49.7,-6.999999999999984,9.990499999999965,0.9239229999999999,2.0665769999999815,True,False,False
2021-07-15,49.04,-12.00000000000001,-19.991400000000112,0.31876,-32.310160000000124,True,False,False
2021-07-16,49.14,15.49999999999998,4.329000000000061,0.1356263999999999,19.693373600000044,True,False,False
2021-07-19,45.84,-277.99999999999994,-161.07299999999984,0.9633276000000003,-440.03632759999977,True,False,False
2021-07-20,46.51,93.99999999999986,60.86279999999951,0.022789900000000092,154.84001009999938,True,False,False
2021-07-21,48.27,169.50000000000009,161.60320000000047,0.46411605000000017,330.6390839500006,True,False,False
2021-07-22,49.17,66.00000000000001,65.3309999999999,0.3904097999999999,130.94059019999992,True,False,False
2021-07-23,49.47,24.99999999999999,17.012999999999842,1.4027218500000003,40.610278149999836,False,False,True
2021-07-26,49.67,0.0,0.0,0.0,0.0,False,False,False
2021-07-27,49.47,0.0,0.0,0.0,0.0,False,False,False
2021-07-28,49.72,0.0,0.0,0.0,0.0,False,False,False
2021-07-29,50.64,0.0,0.0,0.0,0.0,False,False,False
2021-07-30,50.66,0.0,0.0,0.0,0.0,False,False,False
2021-08-02,49.18,-8.0,0.0,0.1726218,-8.1726218,True,True,False
2021-08-03,48.85,6.000000000000005,2.316599999999988,0.16144925,8.155150749999994,True,False,False
2021-08-04,47.2,-49.99999999999996,0.6764999999999982,0.573952,-49.89745199999996,True,False,False
2021-08-05,48.1,44.49999999999994,21.518999999999963,0.26479049999999976,65.7542094999999,True,False,False
2021-08-06,47.57,-6.99999999999994,-6.8370000000000175,0.21572995,-14.052729949999957,True,False,False
2021-08-09,46.6,-28.000000000000025,-21.310899999999982,0.32946200000000003,-49.640362,True,False,False
2021-08-10,47.68,54.0,38.998799999999946,0.3719040000000001,92.62689599999995,True,False,False
2021-08-11,48.3,31.000000000000007,12.716199999999949,0.23522100000000012,43.480978999999955,True,False,False
2021-08-12,48.1,20.99999999999995,-2.1539999999999533,0.12025000000000026,18.725749999999998,True,False,False
2021-08-13,47.43,-2.0000000000000018,-10.565900000000031,0.3875030999999999,-12.953403100000033,True,False,False
2021-08-16,47.04,-18.999999999999993,-12.522900000000018,0.1486464,-31.67154640000001,True,False,False
2021-08-17,46.58,-14.500000000000046,-17.677800000000033,0.25619000000000003,-32.43399000000007,True,False,False
2021-08-18,45.4,-72.99999999999996,-58.32739999999998,0.4905469999999998,-131.81794699999995,True,False,False
2021-08-19,44.77,-39.99999999999994,-44.755199999999675,0.17997540000000048,-84.93517539999962,True,False,False
2021-08-20,43.43,-116.5,-105.96720000000029,0.2768662499999997,-222.7440662500003,True,False,False
2021-08-23,45.85,219.0,222.22860000000014,0.47317200000000004,440.75542800000017,True,False,False
2021-08-24,47.37,103.49999999999997,108.20879999999971,0.6563113499999998,211.05248864999967,True,False,False
2021-08-25,47.81,36.49999999999998,19.131200000000213,0.17115980000000028,55.46004020000019,True,False,False
2021-08-26,47.48,-18.999999999999993,-11.985600000000193,0.2447594000000002,-31.230359400000186,True,False,False
2021-08-27,48.15,41.50000000000003,31.242100000000082,1.12261725,71.6194827500001,False,False,True
2021-08-30,48.4,0.0,0.0,0.0,0.0,False,False,False
2021-08-31,48.04,0.0,0.0,0.0,0.0,False,False,False
2021-09-01,47.93,0.0,0.0,0.0,0.0,False,False,False
2021-09-02,48.95,0.0,0.0,0.0,0.0,False,False,False
2021-09-03,48.66,0.0,0.0,0.0,0.0,False,False,False
2021-09-07,48.04,0.0,0.0,0.0,0.0,False,False,False
2021-09-08,48.59,0.0,0.0,0.0,0.0,False,False,False
2021-09-09,47.75,0.0,0.0,0.0,0.0,False,False,False
2021-09-10,48.8,0.0,0.0,0.0,0.0,False,False,False
2021-09-13,49.48,0.0,0.0,0.0,0.0,False,False,False
2021-09-14,49.31,0.0,0.0,0.0,0.0,False,False,False
2021-09-15,50.69,0.0,0.0,0.0,0.0,False,False,False
2021-09-16,50.7,0.0,0.0,0.0,0.0,False,False,False
2021-09-17,50.32,0.0,0.0,0.0,0.0,False,False,False
2021-09-20,49.6,-9.999999999999943,0.0,0.0679520000000001,-10.067951999999943,True,True,False
2021-09-21,49.58,16.500000000000004,0.05480000000000864,0.0929624999999998,16.461837500000012,True,False,False
2021-09-22,50.48,2.5000000000000355,-5.840999999999987,0.4131788,-3.754178799999951,True,False,False
2021-09-23,51.38,-27.0,-20.574000000000126,0.3257491999999999,-47.89974920000012,True,False,False
2021-09-24,51.82,-11.000000000000076,-15.637599999999916,0.22178960000000006,-26.859389599999993,True,False,False
2021-09-27,52.91,-60.49999999999996,-48.06899999999983,0.35370335000000014,-108.9227033499998,True,False,False
2021-09-28,52.4,21.499999999999986,29.309699999999886,0.1642739999999999,50.64542599999987,True,False,False
2021-09-29,52.32,0.49999999999998934,4.095999999999913,0.034792800000000144,4.561207199999902,True,False,False
2021-09-30,52.56,-22.999999999999954,-12.607200000000107,0.07542359999999994,-35.68262360000006,True,False,False
2021-10-01,53.26,-9.500000000000064,-38.77999999999977,0.18880669999999988,-48.46880669999983,True,False,False
2021-10-04,54.49,-92.49999999999999,-76.86270000000025,0.3351135000000001,-169.69781350000025,True,False,False
2021-10-05,55.63,-88.49999999999997,-85.26060000000005,0.25895765000000004,-174.01955765000002,True,False,False
2021-10-06,54.16,131.49999999999994,123.62700000000052,0.25346879999999994,254.87353120000046,True,False,False
2021-10-07,55.36,-97.99999999999996,-89.68800000000023,0.25299519999999964,-187.94099520000017,True,False,False
2021-10-08,55.47,-14.499999999999957,-9.226799999999951,0.05907554999999987,-23.785875549999908,True,False,False
2021-10-11,56.18,-53.500000000000014,-61.06710000000007,0.21741660000000024,-114.78451660000009,True,False,False
2021-10-12,56.11,10.500000000000043,6.562500000000027,0.013185849999999968,17.049314150000072,True,False,False
2021-10-13,56.16,-5.000000000000071,-4.663999999999735,0.07076159999999988,-9.734761599999805,True,False,False
2021-10-14,56.81,-72.00000000000007,-62.27000000000054,2.721199,-136.99119900000062,False,False,True
2021-10-15,57.15,0.0,0.0,0.0,0.0,False,False,False
2021-10-18,56.96,0.0,0.0,0.0,0.0,False,False,False
2021-10-19,57.42,-4.999999999999943,0.0,0.2621223,-5.262122299999943,True,True,False
2021-10-20,58.12,-3.000000000000025,-6.39099999999996,0.30251459999999986,-9.693514599999984,True,False,False
2021-10-21,57.41,1.5000000000000568,13.873400000000014,0.29537444999999996,15.07802555000007,True,False,False
2021-10-22,58.03,0.9999999999999787,-5.73500000000004,0.2373427000000001,-4.972342700000062,True,False,False
2021-10-25,57.83,17.499999999999936,3.4860000000000495,0.023421149999999964,20.962578849999986,True,False,False
2021-10-26,58.45,10.499999999999998,-10.304400000000076,0.3302425000000001,-0.1346425000000776,True,False,False
2021-10-27,56.9,6.00000000000005,43.276000000000124,0.7297425000000002,48.54625750000017,True,False,False
2021-10-28,57.4,13.999999999999968,-1.1349999999999998,0.10848599999999985,12.756513999999969,True,False,False
2021-10-29,57.15,4.999999999999982,1.5124999999999986,0.024002999999999892,6.488496999999981,True,False,False
2021-11-01,57.53,23.000000000000043,-1.9798000000000127,0.23155824999999994,20.788641750000032,True,False,False
2021-11-02,57.53,17.99999999999997,-0.0,0.041421599999999933,17.958578399999972,True,False,False
2021-11-03,55.34,-49.00000000000002,25.885799999999968,1.1070767,-24.221276700000054,True,False,False
2021-11-04,54.92,4.499999999999993,-11.839800000000047,0.29217440000000033,-7.631974400000054,True,False,False
2021-11-05,56.55,52.500000000000036,63.29289999999983,0.9237442499999999,114.86915574999986,True,False,False
2021-11-08,57.09,34.50000000000002,3.326400000000041,0.2797410000000002,37.54665900000006,True,False,False
2021-11-09,57.97,7.999999999999963,-3.2031999999999825,0.6104240999999998,4.18637589999998,True,False,False
2021-11-10,56.32,19.00000000000004,40.75499999999996,1.2111615999999998,58.5438384,True,False,False
2021-11-11,56.22,15.49999999999998,-1.8310000000000262,0.030920999999999938,13.638078999999955,True,False,False
2021-11-12,55.98,4.5000000000000036,-4.6584000000000385,0.5432859,-0.701685900000035,False,False,True
2021-11-15,56.07,0.0,0.0,0.0,0.0,False,False,False
2021-11-16,56.2,0.0,0.0,0.0,0.0,False,False,False
2021-11-17,55.0,-7.500000000000057,0.0,0.09624999999999993,-7.596250000000056,True,True,False
2021-11-18,55.55,7.500000000000018,-1.9249999999999885,0.24608650000000018,5.328913500000029,True,False,False
2021-11-19,53.78,-20.500000000000007,21.87719999999996,0.7642138000000003,0.612986199999952,True,False,False
2021-11-22,54.45,30.50000000000006,10.76020000000003,0.3070980000000002,40.95310200000009,True,False,False
2021-11-23,56.2,-9.000000000000075,8.364999999999993,0.7896099999999999,-1.4246100000000814,True,False,False
2021-11-24,55.88,21.500000000000075,7.462400000000007,0.13606779999999985,28.82633220000008,True,False,False
2021-11-26,49.63,-298.5000000000001,115.31250000000004,1.9090179500000002,-185.09651795000005,True,False,False
2021-11-29,50.17,80.50000000000014,31.579199999999947,0.12141140000000009,111.95778860000009,True,False,False
2021-11-30,47.91,-120.00000000000001,-143.10320000000033,0.5195839499999998,-263.6227839500004,True,False,False
2021-12-01,47.04,-104.50000000000001,-73.95869999999978,1.9994351999999997,-180.4581351999998,False,False,True
2021-12-02,48.29,0.0,0.0,0.0,0.0,False,False,False
2021-12-03,48.0,0.0,0.0,0.0,0.0,False,False,False
2021-12-06,50.51,0.0,0.0,0.0,0.0,False,False,False
2021-12-07,51.59,0.0,0.0,0.0,0.0,False,False,False
2021-12-08,52.42,0.0,0.0,0.0,0.0,False,False,False
2021-12-09,51.02,0.0,0.0,0.0,0.0,False,False,False
2021-12-10,52.03,0.0,0.0,0.0,0.0,False,False,False
2021-12-13,51.44,0.0,0.0,0.0,0.0,False,False,False
2021-12-14,50.92,0.0,0.0,0.0,0.0,False,False,False
2021-12-15,51.62,0.0,0.0,0.0,0.0,False,False,False
2021-12-16,51.87,0.0,0.0,0.0,0.0,False,False,False
2021-12-17,50.78,0.0,0.0,0.0,0.0,False,False,False
2021-12-20,49.9,0.0,0.0,0.0,0.0,False,False,False
2021-12-21,51.57,0.0,0.0,0.0,0.0,False,False,False
2021-12-22,52.48,0.0,0.0,0.0,0.0,False,False,False
2021-12-23,53.13,0.0,0.0,0.0,0.0,False,False,False
2021-12-27,54.52,0.0,0.0,0.0,0.0,False,False,False
2021-12-28,54.67,0.0,0.0,0.0,0.0,False,False,False
2021-12-29,55.08,0.0,0.0,0.0,0.0,False,False,False
2021-12-30,55.1,0.0,0.0,0.0,0.0,False,False,False
2021-12-31,54.36,-23.5,0.0,0.04212899999999988,-23.542129,True,True,False
2022-01-03,54.83,41.000000000000014,-0.7284999999999963,0.21411115000000017,40.05738885000002,True,False,False
2022-01-04,55.59,-7.500000000000018,-7.113600000000049,0.3788458499999999,-14.992445850000065,True,False,False
2022-01-05,55.43,4.499999999999993,3.6784000000000843,0.04268109999999968,8.135718900000079,True,False,False
2022-01-06,56.89,-48.49999999999994,-31.31700000000003,0.5984827999999999,-80.41548279999998,True,False,False
2022-01-07,56.67,25.0,9.347799999999951,0.06658725000000004,34.28121274999995,True,False,False
2022-01-10,56.16,33.5,20.471400000000205,0.23474879999999995,53.7366512000002,True,False,False
2022-01-11,58.16,-91.5,-63.56,0.8939191999999998,-155.9539192,True,False,False
2022-01-12,58.91,-43.50000000000005,-46.89,0.23181085000000012,-90.62181085000005,True,False,False
2022-01-13,58.27,26.000000000000068,45.04959999999954,0.23104055000000023,70.81855944999961,True,False,False
2022-01-14,59.97,-128.00000000000003,-106.18199999999972,0.41559209999999996,-234.59759209999973,True,False,False
2022-01-18,60.97,-72.99999999999996,-76.32,0.3295428500000005,-149.64954284999993,True,False,False
2022-01-19,61.05,-15.000000000000036,-6.970399999999852,0.03540899999999989,-22.00580899999989,True,False,False
2022-01-20,60.66,50.99999999999998,34.43310000000005,0.03730590000000055,85.39579410000002,True,False,False
2022-01-21,60.78,-22.499999999999993,-10.447200000000395,2.6457534,-35.59295340000038,False,False,True
2022-01-24,60.11,0.0,0.0,0.0,0.0,False,False,False
2022-01-25,60.97,0.0,0.0,0.0,0.0,False,False,False
2022-01-26,61.68,0.0,0.0,0.0,0.0,False,False,False
2022-01-27,61.86,0.0,0.0,0.0,0.0,False,False,False
2022-01-28,61.97,0.0,0.0,0.0,0.0,False,False,False
2022-01-31,62.48,-31.5,0.0,0.0815364000000002,-31.5815364,True,True,False
2022-02-01,62.53,4.499999999999993,-0.13050000000001144,0.04658485000000025,4.322915149999981,True,False,False
2022-02-02,62.52,19.00000000000004,0.011199999999997759,0.08471460000000022,18.926485400000036,True,False,False
2022-02-03,63.51,-6.500000000000039,-3.791699999999986,0.4267871999999999,-10.718487200000025,True,False,False
2022-02-04,64.91,-44.49999999999994,-24.17799999999998,0.5121399,-69.19013989999992,True,False,False
2022-02-07,64.68,23.999999999999932,7.601499999999663,0.1099560000000002,31.491543999999596,True,False,False
2022-02-08,63.62,58.500000000000085,31.429000000000276,0.4237092,89.50529080000035,True,False,False
2022-02-09,64.17,16.000000000000014,-8.981500000000068,0.25892595,6.759574049999946,True,False,False
2022-02-10,63.96,17.499999999999982,5.12400000000002,0.10457459999999999,22.519425400000003,True,False,False
2022-02-11,65.74,-138.0,-37.611399999999875,0.6005349,-176.2119348999999,True,False,False
2022-02-14,66.36,-2.5000000000000355,-24.42800000000018,0.22794660000000017,-27.155946600000213,True,False,False
2022-02-15,64.28,101.50000000000006,96.24159999999993,0.7016162000000002,197.03998380000002,True,False,False
2022-02-16,63.54,30.99999999999996,18.085600000000046,0.15789689999999984,48.92770310000001,True,False,False
2022-02-17,64.17,-75.49999999999999,-12.26610000000005,0.18545130000000026,-87.95155130000003,True,False,False
2022-02-18,64.74,10.500000000000043,-14.392499999999831,0.20457839999999966,-4.097078399999789,True,False,False
2022-02-22,65.54,40.499999999999936,-25.256000000000355,0.5783905000000001,14.665609499999581,True,False,False
2022-02-23,66.24,-11.500000000000021,-34.45399999999944,0.08346240000000033,-46.03746239999946,True,False,False
2022-02-24,66.34,1.499999999999968,-5.174000000000442,0.11310969999999966,-3.7871097000004736,True,False,False
2022-02-25,65.8,56.50000000000003,29.781000000000343,1.814435,84.46656500000037,False,False,True
2022-02-28,67.48,0.0,0.0,0.0,0.0,False,False,False
2022-03-01,71.82,-45.000000000000114,0.0,0.12137579999999999,-45.121375800000116,True,True,False
2022-03-02,75.42,-9.500000000000064,-12.168000000000028,0.9815913000000002,-22.649591300000093,True,False,False
2022-03-03,74.53,17.00000000000017,26.17490000000002,0.28395930000000014,42.89094070000019,True,False,False
2022-03-04,79.46,-379.5,-107.42469999999983,0.9118034999999998,-487.8365034999998,True,False,False
2022-03-07,82.37,-100.50000000000009,-130.19340000000048,0.4946318500000002,-231.18803185000056,True,False,False
2022-03-08,85.43,-95.5,-173.65500000000014,0.4634577500000004,-269.6184577500001,True,False,False
2022-03-09,75.47,460.4999999999999,673.2960000000006,1.6029828000000002,1132.1930172000004,True,False,False
2022-03-10,74.06,132.5000000000001,35.41919999999992,0.2088492000000003,167.71035080000004,True,False,False
2022-03-11,76.4,-37.9999999999999,-45.58320000000006,0.5619220000000004,-84.14512199999996,True,False,False
2022-03-14,72.84,213.0,121.71640000000009,0.9589386000000003,333.75746140000007,True,False,False
2022-03-15,68.63,-33.0000000000001,33.090600000000066,0.9690556,-0.8784556000000335,True,False,False
2022-03-16,68.28,68.49999999999996,-7.132999999999885,0.21815460000000003,61.14884540000008,True,False,False
2022-03-17,73.68,-52.00000000000004,144.55800000000016,1.7782668000000001,90.77973320000012,True,False,False
2022-03-18,74.64,18.00000000000015,-20.639999999999862,0.2507904000000001,-2.890790399999713,True,False,False
2022-03-21,79.54,-164.49999999999994,-138.27800000000016,1.3346811999999995,-304.1126812000001,True,False,False
2022-03-22,78.56,109.49999999999989,60.54440000000023,0.03810159999999968,170.0062984000001,True,False,False
2022-03-23,81.95,-291.4999999999999,-206.1459,0.6842825000000005,-498.33018249999986,True,False,False
2022-03-24,79.75,217.99999999999997,170.52200000000022,0.3066387499999999,388.21536125000017,True,False,False
2022-03-25,80.74,-41.999999999999936,-69.12179999999965,2.8186334000000004,-113.94043339999958,False,False,True
2022-03-28,74.53,0.0,0.0,0.0,0.0,False,False,False
2022-03-29,76.15,0.0,0.0,0.0,0.0,False,False,False
2022-03-30,77.91,-35.00000000000023,0.0,0.22905540000000005,-35.22905540000023,True,True,False
2022-03-31,74.12,22.500000000000142,22.28519999999996,0.8742454000000001,43.9109546000001,True,False,False
2022-04-01,74.17,84.49999999999989,0.8854999999999495,0.21027195000000035,85.17522804999983,True,False,False
2022-04-04,76.86,108.00000000000018,62.89219999999996,0.7839720000000002,170.10822800000014,True,False,False
2022-04-05,74.8,-17.00000000000017,-6.138800000000006,0.6567439999999998,-23.795544000000177,True,False,False
2022-04-06,73.05,-25.4999999999999,-35.94499999999999,0.5690595000000003,-62.014059499999895,True,False,False
2022-04-07,73.11,2.5000000000000355,2.1672000000000824,0.05263920000000018,4.614560800000119,True,False,False
2022-04-08,74.11,93.49999999999996,34.68,0.24604520000000002,127.93395479999995,True,False,False
2022-04-11,72.3,-68.00000000000006,-50.752400000000065,0.6727515,-119.42515150000013,True,False,False
2022-04-12,75.98,157.0000000000001,171.6720000000003,1.1469181000000002,327.52508190000043,True,False,False
2022-04-13,78.42,66.9999999999999,40.162399999999955,0.9222191999999999,106.24018079999985,True,False,False
2022-04-14,79.57,-10.999999999999943,-8.11899999999994,0.5060652000000002,-19.625065199999884,True,False,False
2022-04-18,80.41,51.49999999999997,-16.615200000000073,0.45592469999999996,34.4288752999999,True,False,False
2022-04-19,76.86,69.00000000000004,110.47599999999993,1.6190559000000004,177.85694409999996,True,False,False
2022-04-20,77.24,40.499999999999936,4.183799999999951,0.2811536000000001,44.40264639999988,True,False,False
2022-04-21,78.12,49.00000000000002,3.282400000000036,0.2031120000000002,52.07928800000006,True,False,False
2022-04-22,76.31,-19.500000000000007,2.660700000000012,0.05608785000000018,-16.895387849999995,False,False,True
2022-04-25,74.65,0.0,0.0,0.0,0.0,False,False,False
2022-04-26,76.46,0.0,0.0,0.0,0.0,False,False,False
2022-04-27,76.37,0.0,0.0,0.0,0.0,False,False,False
2022-04-28,78.08,0.0,0.0,0.0,0.0,False,False,False
2022-04-29,77.16,0.0,0.0,0.0,0.0,False,False,False
2022-05-02,78.38,0.0,0.0,0.0,0.0,False,False,False
2022-05-03,76.69,-35.00000000000023,0.0,0.2327541499999999,-35.232754150000225,True,True,False
2022-05-04,80.22,-44.99999999999993,-21.4271,1.0661238000000002,-67.49322379999992,True,False,False
2022-05-05,80.48,-21.999999999999886,-8.489000000000166,0.008852799999999954,-30.497852800000054,True,False,False
2022-05-06,82.13,-44.00000000000013,-53.509499999999726,0.4463765499999999,-97.95587654999986,True,False,False
2022-05-09,76.57,133.50000000000009,240.74800000000008,1.4621041499999998,372.78589585000014,True,False,False
2022-05-10,74.53,37.5,10.424399999999954,0.48854415,47.43585584999995,True,False,False
2022-05-11,78.18,29.999999999999893,29.200000000000053,1.0597299,58.140270099999945,True,False,False
2022-05-12,79.23,-4.499999999999993,-20.065499999999947,0.29750864999999993,-24.86300864999994,True,False,False
2022-05-13,81.28,-42.50000000000007,-54.57099999999992,0.6904736000000004,-97.7614736,True,False,False
2022-05-16,83.11,-23.999999999999844,-79.80629999999994,0.4841157499999997,-104.29041574999978,True,False,False
2022-05-17,81.11,110.49999999999986,110.52,0.2895627,220.73043729999986,True,False,False
2022-05-18,79.29,89.00000000000014,87.57839999999966,0.6541424999999998,175.9242574999998,True,False,False
2022-05-19,80.58,-23.000000000000043,-40.78979999999975,0.5636570999999995,-64.35345709999979,True,False,False
2022-05-20,81.65,-24.50000000000001,-48.80270000000033,0.3674250000000003,-73.67012500000034,True,False,False
2022-05-23,81.97,31.50000000000004,-17.475199999999628,0.3635369500000002,13.66126305000041,True,False,False
2022-05-24,82.0,22.499999999999876,-1.9044000000000723,0.21074,20.3848599999998,True,False,False
2022-05-25,82.48,-6.49999999999995,-32.93760000000027,0.24001679999999972,-39.67761680000022,True,False,False
2022-05-26,84.59,-194.99999999999994,-157.06839999999994,0.5058482000000004,-352.5742481999999,True,False,False
2022-05-27,85.46,-76.49999999999997,-75.16799999999917,3.691872,-155.35987199999914,False,False,True
2022-05-31,85.47,0.0,0.0,0.0,0.0,False,False,False
2022-06-01,85.54,-37.5,0.0,0.29040829999999984,-37.7904083,True,True,False
2022-06-02,87.25,15.000000000000036,-11.61089999999995,0.4755125000000003,2.913587500000086,True,False,False
2022-06-03,89.47,-49.49999999999992,-39.271799999999985,0.7327592999999996,-89.5045592999999,True,False,False
2022-06-06,88.39,52.49999999999986,36.795599999999936,0.3319044499999998,88.9636955499998,True,False,False
2022-06-07,90.04,-11.500000000000021,-43.82400000000015,0.5632002000000005,-55.887200200000166,True,False,False
2022-06-08,91.99,-35.499999999999865,-76.18649999999957,0.6986640499999995,-112.38516404999943,True,False,False
2022-06-09,91.08,54.99999999999989,49.37659999999981,0.14162939999999963,104.23497059999971,True,False,False
2022-06-10,90.13,59.49999999999997,48.59250000000015,0.32717190000000024,107.76532810000012,True,False,False
2022-06-13,90.36,-14.500000000000046,-10.094700000000175,0.1802681999999998,-24.774968200000224,True,False,False
2022-06-14,88.45,97.50000000000014,76.20899999999988,0.35733800000000043,173.351662,True,False,False
2022-06-15,86.93,52.999999999999936,48.36639999999987,0.5120177000000001,100.8543822999998,True,False,False
2022-06-16,87.66,12.00000000000001,-14.629199999999791,0.3497634,-2.9789633999997807,True,False,False
2022-06-17,83.34,-0.0,121.04639999999979,1.8905678999999997,119.1558320999998,True,False,False
2022-06-21,84.05,139.49999999999994,12.31849999999989,0.037402250000000026,151.78109774999982,True,False,False
2022-06-22,80.88,-122.49999999999987,-52.17820000000002,1.3183440000000004,-175.9965439999999,True,False,False
2022-06-23,78.98,-78.5000000000001,-93.21399999999959,0.8123093000000003,-172.5263092999997,True,False,False
2022-06-24,81.27,144.49999999999997,159.45269999999948,2.82941505,301.12328494999946,False,False,True
2022-06-27,82.93,0.0,0.0,0.0,0.0,False,False,False
2022-06-28,84.72,0.0,0.0,0.0,0.0,False,False,False
2022-06-29,82.95,0.0,0.0,0.0,0.0,False,False,False
2022-06-30,80.35,-24.999999999999886,0.0,0.29006350000000014,-25.290063499999885,True,True,False
2022-07-01,81.67,-27.500000000000213,-9.530400000000059,0.45776035,-37.48816035000027,True,False,False
2022-07-05,74.78,-22.999999999999865,126.98270000000004,2.0736494000000003,101.90905060000017,True,False,False
2022-07-06,73.67,-53.500000000000014,-41.10329999999998,0.2795776499999999,-94.88287764999998,True,False,False
2022-07-07,76.55,113.00000000000009,128.5055999999998,0.9293170000000001,240.57628299999988,True,False,False
2022-07-08,78.54,73.99999999999993,40.476600000000175,0.49637280000000006,113.9802272000001,True,False,False
2022-07-11,78.23,37.5,-2.387000000000016,0.10091669999999994,35.012083299999986,True,False,False
2022-07-12,72.81,-215.5000000000002,-55.71759999999998,1.6870077000000003,-272.90460770000016,True,False,False
2022-07-13,73.19,68.00000000000014,21.515599999999743,0.018663449999999925,89.49693654999989,True,False,False
2022-07-14,72.85,-23.499999999999943,-19.424200000000194,0.11619574999999965,-43.040395750000144,True,False,False
2022-07-15,73.74,93.99999999999994,53.68480000000003,0.01585409999999999,147.66894589999995,True,False,False
2022-07-18,76.81,167.0,186.50250000000042,1.0423116999999995,352.46018830000037,True,False,False
2022-07-19,78.05,67.0,41.67639999999984,0.4745440000000002,108.20185599999984,True,False,False
2022-07-20,77.64,40.000000000000036,-8.794499999999928,0.1937118000000002,31.011788200000108,True,False,False
2022-07-21,75.49,-71.00000000000009,-56.84600000000017,1.1783988999999995,-129.02439890000025,True,False,False
2022-07-22,74.53,-56.500000000000014,-55.35359999999964,2.1486999,-114.00229989999966,False,False,True
2022-07-25,76.22,0.0,0.0,0.0,0.0,False,False,False
2022-07-26,75.16,0.0,0.0,0.0,0.0,False,False,False
2022-07-27,77.87,0.0,0.0,0.0,0.0,False,False,False
2022-07-28,77.13,0.0,0.0,0.0,0.0,False,False,False
2022-07-29,78.05,0.0,0.0,0.0,0.0,False,False,False
2022-08-01,75.13,-30.0,0.0,0.2404160000000002,-30.240416,True,True,False
2022-08-02,75.93,15.000000000000213,-5.120000000000077,0.23462369999999988,9.645376300000136,True,False,False
2022-08-03,73.53,24.99999999999991,30.192000000000075,0.6610347000000003,54.530965299999984,True,False,False
2022-08-04,71.53,-5.499999999999883,-10.80000000000001,0.6752431999999998,-16.97524319999989,True,False,False
2022-08-05,71.54,54.4999999999999,0.2428000000001242,0.08870960000000028,54.65409040000002,True,False,False
2022-08-08,73.54,63.49999999999998,53.52000000000001,0.6353856000000002,116.38461439999998,True,False,False
2022-08-09,73.45,36.00000000000003,-0.8532000000000324,0.02423849999999994,35.122561499999996,True,False,False
2022-08-10,74.32,48.49999999999994,8.8217999999999,0.3597087999999998,56.96209119999984,True,False,False
2022-08-11,76.28,-18.49999999999996,0.9016000000000132,0.6712640000000003,-18.26966399999995,True,False,False
2022-08-12,74.98,28.000000000000025,22.28199999999995,0.5346074000000001,49.747392599999976,True,False,False
2022-08-15,72.88,10.499999999999954,6.048000000000022,0.7645111999999997,15.783488799999978,True,False,False
2022-08-16,71.24,-66.49999999999991,-29.684,0.6967272000000003,-96.88072719999991,True,False,False
2022-08-17,72.05,48.49999999999994,30.50460000000009,0.2896410000000001,78.71495900000004,True,False,False
2022-08-18,74.21,79.99999999999999,63.9791999999999,0.8675149000000001,143.11168509999987,True,False,False
2022-08-19,74.06,4.000000000000092,-0.9359999999999462,0.03443790000000032,3.029562100000146,True,False,False
2022-08-22,74.68,27.499999999999947,4.445400000000035,0.21918580000000012,31.72621419999998,True,False,False
2022-08-23,76.83,-3.500000000000014,2.7949999999999915,1.1374681500000001,-1.8424681500000228,True,False,False
2022-08-24,78.04,-16.500000000000004,-34.255100000000226,0.6157355999999998,-51.37083560000023,True,False,False
2022-08-25,76.5,71.99999999999997,67.89860000000027,0.6758774999999997,139.22272250000023,True,False,False
2022-08-26,75.85,47.50000000000001,17.173000000000155,1.0019785,63.67102150000016,False,False,True
2022-08-29,78.69,0.0,0.0,0.0,0.0,False,False,False
2022-08-30,75.47,-47.5,0.0,0.18301474999999998,-47.68301475,True,True,False
2022-08-31,73.11,-1.499999999999968,11.445999999999994,0.6795574499999999,9.266442550000026,True,False,False
2022-09-01,70.95,-64.50000000000004,-29.678399999999947,0.5668905,-94.74529049999998,True,False,False
2022-09-02,71.43,-6.00000000000005,14.265600000000116,0.14178854999999985,8.123811450000067,True,False,False
2022-09-06,71.42,88.50000000000007,-0.25750000000013173,0.11748589999999971,88.12501409999993,True,False,False
2022-09-07,67.62,-173.00000000000014,-110.35199999999989,0.9419466,-284.2939466,True,False,False
2022-09-08,68.09,45.00000000000011,26.74299999999993,0.0367685999999997,71.70623140000004,True,False,False
2022-09-09,71.1,184.99999999999997,168.0181999999995,0.5919074999999999,352.4262924999995,True,False,False
2022-09-12,72.37,77.50000000000003,49.745900000000404,0.46714835000000027,126.77875165000043,True,False,False
2022-09-13,72.01,-18.99999999999995,-9.453599999999984,0.2174702000000004,-28.671070199999935,True,False,False
2022-09-14,72.73,58.9999999999999,23.255999999999965,0.19964384999999996,82.05635614999986,True,False,False
2022-09-15,69.76,-122.99999999999996,-79.62569999999998,0.9860576000000001,-203.61175759999995,True,False,False
2022-09-16,69.9,30.49999999999997,7.711200000000032,0.1240724999999999,38.08712750000001,True,False,False
2022-09-19,70.05,34.500000000000064,8.7944999999995,0.17197275000000015,43.122527249999564,True,False,False
2022-09-20,69.22,-46.000000000000085,-52.7381999999999,0.15193790000000001,-98.89013789999997,True,False,False
2022-09-21,68.68,-25.4999999999999,-36.68219999999946,0.28673899999999936,-62.46893899999936,True,False,False
2022-09-22,68.97,32.49999999999993,22.12119999999939,0.0651766500000005,54.55602334999932,True,False,False
2022-09-23,65.32,-373.5,-285.32050000000044,2.5530321999999996,-661.3735322000005,False,False,True
2022-09-26,63.2,0.0,0.0,0.0,0.0,False,False,False
2022-09-27,64.42,0.0,0.0,0.0,0.0,False,False,False
2022-09-28,67.13,0.0,0.0,0.0,0.0,False,False,False
2022-09-29,66.77,0.0,0.0,0.0,0.0,False,False,False
2022-09-30,65.28,0.0,0.0,0.0,0.0,False,False,False
2022-10-03,67.89,-17.5,0.0,0.17821125000000015,-17.67821125,True,True,False
2022-10-04,70.28,-30.00000000000007,-12.547500000000014,0.6114359999999999,-43.15893600000008,True,False,False
2022-10-05,71.94,-26.999999999999957,-37.59899999999992,0.44135190000000035,-65.04035189999988,True,False,False
2022-10-06,72.99,-4.000000000000092,-36.66599999999991,0.2521804499999999,-40.91818045,True,False,False
2022-10-07,75.1,-125.99999999999997,-88.26129999999999,0.5456014999999997,-214.80690149999995,True,False,False
2022-10-10,73.78,134.99999999999997,74.39519999999962,0.17116960000000003,209.22403039999958,True,False,False
2022-10-11,71.75,112.50000000000009,104.99160000000006,0.4997387499999998,216.99186125000014,True,False,False
2022-10-12,70.93,46.99999999999997,30.987799999999748,0.2124353500000005,77.77536464999972,True,False,False
2022-10-13,72.52,-40.499999999999936,-50.56199999999965,0.5156172000000003,-91.57761719999958,True,False,False
2022-10-14,70.17,104.4999999999999,108.14699999999975,0.7073136000000002,211.93968639999966,True,False,False
2022-10-17,70.13,33.0000000000001,1.0344000000001616,0.010519499999999776,34.02388050000026,True,False,False
2022-10-18,68.7,74.00000000000003,37.40879999999979,0.48158699999999993,110.92721299999981,True,False,False
2022-10-19,70.04,1.9999999999999574,-16.267600000000034,0.5284517999999999,-14.796051800000075,True,False,False
2022-10-20,70.18,18.49999999999996,-3.8122000000000145,0.11404250000000013,14.573757499999946,True,False,False
2022-10-21,70.57,13.499999999999979,-11.887199999999583,0.16689804999999988,1.4459019500003962,True,False,False
2022-10-24,70.38,39.00000000000006,6.689899999999919,0.03765330000000001,45.65224669999997,True,False,False
2022-10-25,70.61,7.999999999999918,-8.344400000000142,0.23407215000000034,-0.5784721500002244,True,False,False
2022-10-26,72.97,-130.50000000000006,-101.26759999999999,0.8727211999999999,-232.64032120000005,True,False,False
2022-10-27,73.62,-10.999999999999854,-43.43950000000038,0.30883590000000005,-54.748335900000235,True,False,False
2022-10-28,72.82,74.49999999999989,60.176000000000855,2.7387601999999998,131.93723980000073,False,False,True
2022-10-31,71.53,0.0,0.0,0.0,0.0,False,False,False
2022-11-01,73.12,-29.999999999999886,0.0,0.24129600000000004,-30.241295999999885,True,True,False
2022-11-02,74.08,0.9999999999998899,-6.335999999999959,0.3026167999999999,-5.63861680000007,True,False,False
2022-11-03,73.29,29.000000000000004,11.668299999999881,0.22206870000000017,40.44623129999989,True,False,False
2022-11-04,76.82,-91.00000000000001,-30.74629999999987,1.0839301999999997,-122.83023019999987,True,False,False
2022-11-07,76.56,77.00000000000014,9.601799999999661,0.01990560000000039,86.5818943999998,True,False,False
2022-11-08,74.47,76.99999999999996,78.27050000000014,0.62592035,154.64457965000008,True,False,False
2022-11-09,71.67,35.49999999999996,57.79199999999995,1.039215,92.25278499999992,True,False,False
2022-11-10,72.24,40.000000000000036,4.765199999999941,0.16904159999999965,44.59615839999998,True,False,False
2022-11-11,74.38,2.4999999999999467,7.875200000000014,0.9587582000000002,9.41644179999996,True,False,False
2022-11-14,71.91,28.500000000000014,54.586999999999975,1.035504,82.05149599999999,True,False,False
2022-11-15,73.25,-2.999999999999936,8.978000000000016,0.5142149999999998,5.46378500000008,True,False,False
2022-11-16,72.04,41.000000000000014,8.88139999999995,0.48230779999999973,49.39909219999996,True,False,False
2022-11-17,70.14,-20.000000000000107,-11.495000000000024,0.9861684000000003,-32.48116840000013,True,False,False
2022-11-18,69.03,-25.0,-37.928699999999985,0.5577624000000002,-63.486462399999986,True,False,False
2022-11-21,69.03,8.999999999999986,0.0,0.03244409999999992,8.967555899999986,True,False,False
2022-11-22,69.98,66.50000000000009,48.70650000000015,0.30546270000000036,114.90103730000023,True,False,False
2022-11-23,67.41,-159.50000000000006,-109.3278000000003,0.8776782000000002,-269.70547820000036,True,False,False
2022-11-25,66.96,23.500000000000057,-30.861000000000193,2.2960583999999997,-9.657058400000135,False,False,True
2022-11-28,66.88,0.0,0.0,0.0,0.0,False,False,False
2022-11-29,68.34,0.0,0.0,0.0,0.0,False,False,False
2022-11-30,70.23,-32.499999999999886,0.0,0.2767062000000001,-32.776706199999886,True,True,False
2022-12-01,70.45,24.499999999999922,-1.7335999999999918,0.09369849999999985,22.67270149999993,True,False,False
2022-12-02,69.84,13.000000000000078,6.429399999999993,0.20253599999999977,19.226864000000074,True,False,False
2022-12-05,67.72,27.500000000000036,10.048800000000034,0.8214436000000002,36.72735640000007,True,False,False
2022-12-06,65.23,-65.50000000000003,-48.6047999999999,0.8160273000000001,-114.92082729999993,True,False,False
2022-12-07,63.65,-100.99999999999997,-70.37320000000024,0.45859825000000015,-171.83179825000022,True,False,False
2022-12-08,62.71,-52.00000000000004,-55.41299999999987,0.23986575000000018,-107.65286574999992,True,False,False
2022-12-09,62.85,31.00000000000005,9.324000000000039,4.46576109425223e-16,40.32400000000009,True,False,False
2022-12-12,64.41,117.0,103.89599999999967,0.26279279999999966,220.63320719999967,True,False,False
2022-12-13,65.86,112.99999999999999,84.73800000000017,0.39515999999999996,197.34284000000017,True,False,False
2022-12-14,67.36,85.00000000000006,69.66000000000001,0.46882560000000006,154.19117440000008,True,False,False
2022-12-15,66.15,-31.00000000000005,-39.3491999999998,0.6039494999999999,-70.95314949999985,True,False,False
2022-12-16,64.9,-63.00000000000008,-63.475,0.8965934999999999,-127.37159350000007,True,False,False
2022-12-19,66.07,99.50000000000001,91.73969999999902,0.68085135,190.55884864999902,True,False,False
2022-12-20,66.22,37.5,8.670000000000329,0.12449359999999993,46.04550640000033,True,False,False
2022-12-21,68.06,112.50000000000004,113.2704000000002,0.8456454999999998,224.92475450000023,True,False,False
2022-12-22,67.7,-0.5000000000000338,-13.215599999999979,0.3019419999999998,-14.017542000000013,True,False,False
2022-12-23,69.32,68.00000000000006,73.92059999999955,1.5815357999999997,140.3390641999996,False,False,True
2022-12-27,69.53,0.0,0.0,0.0,0.0,False,False,False
2022-12-28,68.58,0.0,0.0,0.0,0.0,False,False,False
2022-12-29,68.53,0.0,0.0,0.0,0.0,False,False,False
2022-12-30,70.11,0.0,0.0,0.0,0.0,False,False,False
2023-01-03,67.64,-22.500000000000114,0.0,0.2205064000000001,-22.720506400000115,True,True,False
2023-01-04,64.3,-12.499999999999911,21.776800000000033,1.0304075000000001,8.246392500000121,True,False,False
2023-01-05,64.78,41.9999999999999,12.254400000000102,0.1389531000000001,54.1154469,True,False,False
2023-01-06,64.83,24.00000000000002,1.0619999999999397,0.0418153500000002,25.020184649999962,True,False,False
2023-01-09,65.88,44.00000000000013,23.65649999999994,0.32643540000000004,67.33006460000007,True,False,False
2023-01-10,65.9,36.49999999999993,0.2524000000001292,0.0009884999999999204,36.75141150000006,True,False,False
2023-01-11,68.05,0.49999999999998934,27.19749999999989,0.8366747499999998,26.86082524999988,True,False,False
2023-01-12,68.61,29.000000000000092,-6.686400000000024,0.19416630000000037,22.11943370000007,True,False,False
2023-01-13,70.05,-14.000000000000057,-25.343999999999966,0.6234449999999995,-39.96744500000002,True,False,False
2023-01-17,70.86,-18.50000000000005,-28.674000000000074,0.4141767000000002,-47.58817670000012,True,False,False
2023-01-18,69.51,76.50000000000006,63.57149999999973,0.5699819999999999,139.50151799999978,True,False,False
2023-01-19,70.59,-33.00000000000001,-33.145199999999946,0.5202483000000002,-66.66544829999997,True,False,False
2023-01-20,71.55,-24.5000000000001,-43.61279999999972,0.4446832499999997,-68.55748324999982,True,False,False
2023-01-23,71.5,35.00000000000006,2.8929999999998355,0.16302000000000033,37.72997999999989,True,False,False
2023-01-24,70.22,83.99999999999999,79.89760000000008,0.48662460000000024,163.41097540000007,True,False,False
2023-01-25,70.51,2.000000000000046,-14.082400000000304,0.1900244499999998,-12.272424450000257,True,False,False
2023-01-26,70.93,-16.000000000000014,-22.65900000000009,0.31138270000000057,-38.97038270000011,True,False,False
2023-01-27,69.5,83.49999999999997,89.70390000000044,2.1798675000000003,171.02403250000043,False,False,True
2023-01-30,68.1,0.0,0.0,0.0,0.0,False,False,False
2023-01-31,69.32,0.0,0.0,0.0,0.0,False,False,False
2023-02-01,67.36,0.0,0.0,0.0,0.0,False,False,False
2023-02-02,66.57,0.0,0.0,0.0,0.0,False,False,False
2023-02-03,64.4,0.0,0.0,0.0,0.0,False,False,False
2023-02-06,65.5,0.0,0.0,0.0,0.0,False,False,False
2023-02-07,67.76,0.0,0.0,0.0,0.0,False,False,False
2023-02-08,68.68,0.0,0.0,0.0,0.0,False,False,False
2023-02-09,67.92,0.0,0.0,0.0,0.0,False,False,False
2023-02-10,69.87,0.0,0.0,0.0,0.0,False,False,False
2023-02-13,69.5,0.0,0.0,0.0,0.0,False,False,False
2023-02-14,69.4,0.0,0.0,0.0,0.0,False,False,False
2023-02-15,69.02,0.0,0.0,0.0,0.0,False,False,False
2023-02-16,68.45,0.0,0.0,0.0,0.0,False,False,False
2023-02-17,67.02,0.0,0.0,0.0,0.0,False,False,False
2023-02-21,66.69,0.0,0.0,0.0,0.0,False,False,False
2023-02-22,64.92,0.0,0.0,0.0,0.0,False,False,False
2023-02-23,66.38,0.0,0.0,0.0,0.0,False,False,False
2023-02-24,67.1,0.0,0.0,0.0,0.0,False,False,False
2023-02-27,66.25,0.0,0.0,0.0,0.0,False,False,False
2023-02-28,67.21,0.0,0.0,0.0,0.0,False,False,False
2023-03-01,68.07,0.0,0.0,0.0,0.0,False,False,False
2023-03-02,68.3,0.0,0.0,0.0,0.0,False,False,False
2023-03-03,69.86,0.0,0.0,0.0,0.0,False,False,False
2023-03-06,70.49,0.0,0.0,0.0,0.0,False,False,False
2023-03-07,67.85,0.0,0.0,0.0,0.0,False,False,False
2023-03-08,67.1,0.0,0.0,0.0,0.0,False,False,False
2023-03-09,66.24,0.0,0.0,0.0,0.0,False,False,False
2023-03-10,67.14,0.0,0.0,0.0,0.0,False,False,False
2023-03-13,65.25,-38.500000000000114,0.0,0.29101499999999997,-38.791015000000115,True,True,False
2023-03-14,62.93,-65.99999999999993,20.6944,0.7652287999999999,-46.07082879999993,True,False,False
2023-03-15,60.02,-99.50000000000001,-44.813999999999936,0.7088362000000002,-145.02283619999997,True,False,False
2023-03-16,60.05,22.000000000000064,1.1705999999997672,0.09007499999999978,23.08052499999983,True,False,False
2023-03-17,58.66,-87.0000000000001,-58.407800000000016,0.34433420000000026,-145.7521342000001,True,False,False
2023-03-20,59.79,81.50000000000013,60.748800000000145,0.1996986000000002,142.04910140000027,True,False,False
2023-03-21,61.23,91.9999999999999,67.7951999999999,0.33156044999999995,159.46363954999978,True,False,False
2023-03-22,61.61,52.500000000000036,13.775000000000093,0.1629584500000001,66.11204155000013,True,False,False
2023-03-23,60.99,-40.50000000000003,-19.195199999999918,0.2549382000000001,-59.95013819999994,True,False,False
2023-03-24,60.96,33.999999999999986,-1.1796000000000446,0.1606296000000001,32.65977039999994,True,False,False
2023-03-27,64.15,134.50000000000006,142.24210000000022,1.16528475,275.57681525000027,True,False,False
2023-03-28,64.55,18.99999999999995,3.30399999999993,0.17977175000000012,22.12422824999988,True,False,False
2023-03-29,64.15,26.499999999999968,-1.075999999999976,0.20912900000000015,25.21487099999999,True,False,False
2023-03-30,65.32,16.000000000000014,10.775699999999885,0.4889201999999999,26.286779799999902,True,False,False
2023-03-31,66.44,5.499999999999972,-6.451200000000024,0.6783524000000001,-1.6295524000000525,True,False,False
2023-04-03,70.27,-198.99999999999994,-100.26939999999996,1.6938583499999997,-300.96325834999993,True,False,False
2023-04-04,70.27,10.499999999999954,-0.0,0.00456754999999984,10.495432449999955,True,False,False
2023-04-05,70.24,8.881784197001252e-14,2.2356000000000846,0.18859440000000016,2.0470056000001735,True,False,False
2023-04-06,70.26,18.49999999999996,-1.5978000000008175,0.14543820000000002,16.756761799999143,True,False,False
2023-04-10,69.76,45.99999999999996,42.015,2.9309664000000004,85.08403359999996,False,False,True
2023-04-11,71.07,0.0,0.0,0.0,0.0,False,False,False
2023-04-12,72.43,0.0,0.0,0.0,0.0,False,False,False
2023-04-13,71.8,0.0,0.0,0.0,0.0,False,False,False
2023-04-14,72.09,0.0,0.0,0.0,0.0,False,False,False
2023-04-17,70.84,0.0,0.0,0.0,0.0,False,False,False
2023-04-18,70.73,0.0,0.0,0.0,0.0,False,False,False
2023-04-19,69.3,0.0,0.0,0.0,0.0,False,False,False
2023-04-20,67.6,0.0,0.0,0.0,0.0,False,False,False
2023-04-21,68.21,0.0,0.0,0.0,0.0,False,False,False
2023-04-24,69.25,0.0,0.0,0.0,0.0,False,False,False
2023-04-25,67.62,0.0,0.0,0.0,0.0,False,False,False
2023-04-26,65.36,0.0,0.0,0.0,0.0,False,False,False
2023-04-27,65.81,0.0,0.0,0.0,0.0,False,False,False
2023-04-28,67.5,0.0,0.0,0.0,0.0,False,False,False
2023-05-01,66.55,0.0,0.0,0.0,0.0,False,False,False
2023-05-02,63.05,0.0,0.0,0.0,0.0,False,False,False
2023-05-03,60.31,-18.999999999999886,0.0,0.3078825500000001,-19.307882549999885,True,True,False
2023-05-04,60.7,-9.499999999999975,-3.9819000000000067,0.03641999999999971,-13.518319999999981,True,False,False
2023-05-05,63.03,-13.500000000000068,-26.585299999999965,0.9372561000000004,-41.02255610000003,True,False,False
2023-05-08,64.26,-27.999999999999936,-50.61450000000017,0.47295359999999975,-79.0874536000001,True,False,False
2023-05-09,64.87,-30.49999999999997,-34.080699999999965,0.24488425000000016,-64.82558424999993,True,False,False
2023-05-10,64.39,41.499999999999915,30.441600000000253,0.14037019999999997,71.80122980000016,True,False,False
2023-05-11,63.25,77.00000000000004,67.32840000000003,0.3877224999999999,143.94067750000008,True,False,False
2023-05-12,62.07,62.000000000000014,55.22399999999999,0.39228240000000003,116.8317176,True,False,False
2023-05-15,62.99,-15.000000000000036,-31.427200000000063,0.41258449999999985,-46.8397845000001,True,False,False
2023-05-16,62.54,27.000000000000046,21.267000000000134,0.09099570000000011,48.17600430000018,True,False,False
2023-05-17,64.6,-118.49999999999996,-91.36099999999978,0.7228740000000002,-210.58387399999972,True,False,False
2023-05-18,64.04,56.49999999999995,37.368799999999204,0.08453280000000002,93.78426719999915,True,False,False
2023-05-19,63.9,30.99999999999996,8.972600000000492,0.0252405000000002,39.94735950000045,True,False,False
2023-05-22,63.91,16.000000000000014,-0.632999999999874,0.22080904999999987,15.14619095000014,True,False,False
2023-05-23,64.87,-75.99999999999997,-67.40160000000056,0.30780814999999984,-143.70940815000054,True,False,False
2023-05-24,65.66,-56.00000000000005,-62.962999999999354,0.20584410000000034,-119.1688440999994,True,False,False
2023-05-25,64.09,135.50000000000014,134.9728999999994,0.34416330000000034,270.12873669999954,True,False,False
2023-05-26,64.8,-70.50000000000013,-53.41329999999952,2.437452,-126.35075199999964,False,False,True
2023-05-30,62.3,0.0,0.0,0.0,0.0,False,False,False
2023-05-31,60.63,0.0,0.0,0.0,0.0,False,False,False
2023-06-01,62.55,-22.0,0.0,0.18952649999999996,-22.1895265,True,True,False
2023-06-02,64.15,-42.000000000000085,-9.69600000000005,0.5802367500000003,-52.27623675000013,True,False,False
2023-06-05,64.03,70.5000000000001,2.8980000000001107,0.08355914999999998,73.31444085000021,True,False,False
2023-06-06,63.79,35.49999999999996,6.422400000000055,0.1145030500000001,41.80789695000001,True,False,False
2023-06-07,64.71,-8.499999999999996,-21.316399999999877,0.39829005,-30.214690049999874,True,False,False
2023-06-08,63.46,54.49999999999999,44.34999999999975,0.4937188,98.35628119999974,True,False,False
2023-06-09,62.93,30.49999999999997,10.557600000000026,0.2913659000000003,40.76623409999999,True,False,False
2023-06-12,60.24,-21.499999999999986,28.675399999999968,1.2668472000000002,5.908552799999982,True,False,False
2023-06-13,62.14,53.500000000000014,59.65999999999997,0.9227790000000001,112.23722099999998,True,False,False
2023-06-14,61.83,15.500000000000025,-0.5270000000000044,0.23031674999999988,14.74268325000002,True,False,False
2023-06-15,63.41,-4.440892098500626e-14,14.45699999999998,0.97936745,13.477632549999935,True,False,False
2023-06-16,64.35,-6.49999999999995,-20.43559999999995,0.5775412499999996,-27.5131412499999,True,False,False
2023-06-20,63.92,36.49999999999998,17.066699999999702,0.1997499999999998,53.36694999999968,True,False,False
2023-06-21,65.04,-29.000000000000004,-37.45280000000015,0.7339764000000004,-67.18677640000016,True,False,False
2023-06-22,62.52,94.50000000000003,141.1452000000002,1.7386812000000003,233.9065188000002,True,False,False
2023-06-23,62.42,17.49999999999996,0.0390000000000007,0.012171900000000046,17.526828099999964,False,False,True
2023-06-26,62.73,0.0,0.0,0.0,0.0,False,False,False
2023-06-27,61.3,0.0,0.0,0.0,0.0,False,False,False
2023-06-28,62.52,0.0,0.0,0.0,0.0,False,False,False
2023-06-29,62.96,0.0,0.0,0.0,0.0,False,False,False
2023-06-30,63.55,0.0,0.0,0.0,0.0,False,False,False
2023-07-03,63.39,0.0,0.0,0.0,0.0,False,False,False
2023-07-05,64.63,0.0,0.0,0.0,0.0,False,False,False
2023-07-06,64.44,0.0,0.0,0.0,0.0,False,False,False
2023-07-07,65.85,0.0,0.0,0.0,0.0,False,False,False
2023-07-10,65.54,0.0,0.0,0.0,0.0,False,False,False
2023-07-11,67.03,0.0,0.0,0.0,0.0,False,False,False
2023-07-12,67.87,0.0,0.0,0.0,0.0,False,False,False
2023-07-13,69.09,0.0,0.0,0.0,0.0,False,False,False
2023-07-14,67.47,0.0,0.0,0.0,0.0,False,False,False
2023-07-17,66.58,0.0,0.0,0.0,0.0,False,False,False
2023-07-18,67.96,0.0,0.0,0.0,0.0,False,False,False
2023-07-19,67.69,0.0,0.0,0.0,0.0,False,False,False
2023-07-20,68.05,0.0,0.0,0.0,0.0,False,False,False
2023-07-21,68.99,0.0,0.0,0.0,0.0,False,False,False
2023-07-24,70.69,0.0,0.0,0.0,0.0,False,False,False
2023-07-25,71.16,0.0,0.0,0.0,0.0,False,False,False
2023-07-26,70.66,0.0,0.0,0.0,0.0,False,False,False
2023-07-27,71.43,0.0,0.0,0.0,0.0,False,False,False
2023-07-28,72.09,0.0,0.0,0.0,0.0,False,False,False
2023-07-31,73.17,0.0,0.0,0.0,0.0,False,False,False
2023-08-01,72.96,0.0,0.0,0.0,0.0,False,False,False
2023-08-02,71.48,0.0,0.0,0.0,0.0,False,False,False
2023-08-03,73.14,0.0,0.0,0.0,0.0,False,False,False
2023-08-04,73.79,0.0,0.0,0.0,0.0,False,False,False
2023-08-07,73.82,0.0,0.0,0.0,0.0,False,False,False
2023-08-08,74.06,0.0,0.0,0.0,0.0,False,False,False
2023-08-09,75.1,0.0,0.0,0.0,0.0,False,False,False
2023-08-10,74.2,0.0,0.0,0.0,0.0,False,False,False
2023-08-11,74.25,0.0,0.0,0.0,0.0,False,False,False
2023-08-14,73.81,0.0,0.0,0.0,0.0,False,False,False
2023-08-15,72.62,0.0,0.0,0.0,0.0,False,False,False
2023-08-16,71.37,0.0,0.0,0.0,0.0,False,False,False
2023-08-17,71.98,0.0,0.0,0.0,0.0,False,False,False
2023-08-18,72.79,0.0,0.0,0.0,0.0,False,False,False
2023-08-21,72.58,0.0,0.0,0.0,0.0,False,False,False
2023-08-22,72.28,0.0,0.0,0.0,0.0,False,False,False
2023-08-23,71.36,0.0,0.0,0.0,0.0,False,False,False
2023-08-24,71.41,0.0,0.0,0.0,0.0,False,False,False
2023-08-25,72.45,0.0,0.0,0.0,0.0,False,False,False
2023-08-28,72.41,0.0,0.0,0.0,0.0,False,False,False
2023-08-29,73.32,0.0,0.0,0.0,0.0,False,False,False
2023-08-30,73.66,0.0,0.0,0.0,0.0,False,False,False
2023-08-31,75.06,0.0,0.0,0.0,0.0,False,False,False
2023-09-01,76.92,0.0,0.0,0.0,0.0,False,False,False
2023-09-05,77.76,0.0,0.0,0.0,0.0,False,False,False
2023-09-06,78.52,0.0,0.0,0.0,0.0,False,False,False
2023-09-07,77.95,0.0,0.0,0.0,0.0,False,False,False
2023-09-08,78.3,0.0,0.0,0.0,0.0,False,False,False
2023-09-11,78.37,0.0,0.0,0.0,0.0,False,False,False
2023-09-12,79.7,0.0,0.0,0.0,0.0,False,False,False
2023-09-13,79.68,0.0,0.0,0.0,0.0,False,False,False
2023-09-14,81.12,0.0,0.0,0.0,0.0,False,False,False
2023-09-15,81.29,0.0,0.0,0.0,0.0,False,False,False
2023-09-18,81.45,0.0,0.0,0.0,0.0,False,False,False
2023-09-19,81.5,0.0,0.0,0.0,0.0,False,False,False
2023-09-20,80.14,0.0,0.0,0.0,0.0,False,False,False
2023-09-21,80.41,-7.5,0.0,0.3924007999999998,-7.8924008,True,True,False
2023-09-22,80.63,25.0,-2.1471999999999882,0.10038434999999993,22.752415650000014,True,False,False
2023-09-25,80.39,22.500000000000053,2.939999999999936,0.15153514999999962,25.28846484999999,True,False,False
2023-09-26,80.88,-19.00000000000004,-4.155199999999959,0.25072799999999995,-23.405927999999996,True,False,False
2023-09-27,82.9,-80.99999999999987,-29.653600000000157,1.0308615000000003,-111.68446150000003,True,False,False
2023-09-28,81.57,69.49999999999986,52.6015000000005,0.6305361000000002,121.47096390000036,True,False,False
2023-09-29,80.86,32.500000000000014,17.10389999999985,0.2838185999999997,49.32008139999987,True,False,False
2023-10-02,79.39,47.50000000000006,25.092899999999993,0.8923436000000001,71.70055640000004,True,False,False
2023-10-03,79.93,4.499999999999993,2.921400000000033,0.2433868500000001,7.178013150000026,True,False,False
2023-10-04,75.59,-128.5,2.9512000000000147,2.2015587500000002,-127.75035874999999,True,False,False
2023-10-05,73.99,-108.5,-92.11200000000049,0.5897002999999996,-201.20170030000048,True,False,False
2023-10-06,74.16,31.50000000000004,12.496700000000123,0.10753200000000021,43.88916800000016,True,False,False
2023-10-09,77.13,139.49999999999994,226.9376999999999,1.4970932999999995,364.9406066999998,True,False,False
2023-10-10,76.71,-13.499999999999979,-15.787800000000065,0.2378010000000001,-29.525601000000044,True,False,False
2023-10-11,75.67,-37.500000000000085,-45.54159999999966,0.5228797000000001,-83.56447969999975,True,False,False
2023-10-12,75.42,-5.999999999999961,-14.402500000000002,0.3307166999999996,-20.73321669999996,True,False,False
2023-10-13,78.99,110.99999999999996,236.97659999999954,2.6216780999999996,345.3549218999995,False,False,True
2023-10-16,78.39,0.0,0.0,0.0,0.0,False,False,False
2023-10-17,78.8,0.0,0.0,0.0,0.0,False,False,False
2023-10-18,79.84,0.0,0.0,0.0,0.0,False,False,False
2023-10-19,81.68,0.0,0.0,0.0,0.0,False,False,False
2023-10-20,80.7,-10.0,0.0,0.1230674999999999,-10.1230675,True,True,False
2023-10-23,78.89,47.000000000000064,5.520500000000002,0.79087225,51.72962775000007,True,False,False
2023-10-24,76.93,-39.50000000000004,-33.3199999999999,0.6469813000000003,-73.46698129999994,True,False,False
2023-10-25,78.46,-10.999999999999943,51.74459999999957,0.6061035,40.138496499999626,True,False,False
2023-10-26,76.89,-23.000000000000043,-28.84089999999988,0.6639451499999995,-52.504845149999916,True,False,False
2023-10-27,78.36,41.5,52.39079999999995,0.6323651999999995,93.25843479999996,True,False,False
2023-10-30,76.05,-18.00000000000006,-45.04500000000006,0.9605114999999996,-64.00551150000011,True,False,False
2023-10-31,75.02,-26.49999999999988,-46.10280000000005,0.5168878000000003,-73.11968779999994,True,False,False
2023-11-01,74.75,5.999999999999961,-15.805799999999769,0.18388500000000008,-9.989684999999808,True,False,False
2023-11-02,76.18,104.50000000000009,90.74780000000044,0.3934697,194.85433030000053,True,False,False
2023-11-03,74.85,-60.00000000000006,-70.66290000000068,0.5572582499999994,-131.2201582500007,True,False,False
2023-11-06,74.91,34.999999999999964,4.0812000000001545,0.5794288499999999,38.50177115000012,True,False,False
2023-11-07,71.8,-280.4999999999999,-259.65389999999996,0.40100300000000005,-540.5549029999997,True,False,False
2023-11-08,70.19,-148.00000000000006,-152.40259999999995,0.12809675000000018,-300.53069675,True,False,False
2023-11-09,70.25,-0.5000000000000782,5.898600000000224,0.014752499999999561,5.3838475000001464,True,False,False
2023-11-10,71.79,144.9999999999999,152.04420000000061,3.54391335,293.5002866500005,False,False,True
2023-11-13,72.92,0.0,0.0,0.0,0.0,False,False,False
2023-11-14,72.69,0.0,0.0,0.0,0.0,False,False,False
2023-11-15,71.34,0.0,0.0,0.0,0.0,False,False,False
2023-11-16,68.05,0.0,0.0,0.0,0.0,False,False,False
2023-11-17,70.75,0.0,0.0,0.0,0.0,False,False,False
2023-11-20,72.3,-17.0,0.0,0.10085849999999993,-17.1008585,True,True,False
2023-11-21,72.53,-1.499999999999968,-0.6417000000000107,0.07071675000000008,-2.2124167499999787,True,False,False
2023-11-22,71.61,4.499999999999904,4.360800000000008,0.33298650000000013,8.527813499999912,True,False,False
2023-11-24,70.82,-25.99999999999998,-3.602400000000031,0.2896538,-29.89205380000001,True,False,False
2023-11-27,69.96,8.500000000000085,-10.956399999999995,0.37253700000000006,-2.8289369999999097,True,False,False
2023-11-28,71.26,45.499999999999915,30.40700000000027,0.5098653000000002,75.39713470000018,True,False,False
2023-11-29,72.52,-17.499999999999982,11.440799999999916,0.5105407999999999,-6.5697408000000665,True,False,False
2023-11-30,70.14,90.49999999999994,11.899999999999975,0.7971411,101.60285889999992,True,False,False
2023-12-01,69.24,-15.999999999999925,-15.957000000000102,0.7311744,-32.68817440000003,True,False,False
2023-12-04,68.47,-40.000000000000036,-29.914499999999848,0.3865131499999997,-70.30101314999989,True,False,False
2023-12-05,67.58,-27.999999999999936,-44.62460000000002,0.4176444000000002,-73.04224439999996,True,False,False
2023-12-06,64.76,-208.50000000000009,-176.24999999999957,0.8930404,-385.6430403999997,True,False,False
2023-12-07,65.11,16.500000000000092,31.527999999999487,0.0654355499999997,47.96256444999958,True,False,False
2023-12-08,66.53,147.50000000000006,125.05940000000017,0.014969250000000095,272.54443075000023,True,False,False
2023-12-11,66.8,35.99999999999994,23.65739999999965,0.02505,59.6323499999996,True,False,False
2023-12-12,64.25,-242.0,-225.34349999999975,0.25121749999999976,-467.5947174999997,True,False,False
2023-12-13,65.33,54.49999999999999,103.88519999999983,0.007512949999999665,158.37768704999982,True,False,False
2023-12-14,67.16,222.99999999999994,175.60679999999985,0.1809962000000005,398.4258037999998,True,False,False
2023-12-15,67.15,-11.999999999999908,-0.9056999999991762,3.04088775,-15.946587749999082,False,False,True
2023-12-18,68.09,0.0,0.0,0.0,0.0,False,False,False
2023-12-19,69.36,0.0,0.0,0.0,0.0,False,False,False
2023-12-20,68.79,0.0,0.0,0.0,0.0,False,False,False
2023-12-21,69.03,0.0,0.0,0.0,0.0,False,False,False
2023-12-22,68.69,0.0,0.0,0.0,0.0,False,False,False
2023-12-26,70.21,0.0,0.0,0.0,0.0,False,False,False
2023-12-27,68.92,0.0,0.0,0.0,0.0,False,False,False
2023-12-28,67.18,0.0,0.0,0.0,0.0,False,False,False
2023-12-29,66.65,0.0,0.0,0.0,0.0,False,False,False
2024-01-02,65.77,-19.5,0.0,0.1035877500000001,-19.60358775,True,True,False
2024-01-03,68.19,-57.49999999999993,-7.623000000000013,0.8479426499999999,-65.97094264999994,True,False,False
2024-01-04,67.57,69.99999999999993,17.372400000000127,0.18007405000000007,87.19232595000005,True,False,False
2024-01-05,69.03,-22.000000000000064,-33.12740000000018,0.5663911500000002,-55.693791150000244,True,False,False
2024-01-08,66.4,81.50000000000013,102.83299999999983,0.9863720000000001,183.34662799999998,True,False,False
2024-01-09,67.39,2.999999999999936,-9.296099999999951,0.42826345,-6.724363450000015,True,False,False
2024-01-10,66.56,14.499999999999957,18.34299999999996,0.3048448000000001,32.53815519999992,True,False,False
2024-01-11,67.65,-16.500000000000004,-14.10460000000004,0.38459025000000013,-30.989190250000043,True,False,False
2024-01-12,68.02,-8.499999999999996,-8.994699999999765,0.2169838000000001,-17.71168379999976,True,False,False
2024-01-16,67.25,75.0,23.63129999999988,0.1523212499999999,98.47897874999988,True,False,False
2024-01-17,67.94,3.000000000000025,-18.050399999999943,0.21638889999999988,-15.266788899999918,True,False,False
2024-01-18,69.06,-25.99999999999998,-36.43360000000015,0.635352,-63.068952000000124,True,False,False
2024-01-19,68.82,46.0,12.223200000000464,0.08705730000000003,58.13614270000046,True,False,False
2024-01-22,69.69,-56.49999999999995,-42.10800000000022,0.52302345,-99.13102345000017,True,False,False
2024-01-23,69.66,19.99999999999993,1.902300000000072,0.06234570000000021,21.8399543,True,False,False
2024-01-24,70.54,-39.49999999999996,-57.37600000000063,0.38303219999999955,-97.25903220000059,True,False,False
2024-01-25,72.23,-160.50000000000006,-128.5413999999998,0.49296975000000076,-289.5343697499998,True,False,False
2024-01-26,73.1,-95.49999999999994,-78.04769999999914,3.2789005,-176.82660049999907,False,False,True
2024-01-29,72.05,0.0,0.0,0.0,0.0,False,False,False
2024-01-30,72.81,0.0,0.0,0.0,0.0,False,False,False
2024-01-31,70.92,0.0,0.0,0.0,0.0,False,False,False
2024-02-01,69.07,0.0,0.0,0.0,0.0,False,False,False
2024-02-02,67.51,0.0,0.0,0.0,0.0,False,False,False
2024-02-05,68.18,0.0,0.0,0.0,0.0,False,False,False
2024-02-06,68.81,0.0,0.0,0.0,0.0,False,False,False
2024-02-07,69.42,0.0,0.0,0.0,0.0,False,False,False
2024-02-08,71.52,0.0,0.0,0.0,0.0,False,False,False
2024-02-09,71.67,0.0,0.0,0.0,0.0,False,False,False
2024-02-12,72.11,0.0,0.0,0.0,0.0,False,False,False
2024-02-13,72.65,0.0,0.0,0.0,0.0,False,False,False
2024-02-14,71.55,0.0,0.0,0.0,0.0,False,False,False
2024-02-15,72.84,0.0,0.0,0.0,0.0,False,False,False
2024-02-16,73.41,0.0,0.0,0.0,0.0,False,False,False
2024-02-20,72.42,-147.0,0.0,0.14592629999999984,-147.1459263,True,True,False
2024-02-21,73.2,96.00000000000009,-3.1434000000000006,0.31585800000000014,92.54074200000008,True,False,False
2024-02-22,73.6,7.999999999999918,-5.063999999999892,0.2645920000000001,2.6714080000000267,True,False,False
2024-02-23,71.92,17.499999999999982,33.34799999999986,0.8616016000000002,49.98639839999984,True,False,False
2024-02-26,72.79,15.000000000000036,3.575700000000021,0.5018870500000002,18.073812950000057,True,False,False
2024-02-27,73.85,1.499999999999968,-10.260799999999884,0.5040262500000001,-9.264826249999917,True,False,False
2024-02-28,73.62,73.50000000000003,5.365899999999762,0.01582830000000012,78.85007169999979,True,False,False
2024-02-29,73.36,13.999999999999968,5.954000000000117,0.04988479999999985,19.904115200000085,True,False,False
2024-03-01,74.96,-95.5,-34.463999999999885,0.5985555999999999,-130.56255559999988,True,False,False
2024-03-04,74.01,63.000000000000036,35.63449999999957,0.29418975,98.3403102499996,True,False,False
2024-03-05,73.45,-2.50000000000008,16.553600000000067,0.3999352500000001,13.653664749999987,True,False,False
2024-03-06,74.34,15.00000000000008,-16.61630000000001,0.5612670000000002,-2.1775669999999296,True,False,False
2024-03-07,74.23,13.499999999999979,3.714699999999981,0.0374861500000002,17.17721384999996,True,False,False
2024-03-08,73.36,48.0,28.501200000000146,0.5542347999999997,75.94696520000015,True,False,False
2024-03-11,73.62,10.499999999999998,-4.589000000000092,0.3000014999999996,5.610998499999907,True,False,False
2024-03-12,73.35,25.0,6.966000000000262,0.18337499999999973,31.782625000000266,True,False,False
2024-03-13,75.09,-63.50000000000002,-36.19200000000019,1.4875328999999997,-101.17953290000021,True,False,False
2024-03-14,76.3,-71.49999999999999,-73.10819999999961,0.5783540000000001,-145.1865539999996,True,False,False
2024-03-15,76.33,-8.500000000000037,-2.267400000000086,2.8845107,-13.651910700000123,False,False,True
2024-03-18,77.98,0.0,0.0,0.0,0.0,False,False,False
2024-03-19,78.43,0.0,0.0,0.0,0.0,False,False,False
2024-03-20,77.25,0.0,0.0,0.0,0.0,False,False,False
2024-03-21,76.82,0.0,0.0,0.0,0.0,False,False,False
2024-03-22,76.68,0.0,0.0,0.0,0.0,False,False,False
2024-03-25,77.76,0.0,0.0,0.0,0.0,False,False,False
2024-03-26,77.29,0.0,0.0,0.0,0.0,False,False,False
2024-03-27,77.51,0.0,0.0,0.0,0.0,False,False,False
2024-03-28,78.73,0.0,0.0,0.0,0.0,False,False,False
2024-04-01,79.67,0.0,0.0,0.0,0.0,False,False,False
2024-04-02,80.79,0.0,0.0,0.0,0.0,False,False,False
2024-04-03,81.25,0.0,0.0,0.0,0.0,False,False,False
2024-04-04,82.27,-37.5,0.0,0.06787275000000029,-37.56787275,True,True,False
2024-04-05,82.4,10.000000000000053,-0.21450000000001684,0.0337839999999997,9.751716000000037,True,False,False
2024-04-08,82.2,74.50000000000001,0.494000000000007,0.07110300000000015,74.92289700000003,True,False,False
2024-04-09,81.15,6.99999999999994,0.7769999999999939,0.7250752499999996,7.051924749999934,True,False,False
2024-04-10,82.09,-8.499999999999996,16.102199999999957,0.5639582999999999,7.038241699999961,True,False,False
2024-04-11,81.55,2.5000000000000355,-1.8306000000000207,0.27441575000000007,0.3949842500000148,True,False,False
2024-04-12,81.53,-2.5000000000000355,-0.20239999999995975,0.024866649999999758,-2.7272666499999954,True,False,False
2024-04-15,81.65,-25.49999999999999,1.2876000000000483,0.061645749999999784,-24.274045749999942,True,False,False
2024-04-16,81.33,37.5,-2.9504000000000685,0.12362160000000019,34.425978399999934,True,False,False
2024-04-17,78.91,-80.49999999999997,-29.669200000000032,1.3323953499999999,-111.50159535,True,False,False
2024-04-18,78.78,35.49999999999996,-5.983899999999791,0.2509143000000002,29.265185700000163,True,False,False
2024-04-19,78.85,17.499999999999982,3.667999999999643,0.015375750000000302,21.152624249999626,True,False,False
2024-04-22,78.78,28.500000000000103,-3.640699999999645,0.3982329,24.46106710000046,True,False,False
2024-04-23,79.98,98.49999999999994,74.54400000000017,0.5310671999999999,172.5129328000001,True,False,False
2024-04-24,79.64,-4.499999999999993,-16.605600000000166,0.44877140000000015,-21.55437140000016,True,False,False
2024-04-25,80.44,60.5,48.08799999999984,0.5091852000000004,108.07881479999983,True,False,False
2024-04-26,80.39,8.000000000000018,-2.372499999999865,1.9072527499999998,3.7202472500001527,False,False,True
2024-04-29,79.5,0.0,0.0,0.0,0.0,False,False,False
2024-04-30,78.38,0.0,0.0,0.0,0.0,False,False,False
2024-05-01,75.93,0.0,0.0,0.0,0.0,False,False,False
2024-05-02,75.93,0.0,0.0,0.0,0.0,False,False,False
2024-05-03,75.13,-9.000000000000114,0.0,0.16641294999999984,-9.166412950000113,True,True,False
2024-05-06,75.66,8.499999999999996,-2.3479000000000023,0.29847870000000004,5.853621299999993,True,False,False
2024-05-07,75.5,28.500000000000057,1.9711999999999574,0.021139999999999753,30.450060000000015,True,False,False
2024-05-08,76.11,-2.0000000000000018,-7.173599999999995,0.41251619999999983,-9.586116199999998,True,False,False
2024-05-09,76.52,-2.5000000000000355,-9.265999999999922,0.2238209999999999,-11.989820999999957,True,False,False
2024-05-10,75.3,42.000000000000036,34.70899999999996,0.6709229999999998,76.038077,True,False,False
2024-05-13,76.13,-1.000000000000023,-8.822899999999983,0.5827751499999999,-10.405675150000006,True,False,False
2024-05-14,75.21,23.0,23.864800000000045,0.7280327999999999,46.136767200000044,True,False,False
2024-05-15,75.88,10.499999999999998,-4.408600000000013,0.4734911999999999,5.617908799999985,True,False,False
2024-05-16,76.25,3.000000000000025,-7.052200000000086,0.3953562500000001,-4.447556250000061,True,False,False
2024-05-17,76.97,-10.000000000000053,-21.189599999999967,0.6731026499999998,-31.86270265000002,True,False,False
2024-05-20,76.73,28.500000000000057,11.260799999999758,0.11087484999999976,39.64992514999982,True,False,False
2024-05-21,76.16,38.50000000000002,25.097100000000324,0.45810239999999974,63.138997600000344,True,False,False
2024-05-22,74.87,28.999999999999957,41.27999999999975,1.2241245000000003,69.05587549999971,True,False,False
2024-05-23,74.45,6.000000000000005,-0.2940000000000015,0.5159385,5.190061500000004,True,False,False
2024-05-24,75.35,32.00000000000001,13.103999999999877,0.548548,44.55545199999989,False,False,True
2024-05-28,77.66,0.0,0.0,0.0,0.0,False,False,False
2024-05-29,76.57,0.0,0.0,0.0,0.0,False,False,False
2024-05-30,75.53,0.0,0.0,0.0,0.0,False,False,False
2024-05-31,74.82,0.0,0.0,0.0,0.0,False,False,False
2024-06-03,71.83,-17.999999999999943,0.0,0.06752020000000014,-18.067520199999944,True,True,False
2024-06-04,71.09,14.500000000000046,1.3911999999999933,0.3849523500000001,15.50624765000004,True,False,False
2024-06-05,71.89,20.999999999999996,7.159999999999973,0.4158836499999999,27.744116349999967,True,False,False
2024-06-06,73.26,4.499999999999993,-3.589400000000012,0.7509150000000001,0.15968499999998087,True,False,False
2024-06-07,73.02,24.499999999999922,5.5488000000002105,0.11537160000000025,29.933428400000132,True,False,False
2024-06-10,75.46,-89.49999999999996,-48.70239999999994,1.3262095000000005,-139.5286094999999,True,False,False
2024-06-11,75.51,2.999999999999936,-2.7555000000006267,0.04530599999999984,0.19919399999930953,True,False,False
2024-06-12,75.98,-19.49999999999985,-26.465699999999938,0.2583319999999999,-46.22403199999979,True,False,False
2024-06-13,75.74,16.999999999999993,15.146400000000574,0.011739700000000354,32.13466030000057,True,False,False
2024-06-14,76.08,-17.99999999999997,-21.56280000000022,0.12286919999999935,-39.68566920000019,True,False,False
2024-06-17,77.79,-59.500000000000064,-113.97150000000052,0.52702725,-173.9985272500006,True,False,False
2024-06-18,78.67,-123.50000000000003,-70.57599999999962,0.25607085000000074,-194.33207084999967,True,False,False
2024-06-20,79.41,-223.50000000000006,-64.16539999999956,3.4428205500000004,-291.10822054999966,False,False,True
2024-06-21,78.65,0.0,0.0,0.0,0.0,False,False,False
2024-06-24,79.7,0.0,0.0,0.0,0.0,False,False,False
2024-06-25,78.9,0.0,0.0,0.0,0.0,False,False,False
2024-06-26,78.75,0.0,0.0,0.0,0.0,False,False,False
2024-06-27,79.92,0.0,0.0,0.0,0.0,False,False,False
2024-06-28,79.59,0.0,0.0,0.0,0.0,False,False,False
2024-07-01,81.54,0.0,0.0,0.0,0.0,False,False,False
2024-07-02,81.11,0.0,0.0,0.0,0.0,False,False,False
2024-07-03,81.27,0.0,0.0,0.0,0.0,False,False,False
2024-07-05,81.31,0.0,0.0,0.0,0.0,False,False,False
2024-07-08,80.42,0.0,0.0,0.0,0.0,False,False,False
2024-07-09,79.77,0.0,0.0,0.0,0.0,False,False,False
2024-07-10,80.48,0.0,0.0,0.0,0.0,False,False,False
2024-07-11,80.94,0.0,0.0,0.0,0.0,False,False,False
2024-07-12,80.25,0.0,0.0,0.0,0.0,False,False,False
2024-07-15,80.12,0.0,0.0,0.0,0.0,False,False,False
2024-07-16,79.06,0.0,0.0,0.0,0.0,False,False,False
2024-07-17,80.62,0.0,0.0,0.0,0.0,False,False,False
2024-07-18,79.9,0.0,0.0,0.0,0.0,False,False,False
2024-07-19,78.0,0.0,0.0,0.0,0.0,False,False,False
2024-07-22,77.62,0.0,0.0,0.0,0.0,False,False,False
2024-07-23,76.62,0.0,0.0,0.0,0.0,False,False,False
2024-07-24,76.81,0.0,0.0,0.0,0.0,False,False,False
2024-07-25,77.46,0.0,0.0,0.0,0.0,False,False,False
2024-07-26,76.11,-23.5,0.0,0.1575477000000002,-23.6575477,True,True,False
2024-07-29,75.19,13.500000000000068,3.8088000000000117,0.41655260000000005,16.89224740000008,True,False,False
2024-07-30,74.46,-11.500000000000021,-5.066200000000024,0.46649190000000007,-17.032691900000046,True,False,False
2024-07-31,77.74,-81.50000000000004,63.86160000000002,1.7487612999999997,-19.387161300000024,True,False,False
2024-08-01,76.29,61.500000000000114,37.00399999999971,0.6133716000000002,97.89062839999983,True,False,False
2024-08-02,73.39,-77.00000000000014,27.376000000000047,1.4303711,-51.0543711000001,True,False,False
2024-08-05,73.22,-38.99999999999988,-5.0218000000000504,0.1153215000000002,-44.13712149999993,True,False,False
2024-08-06,72.45,34.499999999999886,-25.171299999999874,0.25792199999999993,9.070778000000011,True,False,False
2024-08-07,74.69,95.5,89.1743999999998,0.9668620500000003,183.70753794999982,True,False,False
2024-08-08,75.36,58.00000000000005,9.326400000000023,0.267528,67.05887200000008,True,False,False
2024-08-09,76.22,29.000000000000004,5.865199999999994,0.5762231999999998,34.2889768,True,False,False
2024-08-12,78.63,-64.99999999999999,-20.002999999999965,1.62174375,-86.62474374999995,True,False,False
2024-08-13,77.64,88.49999999999997,49.05449999999975,0.6281076000000003,136.92639239999974,True,False,False
2024-08-14,76.59,50.0,35.0384999999999,0.6977348999999998,84.3407650999999,True,False,False
2024-08-15,77.41,-3.000000000000025,-12.422999999999899,0.78455035,-16.207550349999924,True,False,False
2024-08-16,76.32,51.0,38.607800000000125,1.3516272,88.25617280000013,False,False,True
2024-08-19,74.38,0.0,0.0,0.0,0.0,False,False,False
2024-08-20,73.83,0.0,0.0,0.0,0.0,False,False,False
2024-08-21,72.6,0.0,0.0,0.0,0.0,False,False,False
2024-08-22,73.58,0.0,0.0,0.0,0.0,False,False,False
2024-08-23,75.55,0.0,0.0,0.0,0.0,False,False,False
2024-08-26,77.83,0.0,0.0,0.0,0.0,False,False,False
2024-08-27,76.49,0.0,0.0,0.0,0.0,False,False,False
2024-08-28,75.48,0.0,0.0,0.0,0.0,False,False,False
2024-08-29,76.77,0.0,0.0,0.0,0.0,False,False,False
2024-08-30,74.34,0.0,0.0,0.0,0.0,False,False,False
2024-09-03,71.09,0.0,0.0,0.0,0.0,False,False,False
2024-09-04,69.61,-30.5,0.0,0.2418947500000002,-30.74189475,True,True,False
2024-09-05,69.89,32.500000000000014,-1.9460000000000097,0.13908109999999982,30.414918900000007,True,False,False
2024-09-06,68.93,4.499999999999993,10.492799999999933,0.5042229500000001,14.488577049999925,True,False,False
2024-09-09,69.27,34.49999999999997,1.2579999999999592,0.22027859999999994,35.53772139999993,True,False,False
2024-09-10,66.96,-45.000000000000014,6.1446000000000085,1.0151135999999998,-39.8705136,True,False,False
2024-09-11,67.85,41.5,24.617400000000014,0.3775852500000002,65.73981475000002,True,False,False
2024-09-12,69.89,28.500000000000103,33.72120000000009,0.9529501499999999,61.268249850000196,True,False,False
2024-09-13,69.84,29.499999999999904,0.5369999999999695,0.10022040000000022,29.936779599999873,True,False,False
2024-09-16,70.88,1.0000000000000675,-8.184799999999932,0.6124032,-7.797203199999864,True,False,False
2024-09-17,71.72,-22.000000000000064,-21.126000000000083,0.4564978,-43.58249780000015,True,False,False
2024-09-18,70.66,48.00000000000004,40.152800000000084,0.5168778999999998,87.63592210000013,True,False,False
2024-09-19,72.75,-50.50000000000008,-48.592500000000086,1.1479949999999999,-100.24049500000017,True,False,False
2024-09-20,72.92,0.9999999999999787,-9.317700000000094,0.24355279999999999,-8.561252800000116,True,False,False
2024-09-23,72.25,73.00000000000004,41.1983000000001,0.3178999999999999,113.88040000000015,True,False,False
2024-09-24,73.29,-64.49999999999996,-54.79760000000034,0.5643329999999995,-119.8619330000003,True,False,False
2024-09-25,71.48,119.50000000000003,123.24290000000013,0.9399619999999994,241.80293800000015,True,False,False
2024-09-26,69.01,23.499999999999986,103.22129999999997,1.6862593500000003,125.03504064999996,True,False,False
2024-09-27,70.27,1.4999999999999893,8.920799999999932,0.24875579999999992,10.172044199999922,False,False,True
2024-09-30,69.92,0.0,0.0,0.0,0.0,False,False,False
2024-10-01,72.11,0.0,0.0,0.0,0.0,False,False,False
2024-10-02,72.76,0.0,0.0,0.0,0.0,False,False,False
2024-10-03,75.73,-44.999999999999886,0.0,0.18478119999999984,-45.18478119999989,True,True,False
2024-10-04,76.35,122.49999999999987,-3.02559999999995,0.15002775000000018,119.32437224999991,True,False,False
2024-10-07,79.2,-53.00000000000003,-25.108500000000078,0.9464399999999997,-79.0549400000001,True,False,False
2024-10-08,75.79,9.500000000000064,111.54109999999987,1.1228288499999999,119.91827114999994,True,False,False
2024-10-09,75.25,93.49999999999996,1.6632000000000189,0.14673749999999994,95.01646249999997,True,False,False
2024-10-10,77.77,-61.50000000000002,2.066399999999993,0.8504149499999999,-60.28401495000003,True,False,False
2024-10-11,77.49,26.000000000000068,5.894000000000023,0.1693156499999999,31.72468435000009,True,False,False
2024-10-14,75.93,62.5,26.0207999999998,0.49658220000000014,88.02421779999979,True,False,False
2024-10-15,72.76,50.99999999999998,11.411999999999999,1.2154558,61.19654419999998,True,False,False
2024-10-16,72.4,22.000000000000064,-10.731599999999982,0.2262499999999999,11.042150000000081,True,False,False
2024-10-17,72.62,2.999999999999936,7.933199999999958,0.05156019999999981,10.881639799999894,True,False,False
2024-10-18,71.38,-27.500000000000036,-42.953600000000314,0.6513424999999999,-71.10494250000035,True,False,False
2024-10-21,72.26,81.00000000000006,46.54320000000051,0.41946930000000004,127.12373070000056,True,False,False
2024-10-22,73.98,83.5,71.00159999999995,0.6510239999999998,153.85057599999993,True,False,False
2024-10-23,73.55,-15.500000000000025,-10.182400000000165,0.34678824999999946,-26.02918825000019,True,False,False
2024-10-24,73.06,-5.999999999999961,-16.223899999999826,0.3247517000000003,-22.548651699999787,True,False,False
2024-10-25,74.23,28.0,49.14000000000007,1.5588300000000002,75.58117000000007,False,False,True
2024-10-28,70.43,0.0,0.0,0.0,0.0,False,False,False
2024-10-29,69.66,0.0,0.0,0.0,0.0,False,False,False
2024-10-30,71.36,0.0,0.0,0.0,0.0,False,False,False
2024-10-31,73.08,0.0,0.0,0.0,0.0,False,False,False
2024-11-01,72.02,0.0,0.0,0.0,0.0,False,False,False
2024-11-04,74.29,-149.5,0.0,0.0787474,-149.5787474,True,True,False
2024-11-05,74.73,0.4999999999999005,-0.9327999999999951,0.1800993000000001,-0.6128993000000946,True,False,False
2024-11-06,74.54,26.500000000000057,1.3185999999999845,0.017889600000000117,27.800710400000042,True,False,False
2024-11-07,74.66,57.00000000000003,-0.8903999999999288,0.024264500000000046,56.0853355000001,True,False,False
2024-11-08,73.13,65.00000000000003,12.347100000000017,0.7005854000000004,76.64651460000005,True,False,False
2024-11-11,70.94,-42.000000000000085,-24.287099999999985,0.9034208999999997,-67.19052090000007,True,False,False
2024-11-12,70.69,75.49999999999999,-9.139999999999999,0.6319686000000001,65.72803139999999,True,False,False
2024-11-13,70.73,-60.499999999999865,2.17760000000034,0.5545232,-58.876923199999524,True,False,False
2024-11-14,71.29,47.99999999999996,21.705600000000086,0.10016244999999983,69.60543755000005,True,False,False
2024-11-15,69.75,-67.99999999999997,-55.36300000000023,0.6137999999999999,-123.9768000000002,True,False,False
2024-11-18,72.07,143.99999999999994,124.23599999999963,0.8623175499999998,267.3736824499996,True,False,False
2024-11-19,72.31,-14.999999999999947,7.10880000000027,0.1113574000000002,-8.002557399999677,True,False,False
2024-11-20,72.02,42.99999999999997,-7.696600000000164,0.2920411000000001,35.011358899999806,True,False,False
2024-11-21,73.2,56.49999999999999,40.887000000000235,0.6101219999999999,96.77687800000022,True,False,False
2024-11-22,74.25,27.99999999999998,18.878999999999948,0.60699375,46.272006249999926,True,False,False
2024-11-25,72.1,-27.499999999999993,-3.504500000000017,1.4257775000000001,-32.43027750000001,True,False,False
2024-11-26,71.61,-0.9999999999999787,-20.178199999999794,0.42464729999999973,-21.602847299999773,True,False,False
2024-11-27,71.72,38.99999999999997,5.834399999999969,0.17822419999999997,44.656175799999936,True,False,False
2024-11-29,71.61,-23.500000000000014,-6.381099999999967,2.0770480499999997,-31.95814804999998,False,False,True
2024-12-02,71.04,0.0,0.0,0.0,0.0,False,False,False
2024-12-03,73.04,0.0,0.0,0.0,0.0,False,False,False
2024-12-04,71.88,0.0,0.0,0.0,0.0,False,False,False
2024-12-05,71.47,0.0,0.0,0.0,0.0,False,False,False
2024-12-06,70.24,0.0,0.0,0.0,0.0,False,False,False
2024-12-09,71.17,0.0,0.0,0.0,0.0,False,False,False
2024-12-10,71.4,0.0,0.0,0.0,0.0,False,False,False
2024-12-11,73.33,0.0,0.0,0.0,0.0,False,False,False
2024-12-12,73.21,0.0,0.0,0.0,0.0,False,False,False
2024-12-13,74.21,0.0,0.0,0.0,0.0,False,False,False
2024-12-16,73.7,0.0,0.0,0.0,0.0,False,False,False
2024-12-17,73.3,0.0,0.0,0.0,0.0,False,False,False
2024-12-18,72.94,0.0,0.0,0.0,0.0,False,False,False
2024-12-19,72.61,0.0,0.0,0.0,0.0,False,False,False
2024-12-20,73.1,0.0,0.0,0.0,0.0,False,False,False
2024-12-23,73.06,0.0,0.0,0.0,0.0,False,False,False
2024-12-24,73.65,-149.0,0.0,0.14324924999999997,-149.14324925,True,True,False
2024-12-26,73.13,81.49999999999994,2.0228000000000392,0.18282499999999993,83.339975,True,False,False
2024-12-27,73.85,33.999999999999986,0.7991999999999987,0.31644725,34.48275274999998,True,False,False
2024-12-30,74.82,12.99999999999999,-7.236199999999991,0.5981858999999998,5.165614099999998,True,False,False
2024-12-31,75.55,-27.999999999999936,-17.118500000000093,0.41552499999999987,-45.53402500000003,True,False,False
2025-01-02,76.93,8.999999999999986,-47.541000000000324,1.2778073000000003,-39.81880730000034,True,False,False
2025-01-03,77.92,-70.5,-66.99329999999965,0.07480320000000007,-137.56810319999963,True,False,False
2025-01-06,77.3,68.00000000000006,40.7650000000003,0.3868865000000002,108.37811350000035,True,False,False
2025-01-07,78.17,-80.00000000000007,-65.91120000000035,0.18096354999999983,-146.0921635500004,True,False,False
2025-01-08,77.3,76.00000000000007,61.88310000000033,0.2558630000000002,137.6272370000004,True,False,False
2025-01-10,80.64,-225.50000000000009,-215.46340000000023,0.8305919999999998,-441.79399200000034,True,False,False
2025-01-13,82.23,-361.4999999999999,-135.3249000000003,3.49929765,-500.3241976500002,False,False,True
2025-01-14,81.67,0.0,0.0,0.0,0.0,False,False,False
2025-01-15,84.34,0.0,0.0,0.0,0.0,False,False,False
2025-01-16,82.94,0.0,0.0,0.0,0.0,False,False,False
2025-01-17,82.52,0.0,0.0,0.0,0.0,False,False,False
2025-01-21,81.11,0.0,0.0,0.0,0.0,False,False,False
2025-01-22,80.43,-8.5,0.0,0.4077800999999998,-8.9077801,True,True,False
2025-01-23,79.21,29.499999999999993,12.370800000000125,0.6800178499999997,41.19078215000012,True,False,False
2025-01-24,79.6,34.499999999999886,2.741700000000005,0.1993980000000001,37.04230199999989,True,False,False
2025-01-27,77.93,-21.999999999999886,-3.373399999999974,0.8833365499999999,-26.25673654999986,True,False,False
2025-01-28,78.86,15.499999999999936,22.961699999999812,0.5200816999999995,37.94161829999975,True,False,False
2025-01-29,77.78,-19.50000000000003,-12.419999999999986,0.6327402999999996,-32.55274030000002,True,False,False
2025-01-30,77.75,22.500000000000053,-0.8331000000000315,0.24141374999999976,21.425486250000024,True,False,False
2025-01-31,78.02,21.999999999999975,5.821199999999915,0.6027045000000001,27.21849549999989,True,False,False
2025-02-03,77.82,3.500000000000014,-7.402000000000106,0.23851830000000035,-4.140518300000092,True,False,False
2025-02-04,77.51,13.499999999999979,-9.57279999999963,0.22167860000000025,3.705521400000349,True,False,False
2025-02-05,76.09,-49.500000000000014,-51.972000000000065,0.9435160000000006,-102.41551600000008,True,False,False
2025-02-06,75.45,-35.50000000000004,-39.29600000000004,0.3923399999999994,-75.18834000000008,True,False,False
2025-02-07,75.86,48.50000000000003,29.437999999999754,0.03830929999999965,77.8996906999998,True,False,False
2025-02-10,77.4,110.50000000000004,109.01660000000045,0.7449750000000004,218.77162500000048,True,False,False
2025-02-11,78.27,67.0,44.8397999999995,0.5091463499999999,111.3306536499995,True,False,False
2025-02-12,76.32,-116.00000000000001,-75.13350000000011,1.3149935999999995,-192.44849360000015,True,False,False
2025-02-13,76.39,15.000000000000036,5.109300000000539,0.14017565000000007,19.969124350000573,True,False,False
2025-02-14,75.82,-100.0,-43.696200000000566,2.9061806,-146.60238060000057,False,False,True
2025-02-18,76.96,0.0,0.0,0.0,0.0,False,False,False
2025-02-19,77.45,0.0,0.0,0.0,0.0,False,False,False
2025-02-20,77.76,0.0,0.0,0.0,0.0,False,False,False
2025-02-21,75.35,-9.0,0.0,0.38880600000000026,-9.388806,True,True,False
2025-02-24,75.97,13.999999999999968,-6.398400000000051,0.35326049999999964,7.248339499999918,True,False,False
2025-02-25,74.13,12.5,36.10080000000006,1.0637655,47.53703450000006,True,False,False
2025-02-26,73.85,21.999999999999975,-2.5424000000000118,0.05612599999999991,19.401473999999965,True,False,False
2025-02-27,75.28,5.50000000000006,15.158000000000078,0.7814064,19.876593600000135,True,False,False
2025-02-28,75.22,13.499999999999979,0.6096000000000229,0.17338209999999993,13.936217900000003,True,False,False
2025-03-03,73.32,-14.999999999999947,10.54500000000003,1.2127128,-5.667712799999917,True,False,False
2025-03-04,73.31,25.99999999999998,-0.2752999999997497,0.18254190000000028,25.54215810000023,True,False,False
2025-03-05,71.42,-81.49999999999994,-42.61950000000001,1.2380657000000004,-125.35756569999997,True,False,False
2025-03-06,71.13,-2.000000000000046,-16.59380000000036,0.06650654999999965,-18.660306550000406,True,False,False
2025-03-07,72.09,86.49999999999997,56.72640000000047,0.2883600000000003,142.93804000000043,True,False,False
2025-03-10,70.89,-70.99999999999996,-61.308000000000135,0.9807631500000001,-133.2887631500001,True,False,False
2025-03-11,71.45,54.4999999999999,44.10560000000017,0.5037224999999993,98.10187750000007,True,False,False
2025-03-12,72.8,108.50000000000004,87.29099999999964,0.4018560000000002,195.38914399999967,True,False,False
2025-03-13,71.62,-82.99999999999996,-63.27159999999961,0.6177225000000001,-146.8893224999996,True,False,False
2025-03-14,72.28,57.499999999999964,46.77419999999976,2.5612418000000003,101.71295819999972,False,False,True
2025-03-17,72.71,0.0,0.0,0.0,0.0,False,False,False
2025-03-18,72.21,0.0,0.0,0.0,0.0,False,False,False
2025-03-19,72.42,0.0,0.0,0.0,0.0,False,False,False
2025-03-20,73.73,0.0,0.0,0.0,0.0,False,False,False
2025-03-21,73.79,0.0,0.0,0.0,0.0,False,False,False
2025-03-24,74.88,0.0,0.0,0.0,0.0,False,False,False
2025-03-25,74.82,0.0,0.0,0.0,0.0,False,False,False
2025-03-26,75.42,0.0,0.0,0.0,0.0,False,False,False
2025-03-27,75.48,0.0,0.0,0.0,0.0,False,False,False
2025-03-28,74.77,0.0,0.0,0.0,0.0,False,False,False
2025-03-31,77.33,0.0,0.0,0.0,0.0,False,False,False
2025-04-01,77.08,0.0,0.0,0.0,0.0,False,False,False
2025-04-02,77.74,0.0,0.0,0.0,0.0,False,False,False
2025-04-03,72.25,0.0,0.0,0.0,0.0,False,False,False
2025-04-04,67.92,0.0,0.0,0.0,0.0,False,False,False
2025-04-07,65.98,-167.50000000000006,0.0,0.28008510000000014,-167.78008510000006,True,True,False
2025-04-08,63.34,-151.99999999999994,22.413600000000013,0.8972111,-130.48361109999993,True,False,False
2025-04-09,67.58,122.49999999999997,84.12159999999989,1.4262758999999998,205.19532409999985,True,False,False
2025-04-10,65.32,-18.49999999999996,50.55620000000012,0.8524259999999999,31.20377400000016,True,False,False
2025-04-11,66.46,-4.999999999999982,4.252200000000002,0.46355850000000015,-1.2113584999999805,True,False,False
2025-04-14,66.66,116.49999999999991,-2.0440000000000302,0.10832249999999993,114.34767749999989,True,False,False
2025-04-15,66.48,55.49999999999997,2.4245999999999013,0.08343240000000006,57.84116759999987,True,False,False
2025-04-16,67.75,-25.4999999999999,-13.91919999999996,0.4579899999999998,-39.877189999999864,True,False,False
2025-04-17,69.48,-65.00000000000003,-42.35040000000009,0.7093908000000001,-108.05979080000012,True,False,False
2025-04-21,68.62,68.00000000000006,38.613999999999976,0.29712459999999996,106.31687540000003,True,False,False
2025-04-22,69.37,-30.00000000000016,-27.18,0.32361105000000023,-57.50361105000016,True,False,False
2025-04-23,68.05,62.500000000000085,60.15240000000035,0.5518855000000004,122.10051450000043,True,False,False
2025-04-24,68.46,-7.000000000000028,-12.033499999999899,0.22831410000000016,-19.261814099999924,True,False,False
2025-04-25,69.03,-10.999999999999943,-20.531400000000268,0.27128789999999975,-31.802687900000212,True,False,False
2025-04-28,67.76,83.5,55.72759999999982,0.4838064000000001,138.74379359999983,True,False,False
2025-04-29,65.85,10.500000000000043,56.53600000000031,0.9074129999999997,66.12858700000034,True,False,False
2025-04-30,63.56,-54.00000000000009,4.67159999999999,1.0671724000000002,-50.3955724000001,True,False,False
2025-05-01,64.52,47.000000000000064,30.278399999999806,0.4135732,76.86482679999986,True,False,False
2025-05-02,64.01,-6.500000000000017,-9.547199999999831,0.5991336000000002,-16.64633359999985,False,False,True
2025-05-05,62.37,0.0,0.0,0.0,0.0,False,False,False
2025-05-06,64.6,0.0,0.0,0.0,0.0,False,False,False
2025-05-07,63.51,0.0,0.0,0.0,0.0,False,False,False
2025-05-08,65.6,-115.00000000000006,0.0,0.22468000000000002,-115.22468000000006,True,True,False
2025-05-09,66.61,25.500000000000078,-6.918500000000035,0.37601344999999975,18.205486550000042,True,False,False
2025-05-12,67.6,6.49999999999995,-17.9585999999999,0.3741660000000002,-11.832765999999951,True,False,False
2025-05-13,69.59,-92.99999999999997,-58.12790000000027,0.7501802000000002,-151.87808020000023,True,False,False
2025-05-14,68.73,66.9999999999999,43.66219999999998,0.25533195000000025,110.40686804999987,True,False,False
2025-05-15,67.59,45.5000000000001,49.40760000000002,0.4802269499999997,94.42737305000011,True,False,False
2025-05-16,68.1,-10.500000000000043,-14.856299999999738,0.30168300000000003,-25.65798299999978,True,False,False
2025-05-19,68.51,31.00000000000005,-15.575900000000415,0.1459262999999997,15.278173699999636,True,False,False
2025-05-20,68.66,9.499999999999975,-6.33749999999964,0.2228017000000003,2.939698300000335,True,False,False
2025-05-21,67.59,32.500000000000014,52.151799999999675,0.3338946000000001,84.3179053999997,True,False,False
2025-05-22,67.14,20.500000000000007,17.487000000000112,0.2652030000000003,37.72179700000012,True,False,False
2025-05-23,67.99,-25.00000000000009,-26.31599999999982,0.3249922000000002,-51.64099219999991,True,False,False
2025-05-27,67.28,75.0,28.76919999999975,0.2613828000000001,103.50781719999975,True,False,False
2025-05-28,67.89,-2.999999999999936,-19.97749999999998,0.4008904500000001,-23.378390449999916,True,False,False
2025-05-29,67.19,69.49999999999994,31.192000000000128,0.16999070000000008,100.52200930000006,True,False,False
2025-05-30,67.15,-23.999999999999964,1.5799999999996857,1.3262125,-23.74621250000028,False,False,True
2025-06-02,69.55,0.0,0.0,0.0,0.0,False,False,False
2025-06-03,69.89,0.0,0.0,0.0,0.0,False,False,False
2025-06-04,69.34,0.0,0.0,0.0,0.0,False,False,False
2025-06-05,69.93,0.0,0.0,0.0,0.0,False,False,False
2025-06-06,71.38,0.0,0.0,0.0,0.0,False,False,False
2025-06-09,72.05,0.0,0.0,0.0,0.0,False,False,False
2025-06-10,71.6,0.0,0.0,0.0,0.0,False,False,False
2025-06-11,74.82,-30.5,0.0,0.05723729999999971,-30.5572373,True,True,False
2025-06-12,75.05,-122.00000000000006,-0.3519000000000044,0.13959300000000024,-122.49149300000006,True,False,False
2025-06-13,80.22,-229.9999999999999,-27.142500000000005,1.5482460000000005,-258.6907459999999,True,False,False
2025-06-16,78.59,116.49999999999991,71.47549999999981,0.43853220000000015,187.53696779999973,True,False,False
2025-06-17,82.3,-422.9999999999999,-121.27989999999981,1.3451935000000002,-545.6250934999997,False,False,True
2025-06-18,82.27,0.0,0.0,0.0,0.0,False,False,False
2025-06-20,83.12,0.0,0.0,0.0,0.0,False,False,False
2025-06-23,76.41,0.0,0.0,0.0,0.0,False,False,False
2025-06-24,73.0,0.0,0.0,0.0,0.0,False,False,False
2025-06-25,73.31,0.0,0.0,0.0,0.0,False,False,False
2025-06-26,73.59,0.0,0.0,0.0,0.0,False,False,False
2025-06-27,73.28,0.0,0.0,0.0,0.0,False,False,False
2025-06-30,73.11,0.0,0.0,0.0,0.0,False,False,False
2025-07-01,73.93,0.0,0.0,0.0,0.0,False,False,False
2025-07-02,75.59,0.0,0.0,0.0,0.0,False,False,False
2025-07-03,75.19,0.0,0.0,0.0,0.0,False,False,False
2025-07-07,76.48,0.0,0.0,0.0,0.0,False,False,False
2025-07-08,76.96,0.0,0.0,0.0,0.0,False,False,False
2025-07-09,76.93,0.0,0.0,0.0,0.0,False,False,False
2025-07-10,75.39,0.0,0.0,0.0,0.0,False,False,False
2025-07-11,77.29,-16.0,0.0,0.057967499999999846,-16.0579675,True,True,False
2025-07-14,75.62,46.0,2.5049999999999955,0.7456132,47.759386799999994,True,False,False
2025-07-15,75.26,17.499999999999982,-6.559199999999991,0.2893747,10.651425299999993,True,False,False
2025-07-16,75.19,14.499999999999957,-1.8137000000001915,0.11955209999999998,12.566747899999767,True,False,False
2025-07-17,76.16,52.500000000000036,28.217299999999966,0.5144608000000002,80.2028392,True,False,False
2025-07-18,75.93,20.000000000000018,-3.5833999999998394,0.24449460000000023,16.17210540000018,True,False,False
2025-07-21,75.59,19.99999999999993,-7.486800000000075,0.2653209000000003,12.247879099999853,True,False,False
2025-07-22,75.35,-9.999999999999964,-6.969600000000265,0.12696474999999963,-17.09656475000023,True,False,False
2025-07-23,75.28,8.000000000000007,-2.268699999999779,0.1245884000000001,5.606711600000228,True,False,False
2025-07-24,76.09,36.00000000000003,28.93320000000008,0.5360540499999997,64.39714595000011,True,False,False
2025-07-25,74.85,-27.000000000000046,-26.821200000000204,0.7814339999999999,-54.60263400000024,True,False,False
2025-07-28,77.17,40.50000000000003,98.62320000000032,1.3929185,137.73028150000033,True,False,False
2025-07-29,79.8,-68.99999999999994,16.858299999999982,1.894452,-54.03615199999996,True,False,False
2025-07-30,81.04,-54.00000000000009,-50.92680000000038,0.5826776000000001,-105.50947760000047,True,False,False
2025-07-31,79.59,72.50000000000006,80.40250000000016,0.6339343500000003,152.2685656500002,True,False,False
2025-08-01,77.46,54.49999999999997,84.17760000000037,1.5306095999999998,137.14699040000033,False,False,True
2025-08-04,76.11,0.0,0.0,0.0,0.0,False,False,False
2025-08-05,75.02,0.0,0.0,0.0,0.0,False,False,False
2025-08-06,73.79,0.0,0.0,0.0,0.0,False,False,False
2025-08-07,73.42,0.0,0.0,0.0,0.0,False,False,False
2025-08-08,73.3,0.0,0.0,0.0,0.0,False,False,False
2025-08-11,73.8,0.0,0.0,0.0,0.0,False,False,False
2025-08-12,72.95,0.0,0.0,0.0,0.0,False,False,False
2025-08-13,72.46,0.0,0.0,0.0,0.0,False,False,False
2025-08-14,73.74,0.0,0.0,0.0,0.0,False,False,False
2025-08-15,72.8,0.0,0.0,0.0,0.0,False,False,False
2025-08-18,73.17,0.0,0.0,0.0,0.0,False,False,False
2025-08-19,72.3,0.0,0.0,0.0,0.0,False,False,False
2025-08-20,73.52,0.0,0.0,0.0,0.0,False,False,False
2025-08-21,74.13,0.0,0.0,0.0,0.0,False,False,False
2025-08-22,74.64,0.0,0.0,0.0,0.0,False,False,False
2025-08-25,75.75,0.0,0.0,0.0,0.0,False,False,False
2025-08-26,74.05,0.0,0.0,0.0,0.0,False,False,False
2025-08-27,74.68,0.0,0.0,0.0,0.0,False,False,False
2025-08-28,75.24,0.0,0.0,0.0,0.0,False,False,False
2025-08-29,74.84,0.0,0.0,0.0,0.0,False,False,False
2025-09-02,76.76,0.0,0.0,0.0,0.0,False,False,False
2025-09-03,74.83,0.0,0.0,0.0,0.0,False,False,False
2025-09-04,74.18,0.0,0.0,0.0,0.0,False,False,False
2025-09-05,72.63,0.0,0.0,0.0,0.0,False,False,False
2025-09-08,73.04,0.0,0.0,0.0,0.0,False,False,False
2025-09-09,73.39,0.0,0.0,0.0,0.0,False,False,False
2025-09-10,74.71,0.0,0.0,0.0,0.0,False,False,False
2025-09-11,73.0,0.0,0.0,0.0,0.0,False,False,False
2025-09-12,73.31,0.0,0.0,0.0,0.0,False,False,False
2025-09-15,74.23,0.0,0.0,0.0,0.0,False,False,False
2025-09-16,75.67,0.0,0.0,0.0,0.0,False,False,False
2025-09-17,74.97,0.0,0.0,0.0,0.0,False,False,False
2025-09-18,74.69,0.0,0.0,0.0,0.0,False,False,False
2025-09-19,73.52,0.0,0.0,0.0,0.0,False,False,False
2025-09-22,73.45,0.0,0.0,0.0,0.0,False,False,False
2025-09-23,75.05,0.0,0.0,0.0,0.0,False,False,False
2025-09-24,76.39,0.0,0.0,0.0,0.0,False,False,False
2025-09-25,76.99,0.0,0.0,0.0,0.0,False,False,False
2025-09-26,77.02,0.0,0.0,0.0,0.0,False,False,False
2025-09-29,74.59,0.0,0.0,0.0,0.0,False,False,False
2025-09-30,73.75,0.0,0.0,0.0,0.0,False,False,False
2025-10-01,73.14,0.0,0.0,0.0,0.0,False,False,False
2025-10-02,71.54,-6.000000000000114,0.0,0.13413749999999994,-6.134137500000113,True,True,False
2025-10-03,71.71,27.500000000000036,-0.6374999999999528,0.1366075500000001,26.72589245000008,True,False,False
2025-10-06,72.87,23.500000000000032,-8.769600000000082,0.5825956500000002,14.14780434999995,True,False,False
2025-10-07,73.2,16.000000000000014,-7.771499999999961,0.15628199999999987,8.072218000000055,True,False,False
2025-10-08,73.53,0.9999999999999787,-9.180599999999952,0.2308841999999998,-8.411484199999974,True,False,False
2025-10-09,72.51,32.49999999999993,34.78199999999986,0.5358489000000001,66.74615109999978,True,False,False
2025-10-10,69.39,-41.499999999999915,60.27840000000007,1.6004803499999996,17.177919650000156,True,False,False
2025-10-13,70.28,57.00000000000003,23.86090000000001,0.4705245999999999,80.39037540000004,True,False,False
2025-10-14,69.0,-37.999999999999986,-17.177600000000012,0.8038500000000003,-55.981449999999995,True,False,False
2025-10-15,68.99,25.99999999999998,-0.36720000000018793,0.0731293999999999,25.55967059999979,True,False,False
2025-10-16,67.81,-62.999999999999986,-45.83119999999972,0.5875736499999997,-109.41877364999971,True,False,False
2025-10-17,67.98,30.99999999999996,9.548900000000096,0.020054100000000116,40.52884590000006,True,False,False
2025-10-20,67.83,8.999999999999986,-8.514000000000323,0.23435265000000013,0.251647349999663,True,False,False
2025-10-21,68.27,36.50000000000002,28.014799999999855,0.07065944999999976,64.44414054999989,True,False,False
2025-10-22,70.63,65.50000000000003,145.37599999999998,1.8406178,209.03538220000002,True,False,False
2025-10-23,73.29,-17.000000000000036,25.216800000000102,1.7868102000000003,6.429989800000066,True,False,False
2025-10-24,73.18,30.999999999999975,4.320799999999978,1.4372552000000003,33.88354479999995,False,False,True
2025-10-27,73.12,0.0,0.0,0.0,0.0,False,False,False
2025-10-28,71.39,0.0,0.0,0.0,0.0,False,False,False
2025-10-29,71.8,0.0,0.0,0.0,0.0,False,False,False
2025-10-30,71.71,0.0,0.0,0.0,0.0,False,False,False
2025-10-31,72.56,-8.0,0.0,0.15128760000000005,-8.1512876,True,True,False
2025-11-03,72.74,57.50000000000011,-0.7505999999999695,0.07746809999999973,56.67193190000014,True,False,False
2025-11-04,71.93,12.5,5.102999999999921,0.36972019999999983,17.23327979999992,True,False,False
2025-11-05,71.03,7.000000000000028,-3.582000000000023,0.561137,2.8568630000000055,True,False,False
2025-11-06,70.88,7.999999999999918,-2.967000000000112,0.0021264000000002065,5.030873599999806,True,False,False
2025-11-07,71.26,21.999999999999975,7.539200000000193,0.02957289999999994,29.509627100000166,True,False,False
2025-11-10,71.68,34.00000000000007,7.984200000000034,0.2515968000000004,41.732603200000106,True,False,False
2025-11-11,72.72,11.999999999999922,12.469599999999899,0.7108379999999999,23.758761999999823,True,False,False
2025-11-12,69.79,-57.500000000000014,22.150799999999947,1.8909600500000003,-37.24016005000007,True,False,False
2025-11-13,69.85,21.000000000000043,2.7977999999994436,0.060420250000000134,23.737379749999487,True,False,False
2025-11-14,71.38,48.0,68.69700000000005,0.9154484999999999,115.78155150000005,True,False,False
2025-11-17,71.3,29.499999999999993,-1.5399999999999672,0.06773500000000007,27.892265000000027,True,False,False
2025-11-18,72.5,17.499999999999982,25.380000000000063,0.9004500000000003,41.979550000000046,True,False,False
2025-11-19,70.88,-4.499999999999993,5.977800000000024,1.5448296000000004,-0.06702959999996905,True,False,False
2025-11-20,70.15,-17.99999999999997,-29.126999999999597,0.5170054999999999,-47.64400549999957,True,False,False
2025-11-21,69.3,-65.00000000000003,-46.444000000000464,1.893276,-113.3372760000005,False,False,True
2025-11-24,70.42,0.0,0.0,0.0,0.0,False,False,False
2025-11-25,69.25,0.0,0.0,0.0,0.0,False,False,False
2025-11-26,70.04,0.0,0.0,0.0,0.0,False,False,False
2025-11-28,71.07,0.0,0.0,0.0,0.0,False,False,False
2025-12-01,71.06,-9.999999999999943,0.0,0.23982750000000003,-10.239827499999944,True,True,False
2025-12-02,70.2,8.499999999999996,5.804999999999996,0.4843800000000001,13.820619999999993,True,False,False
2025-12-03,70.66,39.99999999999994,3.2429999999999564,0.18124290000000026,43.0617570999999,True,False,False
2025-12-04,71.39,12.500000000000089,1.4016000000000033,0.38836159999999986,13.513238400000093,True,False,False
2025-12-05,71.92,12.5,-4.748800000000011,0.3186056000000001,7.4325943999999895,True,False,False
2025-12-08,70.49,18.49999999999996,25.482600000000126,0.8296673000000002,43.15293270000009,True,False,False
2025-12-09,69.86,21.999999999999975,-3.6035999999999757,0.31821229999999984,18.0781877,True,False,False
2025-12-10,70.54,7.500000000000018,10.0844000000001,0.38832269999999997,17.196077300000116,True,False,False
2025-12-11,69.25,8.000000000000007,-4.927800000000025,0.9002499999999999,2.171949999999982,True,False,False
2025-12-12,68.81,8.999999999999986,-13.120799999999932,0.34301785000000007,-4.463817849999946,True,False,False
2025-12-15,67.89,-50.99999999999998,-36.606800000000064,0.40734000000000026,-88.01414000000005,True,False,False
2025-12-16,66.17,-124.00000000000003,-89.07879999999996,0.5862661999999995,-213.6650662,True,False,False
2025-12-17,67.98,110.50000000000004,125.81310000000015,0.6396918,235.67340820000018,True,False,False
2025-12-18,67.19,-25.49999999999999,-40.04510000000031,0.43572715000000045,-65.98082715000031,True,False,False
2025-12-19,68.03,66.49999999999996,53.47440000000022,0.32076144999999995,119.65363855000017,True,False,False
2025-12-22,69.73,109.00000000000003,92.19100000000016,0.9350793000000003,200.2559207000002,True,False,False
2025-12-23,70.3,5.999999999999961,15.623699999999813,0.3550149999999999,21.26868499999977,True,False,False
2025-12-24,70.2,49.00000000000002,-1.7309999999999017,0.12986999999999999,47.13913000000012,True,False,False
2025-12-26,68.48,-79.99999999999999,-36.13719999999998,0.7193824000000001,-116.85658239999997,False,False,True
2025-12-29,69.61,0.0,0.0,0.0,0.0,False,False,False
2025-12-30,69.74,-11.0,0.0,0.22979330000000023,-11.2297933,True,True,False
2025-12-31,69.16,26.500000000000057,3.822199999999993,0.28597660000000014,30.036223400000047,True,False,False
2026-01-02,68.96,30.00000000000007,-0.3360000000000044,0.07460782399999996,29.589392176000064,True,False,False
2026-01-05,70.22,0.4999999999999005,4.8431880000000165,0.7046436559999999,4.638544343999917,True,False,False
2026-01-06,68.51,7.000000000000028,27.746117999999896,0.8657951250000001,33.880322874999926,True,False,False
2026-01-07,67.79,-38.49999999999998,-6.5154239999999914,0.4707812130000001,-45.48620521299997,True,False,False
2026-01-08,70.54,-59.999999999999964,63.081150000000015,1.3220395180000002,1.7591104820000505,True,False,False
2026-01-09,70.78,10.999999999999943,-3.490751999999926,0.43771059800000006,7.0715374020000175,True,False,False
2026-01-12,71.65,12.99999999999999,-23.414310000000125,0.18062248499999983,-10.594932485000136,True,False,False
2026-01-13,73.48,-112.00000000000001,-58.47728399999994,0.6227870880000003,-171.10007108799994,True,False,False
2026-01-14,72.61,0.49999999999998934,42.54822000000023,0.4815277370000004,42.56669226300021,True,False,False
2026-01-15,71.13,182.0000000000001,52.75104800000013,0.16898354099999974,234.58206445900026,True,False,False
2026-01-16,71.65,3.9999999999999147,-16.063424000000317,0.500238805,-12.563662805000403,True,False,False
2026-01-20,71.86,3.000000000000025,-9.41946599999972,0.2988226240000003,-6.718288623999695,True,False,False
2026-01-21,73.34,-49.999999999999915,-78.69367200000022,0.5057599739999993,-129.19943197400013,True,False,False
2026-01-22,71.82,98.49999999999994,101.78467200000067,0.7250300819999993,199.55964191800064,True,False,False
2026-01-23,73.95,-157.50000000000006,-99.62734200000045,1.7294464650000003,-258.85678846500053,False,False,True
2026-01-26,73.48,0.0,0.0,0.0,0.0,False,False,False
2026-01-27,75.66,0.0,0.0,0.0,0.0,False,False,False
2026-01-28,76.62,-20.0,0.0,0.14411455799999995,-20.144114558,True,True,False
2026-01-29,79.14,-92.49999999999989,-9.479735999999981,0.7184804040000001,-102.69821640399987,True,False,False
2026-01-30,79.52,-9.999999999999964,-8.3292199999999,0.1291086720000001,-18.458328671999865,True,False,False
2026-02-02,75.33,203.49999999999991,105.44637799999995,1.326064122,307.6203138779999,True,False,False
2026-02-03,77.47,-76.00000000000007,21.486884000000003,0.6249659839999999,-55.13808198400007,True,False,False
2026-02-04,77.88,22.500000000000053,-2.498457999999979,0.26782932,19.733712680000075,True,False,False
2026-02-05,76.69,-32.499999999999844,15.436441999999971,0.3635259380000002,-17.42708393799987,True,False,False
2026-02-06,76.99,4.499999999999815,-1.0474199999999885,0.08586694700000042,3.3667130529998266,True,False,False
2026-02-09,78.02,149.5000000000001,-5.893660000000011,0.35007573999999975,143.2562642600001,True,False,False
2026-02-10,78.03,60.99999999999994,-0.14696000000007517,0.12098551499999996,60.732054484999864,True,False,False
2026-02-11,78.89,62.000000000000014,-9.971699999999993,0.5989723250000002,51.429327675000025,True,False,False
2026-02-12,76.38,59.49999999999997,67.21780000000015,1.241648556,125.47615144400012,True,False,False
2026-02-13,76.22,28.000000000000025,-0.9171839999999802,0.27564200800000027,26.807173992000042,True,False,False
2026-02-17,75.73,42.499999999999986,-6.352947999999936,0.16069905999999967,35.98635294000005,True,False,False
2026-02-18,79.4,-55.99999999999996,63.157764000000014,2.25573812,4.902025880000057,True,False,False
2026-02-19,81.19,-84.00000000000007,-70.90261599999968,0.7789612170000001,-155.68157721699973,True,False,False
2026-02-20,80.85,52.99999999999999,19.991660000000202,2.376949575,70.6147104250002,False,False,True
2026-02-23,80.9,0.0,0.0,0.0,0.0,False,False,False
2026-02-24,80.76,0.0,0.0,0.0,0.0,False,False,False
2026-02-25,79.73,0.0,0.0,0.0,0.0,False,False,False
2026-02-26,79.77,-30.000000000000114,0.0,0.16352052300000014,-30.163520523000113,True,True,False
2026-02-27,81.95,-80.00000000000007,-8.937564000000036,0.5628244049999998,-89.50038840500011,True,False,False
2026-03-02,87.19,-246.4999999999998,-93.45854399999989,1.2267633000000004,-341.1853072999997,True,False,False
2026-03-03,90.2,-157.49999999999994,-138.38655600000027,0.2740005399999998,-296.1605565400002,True,False,False
2026-03-04,91.56,-41.50000000000009,-70.78935999999997,0.3741050039999999,-112.66346500400007,True,False,False
2026-03-05,96.31,-517.5,-286.0583,2.900028934,-806.458328934,False,False,True
2026-03-06,108.77,0.0,0.0,0.0,0.0,False,False,False
2026-03-09,104.33,0.0,0.0,0.0,0.0,False,False,False
2026-03-10,105.86,0.0,0.0,0.0,0.0,False,False,False
2026-03-11,108.05,0.0,0.0,0.0,0.0,False,False,False
2026-03-12,118.39,0.0,0.0,0.0,0.0,False,False,False
2026-03-13,119.89,0.0,0.0,0.0,0.0,False,False,False
2026-03-16,115.03,0.0,0.0,0.0,0.0,False,False,False
2026-03-17,118.84,0.0,0.0,0.0,0.0,False,False,False
2026-03-18,121.67,0.0,0.0,0.0,0.0,False,False,False
2026-03-19,117.36,0.0,0.0,0.0,0.0,False,False,False
2026-03-20,121.43,0.0,0.0,0.0,0.0,False,False,False
2026-03-23,110.56,0.0,0.0,0.0,0.0,False,False,False
2026-03-24,114.54,0.0,0.0,0.0,0.0,False,False,False
2026-03-25,113.39,0.0,0.0,0.0,0.0,False,False,False
2026-03-26,117.26,0.0,0.0,0.0,0.0,False,False,False
2026-03-27,124.2,-162.5,0.0,0.7543038600000002,-163.25430386,True,True,False
2026-03-30,129.83,82.49999999999993,-68.38535800000012,0.730670257,13.383971742999805,True,False,False
2026-03-31,127.25,230.00000000000006,60.37819200000029,0.341500825,290.0366911750003,True,False,False
2026-04-01,124.09,-10.000000000000142,56.99059999999994,0.5276554980000004,46.46294450199979,True,False,False
2026-04-02,137.92,-265.0000000000002,-131.80819799999978,2.333896032,-399.142094032,True,False,False
2026-04-06,138.94,-49.999999999999645,-44.242296000000444,0.34828089799999984,-94.5905768980001,True,False,False
2026-04-07,138.08,177.50000000000023,41.613851999999284,0.1940300159999996,218.9198219839995,True,False,False
2026-04-08,124.58,582.4999999999995,615.3003000000007,2.2882854399999997,1195.5120145600004,True,False,False
2026-04-09,126.96,85.00000000000014,-21.04348399999997,0.3968261759999997,63.55968982400017,True,False,False
2026-04-10,124.82,167.50000000000006,32.299020000000006,0.39978597799999993,199.39923402200006,True,False,False
