date,spot,option_pnl,hedge_pnl,tcost,total_pnl,in_trade,opened,closed
2020-05-04,19.67,-12.5,0.0,0.09746484999999998,-12.59746485,True,True,False
2020-05-05,21.51,-58.50000000000004,-18.234399999999994,0.3208216500000001,-77.05522165000004,True,False,False
2020-05-06,20.85,29.000000000000092,26.228400000000008,0.08110650000000001,55.1472935000001,True,False,False
2020-05-07,20.47,33.49999999999995,12.144800000000082,0.0808565000000001,45.56394350000003,True,False,False
2020-05-08,21.47,-17.000000000000036,-24.05999999999999,0.19119035000000006,-41.25119035000003,True,False,False
2020-05-11,21.17,39.50000000000004,12.560999999999881,0.05017289999999995,52.01082709999992,True,False,False
2020-05-12,20.97,25.0,7.426000000000106,0.005347350000000054,32.42065265000011,True,False,False
2020-05-13,20.6,37.5,13.926799999999906,0.1091800000000001,51.317619999999906,True,False,False
2020-05-14,21.45,-28.500000000000014,-22.98399999999994,0.21010275000000006,-51.69410274999995,True,False,False
2020-05-15,22.39,-55.00000000000003,-43.832200000000064,0.18158290000000007,-99.01378290000008,True,False,False
2020-05-18,24.31,-149.49999999999997,-120.6719999999999,0.22377354999999996,-270.39577354999983,True,False,False
2020-05-19,24.44,18.00000000000006,-10.563800000000208,0.03299400000000004,7.403205999999852,True,False,False
2020-05-20,25.34,-105.00000000000007,-75.5639999999999,0.07918750000000001,-180.64318749999995,True,False,False
2020-05-21,26.6,-125.0,-113.66460000000015,0.030058000000000258,-238.69465800000015,True,False,False
2020-05-22,25.57,115.00000000000003,90.58850000000008,0.02876625,205.55973375000013,True,False,False
2020-05-26,25.66,-2.000000000000135,-8.117999999999986,0.09186280000000013,-10.20986280000012,True,False,False
2020-05-27,25.0,91.50000000000009,64.25760000000001,0.012000000000000099,155.74560000000008,True,False,False
2020-05-28,25.03,-6.49999999999995,-2.892000000000109,0.009261099999999937,-9.40126110000006,True,False,False
2020-05-29,25.88,-104.5,-82.56899999999978,1.2569915999999999,-188.32599159999978,False,False,True
2020-06-01,26.22,0.0,0.0,0.0,0.0,False,False,False
2020-06-02,27.07,-6.5,0.0,0.0923087,-6.5923087,True,True,False
2020-06-03,27.12,14.499999999999957,-0.34100000000000474,0.037696800000000065,14.121303199999952,True,False,False
2020-06-04,27.5,12.500000000000044,-3.6479999999999917,0.05362499999999989,8.798375000000053,True,False,False
2020-06-05,28.87,-42.000000000000036,-18.495000000000005,0.40778875000000026,-60.90278875000004,True,False,False
2020-06-08,28.37,3.000000000000025,20.875000000000004,0.1402896500000001,23.73471035000003,True,False,False
2020-06-09,28.42,40.000000000000036,-1.5930000000000226,0.0017052000000000647,38.40529480000001,True,False,False
2020-06-10,28.43,8.999999999999941,-0.3197999999999364,0.08457924999999995,8.595620750000005,True,False,False
2020-06-11,26.36,1.000000000000023,78.5151,0.6508283999999999,78.86427160000004,True,False,False
2020-06-12,26.43,26.00000000000002,0.8015000000000029,0.04810259999999991,26.753397400000026,True,False,False
2020-06-15,26.98,22.499999999999964,4.295500000000006,0.14704099999999992,26.648458999999967,True,False,False
2020-06-16,27.64,-5.500000000000016,-2.0393999999999957,0.22001440000000003,-7.759414400000011,True,False,False
2020-06-17,27.28,31.499999999999993,6.843599999999987,0.08565919999999998,38.25794079999998,True,False,False
2020-06-18,27.89,-2.9999999999999805,-7.765299999999991,0.2292558000000001,-10.994555799999972,True,False,False
2020-06-19,28.23,-5.499999999999972,-9.917799999999996,0.1264704,-15.544270399999968,True,False,False
2020-06-22,28.98,-26.500000000000057,-28.597500000000004,0.265167,-55.36266700000006,True,False,False
2020-06-23,28.72,28.000000000000025,14.671800000000088,0.054711600000000034,42.617088400000114,True,False,False
2020-06-24,27.25,44.00000000000004,77.35139999999994,0.5930962500000001,120.75830374999998,True,False,False
2020-06-25,27.94,-5.000000000000016,-6.272100000000011,0.12698729999999997,-11.399087300000026,False,False,True
2020-06-26,27.36,0.0,0.0,0.0,0.0,False,False,False
2020-06-29,28.27,0.0,0.0,0.0,0.0,False,False,False
2020-06-30,28.06,0.0,0.0,0.0,0.0,False,False,False
2020-07-01,28.35,-5.499999999999943,0.0,0.04762800000000004,-5.547627999999944,True,True,False
2020-07-02,28.75,7.499999999999929,-1.343999999999996,0.10421875000000001,6.051781249999933,True,False,False
2020-07-06,28.96,16.500000000000004,-2.2281000000000097,0.07819200000000008,14.193707999999994,True,False,False
2020-07-07,28.79,16.000000000000014,2.7217000000000287,0.05671630000000017,18.66498370000004,True,False,False
2020-07-08,29.18,12.5,-4.707300000000005,0.14983930000000004,7.642860699999995,True,False,False
2020-07-09,28.41,9.499999999999975,17.20179999999999,0.31577715,26.386022849999968,True,False,False
2020-07-10,29.03,4.440892098500626e-14,-0.06819999999999948,0.26620510000000014,-0.3344050999999552,True,False,False
2020-07-13,28.5,18.500000000000007,9.778500000000024,0.20634000000000016,28.07216000000003,True,False,False
2020-07-14,28.88,-6.499999999999995,-1.5085999999999944,0.1651936,-8.17379359999999,True,False,False
2020-07-15,29.29,2.499999999999991,-6.318100000000001,0.2094235,-4.02752350000001,True,False,False
2020-07-16,29.16,23.99999999999998,3.86229999999997,0.0660474,27.79625259999995,True,False,False
2020-07-17,29.1,27.000000000000025,1.5107999999999675,0.01789650000000006,28.492903499999993,True,False,False
2020-07-20,29.12,12.99999999999999,-0.5281999999999888,0.04324319999999993,12.4285568,True,False,False
2020-07-21,29.72,-23.0,-17.627999999999936,0.34787260000000014,-40.97587259999994,True,False,False
2020-07-22,29.75,4.0000000000000036,-1.5837000000000603,0.044327499999999846,2.3719724999999436,True,False,False
2020-07-23,29.41,23.50000000000001,18.96179999999999,0.20542885,42.25637115,True,False,False
2020-07-24,29.44,3.4999999999999805,-1.2540000000000475,0.615296,1.630703999999933,False,False,True
2020-07-27,29.72,0.0,0.0,0.0,0.0,False,False,False
2020-07-28,29.35,0.0,0.0,0.0,0.0,False,False,False
2020-07-29,29.57,0.0,0.0,0.0,0.0,False,False,False
2020-07-30,28.93,-9.000000000000028,0.0,0.035149949999999985,-9.035149950000028,True,True,False
2020-07-31,29.07,6.999999999999984,-0.3402000000000012,0.04171545000000001,6.618084549999983,True,False,False
2020-08-03,29.34,11.000000000000032,-1.4309999999999974,0.1442061000000001,9.424793900000035,True,False,False
2020-08-04,29.78,-5.000000000000027,-6.657200000000021,0.16244989999999998,-11.819649900000048,True,False,False
2020-08-05,30.23,-3.500000000000014,-11.717999999999982,0.1989134000000001,-15.416913399999997,True,False,False
2020-08-06,30.18,5.000000000000027,1.9600000000000284,0.005281500000000021,6.954718500000055,True,False,False
2020-08-07,29.85,23.0,12.820499999999937,0.13447425000000005,35.68602574999994,True,False,False
2020-08-10,30.16,5.000000000000027,-9.250399999999964,0.15758599999999987,-4.407985999999937,True,False,False
2020-08-11,29.82,13.499999999999979,13.698599999999994,0.1006424999999999,27.09795749999997,True,False,False
2020-08-12,30.56,-25.0,-24.81959999999995,0.3233247999999999,-50.14292479999995,True,False,False
2020-08-13,30.4,13.499999999999979,8.752000000000008,0.02568800000000018,22.22631199999999,True,False,False
2020-08-14,30.33,14.000000000000012,3.7107000000000143,0.03776084999999992,17.672939150000026,True,False,False
2020-08-17,30.77,-19.499999999999986,-22.228800000000064,0.2493908500000001,-41.97819085000005,True,False,False
2020-08-18,30.6,26.49999999999999,11.344099999999877,0.0792540000000001,37.76484599999987,True,False,False
2020-08-19,30.66,-7.000000000000006,-4.314599999999909,0.0001533000000002963,-11.314753299999916,True,False,False
2020-08-20,30.52,14.500000000000002,10.06600000000004,0.006409200000000026,24.55959080000004,True,False,False
2020-08-21,30.18,28.000000000000004,24.58879999999999,1.0913087999999997,51.49749119999999,False,False,True
2020-08-24,30.35,0.0,0.0,0.0,0.0,False,False,False
2020-08-25,30.92,0.0,0.0,0.0,0.0,False,False,False
2020-08-26,30.93,0.0,0.0,0.0,0.0,False,False,False
2020-08-27,30.67,0.0,0.0,0.0,0.0,False,False,False
2020-08-28,30.72,-5.5,0.0,0.1663488,-5.6663488,True,True,False
2020-08-31,30.58,10.499999999999998,1.5162000000000062,0.07736739999999995,11.938832600000005,True,False,False
2020-09-01,30.61,9.499999999999996,-0.17310000000000667,0.024947149999999974,9.30195284999999,True,False,False
2020-09-02,29.86,-14.000000000000012,5.550000000000001,0.4402857,-8.890285700000012,True,False,False
2020-09-03,29.64,-15.999999999999993,-4.859799999999975,0.049795199999999935,-20.909595199999966,True,False,False
2020-09-04,28.51,-53.00000000000003,-28.75849999999997,0.40755045000000006,-82.16605045,True,False,False
2020-09-08,26.75,-130.49999999999991,-95.11040000000008,0.3790475,-225.9894475,True,False,False
2020-09-09,27.41,58.99999999999994,54.37080000000001,0.05276424999999992,113.31803574999995,True,False,False
2020-09-10,26.79,-53.49999999999993,-48.68860000000008,0.10863344999999998,-102.29723345000001,True,False,False
2020-09-11,27.04,22.999999999999954,21.66,0.0040559999999999615,44.655943999999955,True,False,False
2020-09-14,26.94,-6.999999999999984,-8.693999999999814,0.11745839999999999,-15.811458399999799,True,False,False
2020-09-15,27.52,54.0,55.482799999999834,0.014585600000000032,109.46821439999982,True,False,False
2020-09-16,28.7,108.99999999999994,111.62799999999997,0.2844169999999999,220.34358299999994,True,False,False
2020-09-17,29.23,43.000000000000036,39.63340000000009,0.17114164999999992,82.46225835000013,True,False,False
2020-09-18,29.06,1.5000000000000018,-10.721900000000108,0.9164071,-10.138307100000107,False,False,True
2020-09-21,28.29,0.0,0.0,0.0,0.0,False,False,False
2020-09-22,28.17,0.0,0.0,0.0,0.0,False,False,False
2020-09-23,28.03,0.0,0.0,0.0,0.0,False,False,False
2020-09-24,28.5,0.0,0.0,0.0,0.0,False,False,False
2020-09-25,28.35,0.0,0.0,0.0,0.0,False,False,False
2020-09-28,28.69,-6.999999999999972,0.0,0.14703624999999998,-7.147036249999972,True,True,False
2020-09-29,27.7,-13.499999999999979,10.147500000000019,0.38364500000000007,-3.73614499999996,True,False,False
2020-09-30,28.29,13.999999999999968,10.295499999999999,0.22490550000000012,24.07059449999997,True,False,False
2020-10-01,27.51,-18.999999999999993,-1.208999999999993,0.2889925500000001,-20.497992549999985,True,False,False
2020-10-02,26.35,-58.5,-26.169600000000006,0.2816815,-84.95128150000001,True,False,False
2020-10-05,27.93,70.00000000000001,69.42519999999992,0.46433625,138.96086374999993,True,False,False
2020-10-06,28.39,14.500000000000002,4.917400000000009,0.18737399999999993,19.230026000000013,True,False,False
2020-10-07,28.39,10.499999999999998,-0.0,0.036197249999999945,10.463802749999997,True,False,False
2020-10-08,29.14,3.500000000000014,0.03000000000000086,0.3275336,3.2024664000000147,True,False,False
2020-10-09,28.69,14.999999999999991,10.097999999999981,0.18089044999999992,24.91710954999997,True,False,False
2020-10-12,28.07,10.000000000000009,6.09460000000001,0.2865947000000001,15.808005300000017,True,False,False
2020-10-13,28.46,3.499999999999992,4.130100000000008,0.194951,7.435149,True,False,False
2020-10-14,28.98,2.499999999999991,-1.6171999999999966,0.2580669,0.6247330999999945,True,False,False
2020-10-15,28.94,3.9999999999999813,0.8367999999999819,0.04152889999999992,4.795271099999963,True,False,False
2020-10-16,28.72,14.000000000000012,3.9710000000000436,0.08142120000000004,17.889578800000056,True,False,False
2020-10-19,28.59,18.000000000000014,1.6093999999999873,0.04059779999999989,19.5688022,True,False,False
2020-10-20,29.05,-7.000000000000028,-4.3884000000000105,0.25302549999999985,-11.64142550000004,True,False,False
2020-10-21,28.1,12.5,25.611999999999973,0.605555,37.50644499999997,True,False,False
2020-10-22,28.51,17.000000000000014,6.617400000000003,0.26699614999999993,23.350403850000017,True,False,False
2020-10-23,27.88,-0.9999999999999898,1.6317000000000055,0.03610459999999997,0.5955954000000158,False,False,True
2020-10-26,27.11,0.0,0.0,0.0,0.0,False,False,False
2020-10-27,27.69,-4.5,0.0,0.1405267499999999,-4.64052675,True,True,False
2020-10-28,26.31,-29.00000000000005,14.007000000000014,0.39162434999999984,-15.384624350000035,True,False,False
2020-10-29,25.6,-26.499999999999968,-13.930199999999946,0.16588800000000004,-40.59608799999992,True,False,False
2020-10-30,25.25,-37.000000000000014,-11.403000000000045,0.09961125000000001,-48.502611250000065,True,False,False
2020-11-02,26.26,46.50000000000003,40.87470000000006,0.25445939999999995,87.12024060000009,True,False,False
2020-11-03,26.72,23.0,9.701399999999945,0.13506959999999996,32.56633039999994,True,False,False
2020-11-04,27.44,48.499999999999986,7.905600000000031,0.19784240000000014,56.207757600000015,True,False,False
2020-11-05,27.16,18.999999999999993,0.963200000000005,0.13077540000000012,19.832424599999996,True,False,False
2020-11-06,26.47,-6.000000000000005,-4.271100000000012,0.2636411999999999,-10.534741200000019,True,False,False
2020-11-09,28.07,3.500000000000014,41.77600000000004,0.7014693,44.574530700000054,True,False,False
2020-11-10,28.91,-16.500000000000004,-20.050799999999995,0.27247675000000005,-36.82327675,True,False,False
2020-11-11,29.04,-2.0000000000000018,-5.553599999999958,0.03513839999999992,-7.58873839999996,True,False,False
2020-11-12,28.66,22.500000000000007,17.153199999999952,0.09357489999999992,39.559625099999955,True,False,False
2020-11-13,28.13,42.499999999999986,20.463300000000043,0.20309860000000002,62.760201400000035,True,False,False
2020-11-16,28.81,-10.499999999999998,-16.43559999999999,0.3635822000000001,-27.299182199999986,True,False,False
2020-11-17,28.87,8.000000000000007,-2.9646000000001127,0.06048264999999997,4.974917349999894,True,False,False
2020-11-18,29.0,-2.499999999999991,-6.967999999999947,0.12194500000000016,-9.589944999999938,True,False,False
2020-11-19,29.09,-3.500000000000014,-5.580899999999993,0.033017149999999836,-9.113917150000006,True,False,False
2020-11-20,29.27,-7.499999999999983,-11.570399999999982,0.9407378,-20.011137799999965,False,False,True
2020-11-23,29.52,0.0,0.0,0.0,0.0,False,False,False
2020-11-24,30.8,0.0,0.0,0.0,0.0,False,False,False
2020-11-25,31.37,-9.5,0.0,0.005960299999999953,-9.5059603,True,True,False
2020-11-27,31.22,-8.499999999999996,-0.05700000000000036,0.025756500000000022,-8.582756499999997,True,False,False
2020-11-30,30.97,8.999999999999986,-0.5074999999999996,0.07154070000000003,8.420959299999986,True,False,False
2020-12-01,30.62,-7.000000000000028,-2.327499999999986,0.19428389999999993,-9.521783900000015,True,False,False
2020-12-02,30.97,24.00000000000002,6.7689999999999575,0.15438544999999984,30.614614549999978,True,False,False
2020-12-03,31.25,20.999999999999996,2.6236000000000126,0.023125000000000145,23.60047500000001,True,False,False
2020-12-04,31.56,24.00000000000002,2.445899999999989,0.19283160000000005,26.253068400000007,True,False,False
2020-12-07,31.4,4.499999999999993,0.6928000000000016,0.08368100000000003,5.109118999999994,True,False,False
2020-12-08,31.41,23.0,0.010000000000001516,0.01884600000000019,22.991154,True,False,False
2020-12-09,31.34,-0.49999999999998934,-0.15400000000000114,0.021624599999999886,-0.6756245999999904,True,False,False
2020-12-10,32.11,-12.00000000000001,2.7565999999999984,0.46350785,-9.706907850000011,True,False,False
2020-12-11,31.94,11.500000000000021,4.299299999999953,0.10204829999999995,15.697251699999974,True,False,False
2020-12-14,32.17,6.999999999999984,-4.3470000000000075,0.20251015000000008,2.4504898499999763,True,False,False
2020-12-15,32.54,-7.000000000000028,-11.651299999999921,0.2736614,-18.92496139999995,True,False,False
2020-12-16,32.74,-1.9999999999999796,-9.662000000000138,0.15305949999999993,-11.815059500000116,True,False,False
2020-12-17,33.16,-24.5,-24.217199999999686,0.9560027999999999,-49.673202799999686,False,False,True
2020-12-18,33.48,0.0,0.0,0.0,0.0,False,False,False
2020-12-21,32.64,0.0,0.0,0.0,0.0,False,False,False
2020-12-22,32.09,0.0,0.0,0.0,0.0,False,False,False
2020-12-23,32.75,0.0,0.0,0.0,0.0,False,False,False
2020-12-24,32.92,-5.000000000000028,0.0,0.00395039999999993,-5.003950400000028,True,True,False
2020-12-28,32.59,14.500000000000046,-0.0791999999999982,0.1116207500000001,14.309179250000048,True,False,False
2020-12-29,32.78,7.499999999999973,1.3470999999999842,0.08555579999999996,8.761544199999959,True,False,False
2020-12-30,32.91,5.500000000000016,0.24309999999999216,0.06351630000000012,5.679583700000008,True,False,False
2020-12-31,33.01,0.49999999999998934,-0.19900000000000312,0.0183205499999999,0.28267944999998634,True,False,False
2021-01-04,32.38,-6.000000000000005,1.952999999999984,0.3043719999999999,-4.351372000000021,True,False,False
2021-01-05,33.94,-7.999999999999963,24.49199999999992,0.8082811,15.683718899999954,True,False,False
2021-01-06,34.11,-0.5000000000000338,-5.428100000000054,0.10250055000000002,-6.030600550000088,True,False,False
2021-01-07,34.53,1.5000000000000124,-15.934800000000063,0.2543134500000002,-14.68911345000005,True,False,False
2021-01-08,35.43,-68.5,-47.402999999999935,0.32772749999999984,-116.23072749999993,True,False,False
2021-01-11,35.26,28.500000000000014,12.098900000000121,0.012164699999999959,40.586735300000136,True,False,False
2021-01-12,35.9,-56.00000000000001,-45.990400000000044,0.2042709999999999,-102.19467100000006,True,False,False
2021-01-13,35.8,9.499999999999975,8.324000000000117,0.007697000000000122,17.81630300000009,True,False,False
2021-01-14,36.24,-34.50000000000002,-36.8148000000004,0.06432599999999995,-71.37912600000041,True,False,False
2021-01-15,35.34,80.99999999999999,78.49799999999988,1.5411774,157.95682259999987,False,False,True
2021-01-19,35.75,0.0,0.0,0.0,0.0,False,False,False
2021-01-20,35.79,0.0,0.0,0.0,0.0,False,False,False
2021-01-21,35.76,0.0,0.0,0.0,0.0,False,False,False
2021-01-22,35.23,-5.499999999999972,0.0,0.15730195000000005,-5.6573019499999715,True,True,False
2021-01-25,35.59,0.9999999999999787,-3.2148000000000603,0.17207764999999994,-2.3868776500000815,True,False,False
2021-01-26,35.45,9.50000000000002,2.6040000000000108,0.058847000000000045,12.045153000000031,True,False,False
2021-01-27,35.5,-14.500000000000002,-0.7639999999999565,0.0072774999999999715,-15.27127749999996,True,False,False
2021-01-28,35.25,5.500000000000016,3.9224999999999994,0.09112125000000003,9.331378750000015,True,False,False
2021-01-29,35.18,16.500000000000004,0.7364000000000027,0.0320138,17.204386200000005,True,False,False
2021-02-01,36.12,-11.500000000000021,-8.177999999999976,0.44174759999999996,-20.119747599999997,True,False,False
2021-02-02,36.82,-25.0,-23.212000000000092,0.31646790000000025,-48.52846790000009,True,False,False
2021-02-03,37.44,-35.999999999999986,-31.216999999999878,0.27705599999999964,-67.49405599999987,True,False,False
2021-02-04,37.81,-17.99999999999997,-24.105500000000294,0.09811695000000023,-42.20361695000026,True,False,False
2021-02-05,38.19,-31.000000000000007,-26.729199999999683,0.12812744999999987,-57.857327449999694,True,False,False
2021-02-08,38.94,-55.500000000000014,-57.787499999999994,0.17659290000000014,-113.46409290000001,True,False,False
2021-02-09,39.17,-24.00000000000002,-19.807600000000345,0.0534670499999998,-43.861067050000365,True,False,False
2021-02-10,39.28,-1.9999999999999574,-9.773499999999949,0.11764360000000018,-11.891143599999907,True,False,False
2021-02-11,38.97,32.999999999999915,29.400400000000218,0.07267905000000008,62.327720950000135,True,False,False
2021-02-12,39.94,-102.49999999999996,-88.3766999999999,1.8194667,-192.69616669999985,False,False,True
2021-02-16,40.45,0.0,0.0,0.0,0.0,False,False,False
2021-02-17,40.89,0.0,0.0,0.0,0.0,False,False,False
2021-02-18,40.27,0.0,0.0,0.0,0.0,False,False,False
2021-02-19,39.68,0.0,0.0,0.0,0.0,False,False,False
2021-02-22,41.28,-6.0,0.0,0.004953599999999913,-6.0049536,True,True,False
2021-02-23,41.62,-9.00000000000003,-0.08159999999999767,0.16731240000000006,-9.248912400000028,True,False,False
2021-02-24,42.5,-11.499999999999977,-7.286400000000019,0.30536250000000004,-19.091762499999998,True,False,False
2021-02-25,42.46,-4.0000000000000036,0.9059999999999806,0.00021229999999995778,-3.094212300000023,True,False,False
2021-02-26,41.31,12.99999999999999,26.03599999999997,0.41557860000000013,38.620421399999955,True,False,False
2021-03-01,40.6,6.000000000000005,1.7891999999999981,0.39199300000000004,7.397207000000003,True,False,False
2021-03-02,40.07,12.5,-8.898700000000023,0.1482589999999999,3.453040999999977,True,False,False
2021-03-03,41.14,22.500000000000007,25.88330000000001,0.45315710000000003,47.93014290000002,True,False,False
2021-03-04,43.07,-20.500000000000007,4.168800000000001,0.8101466999999999,-17.141346700000007,True,False,False
2021-03-05,44.44,-60.5,-48.5801999999999,0.5403903999999998,-109.62059039999991,True,False,False
2021-03-08,43.5,54.0,56.193199999999855,0.2744849999999998,109.91871499999985,True,False,False
2021-03-09,43.11,32.49999999999997,18.392400000000027,0.1420474499999999,50.750352549999995,True,False,False
2021-03-10,43.74,-20.499999999999964,-25.559100000000104,0.2523797999999999,-46.31147980000007,True,False,False
2021-03-11,44.6,-45.50000000000005,-44.81459999999996,0.34096700000000035,-90.65556700000002,True,False,False
2021-03-12,44.35,19.50000000000003,16.85,0.029714500000000078,36.32028550000003,True,False,False
2021-03-15,44.26,12.5,5.945400000000226,0.02589210000000004,18.419507900000227,True,False,False
2021-03-16,43.83,31.000000000000007,27.90269999999998,0.036817199999999994,58.86588279999999,True,False,False
2021-03-17,43.82,17.499999999999982,0.6320999999998742,0.08588719999999989,18.046212799999857,True,False,False
2021-03-18,40.47,25.500000000000036,224.8855000000001,2.0981671499999996,248.28733285000013,True,False,False
2021-03-19,41.77,55.999999999999986,47.52800000000015,0.7635555999999999,102.76444440000013,False,False,True
2021-03-22,41.71,0.0,0.0,0.0,0.0,False,False,False
2021-03-23,39.37,-18.5,0.0,0.05826759999999992,-18.5582676,True,True,False
2021-03-24,41.45,-24.500000000000057,-6.156800000000008,0.6866192500000002,-31.343419250000064,True,False,False
2021-03-25,39.89,13.000000000000078,56.30040000000009,0.4876552500000001,68.81274475000016,True,False,False
2021-03-26,41.53,-10.500000000000043,-19.089600000000008,0.5168408499999999,-30.10644085000005,True,False,False
2021-03-29,41.92,3.000000000000025,-14.246700000000018,0.15740960000000012,-11.404109599999993,True,False,False
2021-03-30,41.17,47.99999999999996,33.03,0.2004978999999999,80.82950209999996,True,False,False
2021-03-31,40.53,6.00000000000005,21.952000000000023,0.2691192000000001,27.682880800000074,True,False,False
2021-04-01,41.84,-8.499999999999996,-27.536200000000047,0.5631664000000002,-36.599366400000044,True,False,False
2021-04-05,40.28,69.0,74.78640000000011,0.5598920000000001,143.22650800000014,True,False,False
2021-04-06,40.7,3.49999999999997,-8.458800000000034,0.20960499999999987,-5.168405000000064,True,False,False
2021-04-07,40.86,14.500000000000002,-4.870399999999895,0.09050490000000007,9.539095100000106,True,False,False
2021-04-08,40.82,10.000000000000009,1.39479999999997,0.010205000000000146,11.384594999999978,True,False,False
2021-04-09,40.64,33.999999999999986,6.366599999999991,0.00508,40.36151999999998,True,False,False
2021-04-12,40.9,8.50000000000004,-9.13119999999993,0.20613599999999996,-0.8373359999998896,True,False,False
2021-04-13,41.4,-17.50000000000003,-22.6,0.30325499999999983,-40.40325500000003,True,False,False
2021-04-14,43.04,-121.0,-98.15400000000002,0.5453168000000004,-219.69931680000002,True,False,False
2021-04-15,43.27,-22.500000000000007,-19.593700000000343,0.06836659999999962,-42.16206660000035,True,False,False
2021-04-16,43.18,8.500000000000032,7.9515000000003,1.9074764999999998,14.544023500000334,False,False,True
2021-04-19,43.32,0.0,0.0,0.0,0.0,False,False,False
2021-04-20,42.74,0.0,0.0,0.0,0.0,False,False,False
2021-04-21,41.77,-7.0,0.0,0.002715050000000049,-7.00271505,True,True,False
2021-04-22,42.09,7.000000000000028,0.04160000000000078,0.13679250000000012,6.904807500000029,True,False,False
2021-04-23,42.46,11.999999999999966,-2.356899999999985,0.1496715,9.49342849999998,True,False,False
2021-04-26,42.33,9.00000000000003,1.7446000000000348,0.0588387000000001,10.685761300000065,True,False,False
2021-04-27,43.11,-4.0000000000000036,-8.299200000000011,0.3599685000000001,-12.659168500000016,True,False,False
2021-04-28,43.53,-8.000000000000007,-11.482800000000047,0.21068519999999985,-19.693485200000055,True,False,False
2021-04-29,44.26,-32.00000000000003,-27.024599999999882,0.26246180000000024,-59.287061799999904,True,False,False
2021-04-30,43.27,51.00000000000002,48.391199999999756,0.36628055000000037,99.02491944999977,True,False,False
2021-05-03,43.98,-22.500000000000007,-22.684499999999797,0.28630980000000006,-45.4708097999998,True,False,False
2021-05-04,44.87,-41.000000000000014,-40.02330000000003,0.3349545500000002,-81.35825455000004,True,False,False
2021-05-05,44.66,14.500000000000002,12.579000000000052,0.04131050000000003,27.037689500000052,True,False,False
2021-05-06,44.41,22.500000000000053,14.512500000000001,0.06039760000000013,36.95210240000005,True,False,False
2021-05-07,44.43,17.99999999999993,-1.106600000000173,0.056648249999999935,16.836751749999756,True,False,False
2021-05-10,44.48,-5.999999999999961,-2.8939999999998354,0.08584639999999998,-8.979846399999795,True,False,False
2021-05-11,44.87,-15.000000000000036,-24.078600000000034,0.16332680000000033,-39.241926800000066,True,False,False
2021-05-12,45.22,-19.499999999999986,-24.157000000000103,0.1042321,-43.761232100000086,True,False,False
2021-05-13,43.81,108.50000000000004,103.81829999999977,0.4133473500000003,211.90495264999979,True,False,False
2021-05-14,44.71,-63.50000000000001,-49.28399999999992,1.2241598,-114.00815979999993,False,False,True
2021-05-17,45.39,0.0,0.0,0.0,0.0,False,False,False
2021-05-18,44.84,0.0,0.0,0.0,0.0,False,False,False
2021-05-19,43.43,0.0,0.0,0.0,0.0,False,False,False
2021-05-20,42.48,-7.0,0.0,0.32773320000000006,-7.3277332,True,True,False
2021-05-21,43.7,-9.499999999999975,-18.8246000000001,0.45076549999999976,-28.775365500000074,True,False,False
2021-05-24,45.02,-58.00000000000001,-47.5992,0.5024232000000001,-106.1016232,True,False,False
2021-05-25,44.92,5.499999999999972,5.838000000000083,0.018641799999999806,11.319358200000055,True,False,False
2021-05-26,45.2,-1.499999999999968,-16.11400000000007,0.11842399999999989,-17.732424000000037,True,False,False
2021-05-27,45.55,-18.00000000000006,-21.976499999999643,0.11433050000000006,-40.090830499999704,True,False,False
2021-05-28,45.42,14.500000000000046,8.815299999999691,0.001589700000000168,23.313710299999737,True,False,False
2021-06-01,46.33,-67.0,-61.770799999999774,0.2647759499999998,-129.03557594999978,True,False,False
2021-06-02,46.9,-32.49999999999993,-45.206700000000026,0.16415000000000002,-77.87084999999996,True,False,False
2021-06-03,46.97,-9.500000000000064,-6.0417000000000245,0.023015300000000093,-15.564715300000088,True,False,False
2021-06-04,47.26,-23.499999999999943,-25.31409999999993,0.11342399999999993,-48.92752399999987,True,False,False
2021-06-07,47.27,9.499999999999886,-0.9209000000004711,0.05719669999999971,8.521903299999416,True,False,False
2021-06-08,47.88,-61.50000000000002,-57.65109999999994,0.03136140000000006,-119.18246139999995,True,False,False
2021-06-09,47.58,27.500000000000036,28.746000000000407,0.008564399999999988,56.237435600000445,True,False,False
2021-06-10,47.83,-22.499999999999964,-24.044999999999998,0.011240050000000314,-46.55624004999996,True,False,False
2021-06-11,48.07,-24.499999999999932,-23.196000000000193,2.32298275,-50.01898275000013,False,False,True
2021-06-14,48.32,0.0,0.0,0.0,0.0,False,False,False
2021-06-15,48.98,0.0,0.0,0.0,0.0,False,False,False
2021-06-16,48.75,0.0,0.0,0.0,0.0,False,False,False
2021-06-17,48.04,0.0,0.0,0.0,0.0,False,False,False
2021-06-18,48.36,-6.0,0.0,0.27782820000000014,-6.2778282,True,True,False
2021-06-21,49.36,-17.499999999999982,-11.490000000000006,0.4541119999999997,-29.444111999999986,True,False,False
2021-06-22,49.42,6.499999999999995,-1.7934000000000676,0.035088200000000305,4.6715117999999265,True,False,False
2021-06-23,49.72,-1.000000000000023,-9.392999999999914,0.16755639999999977,-10.560556399999937,True,False,False
2021-06-24,49.84,12.00000000000001,-4.566000000000173,0.09021039999999994,7.3437895999998375,True,False,False
2021-06-25,50.25,-5.999999999999961,-17.084699999999856,0.20652750000000014,-23.291227499999817,True,False,False
2021-06-28,49.54,39.5,35.42190000000004,0.2791579000000001,74.64274210000005,True,False,False
2021-06-29,49.89,-13.000000000000034,-13.517000000000055,0.17386665000000018,-26.69086665000009,True,False,False
2021-06-30,49.88,4.499999999999993,0.4558999999999093,0.003990399999999916,4.951909599999902,True,False,False
2021-07-01,50.62,-30.00000000000003,-33.618199999999774,0.3199183999999998,-63.9381183999998,True,False,False
2021-07-02,50.93,-36.99999999999992,-18.00170000000013,0.12707035000000005,-55.12877035000005,True,False,False
2021-07-06,49.9,72.99999999999991,64.95180000000008,0.4431119999999999,137.50868799999998,True,False,False
2021-07-07,48.66,50.00000000000004,56.1720000000001,0.5479116000000003,105.62408840000013,True,False,False
2021-07-08,49.52,-0.0,-19.590800000000144,0.5013900000000004,-20.092190000000144,True,False,False
2021-07-09,50.41,-42.000000000000014,-38.296699999999724,1.0845711500000002,-81.38127114999973,False,False,True
2021-07-12,50.31,0.0,0.0,0.0,0.0,False,False,False
2021-07-13,51.15,0.0,0.0,0.0,0.0,False,False,False
2021-07-14,49.7,0.0,0.0,0.0,0.0,False,False,False
2021-07-15,49.04,0.0,0.0,0.0,0.0,False,False,False
2021-07-16,49.14,0.0,0.0,0.0,0.0,False,False,False
2021-07-19,45.84,-5.5,0.0,0.017190000000000014,-5.51719,True,True,False
2021-07-20,46.51,34.00000000000003,0.5024999999999964,0.32859315000000006,34.17390685000002,True,False,False
2021-07-21,48.27,-41.50000000000005,-23.548800000000075,0.6584027999999998,-65.70720280000013,True,False,False
2021-07-22,49.17,-29.000000000000004,-36.59399999999994,0.30903345000000004,-65.90303344999994,True,False,False
2021-07-23,49.47,-3.4999999999999254,-15.968999999999848,0.11724390000000005,-19.586243899999772,True,False,False
2021-07-26,49.67,-9.499999999999975,-11.594000000000165,0.03650745000000015,-21.130507450000138,True,False,False
2021-07-27,49.47,20.999999999999908,11.88800000000017,0.03166080000000003,32.85633920000008,True,False,False
2021-07-28,49.72,-4.999999999999982,-14.540000000000001,0.10540639999999987,-19.645406399999985,True,False,False
2021-07-29,50.64,-66.00000000000001,-57.40800000000011,0.2288928,-123.63689280000013,True,False,False
2021-07-30,50.66,-1.5000000000000568,-1.4287999999997156,0.10638600000000006,-3.0351859999997726,True,False,False
2021-08-02,49.18,114.00000000000006,111.94719999999977,0.39147280000000007,225.55572719999984,True,False,False
2021-08-03,48.85,28.500000000000014,19.707599999999896,0.11308775000000007,48.094512249999916,True,False,False
2021-08-04,47.2,65.00000000000003,90.89849999999991,0.6058120000000001,155.29268799999997,True,False,False
2021-08-05,48.1,-12.500000000000044,-26.477999999999952,0.3547375000000002,-39.33273749999999,True,False,False
2021-08-06,47.57,31.000000000000007,23.41010000000005,0.16958705000000024,54.24051295000006,True,False,False
2021-08-09,46.6,26.999999999999957,35.92879999999995,0.4433989999999997,62.48540099999991,True,False,False
2021-08-10,47.68,-7.499999999999929,-19.450799999999976,0.6129264000000001,-27.563726399999904,True,False,False
2021-08-11,48.3,-16.000000000000057,-27.10639999999989,0.36321599999999976,-43.46961599999995,True,False,False
2021-08-12,48.1,30.500000000000014,11.751999999999748,0.049543000000000226,42.20245699999976,True,False,False
2021-08-13,47.43,51.5,40.74940000000011,1.4423463,90.80705370000011,False,False,True
2021-08-16,47.04,0.0,0.0,0.0,0.0,False,False,False
2021-08-17,46.58,-6.0,0.0,0.06893840000000005,-6.0689384,True,True,False
2021-08-18,45.4,-11.499999999999977,-3.4928000000000012,0.4987190000000001,-15.491518999999977,True,False,False
2021-08-19,44.77,-10.499999999999954,-15.705899999999888,0.23571404999999995,-26.441614049999842,True,False,False
2021-08-20,43.43,-62.0000000000001,-47.516400000000125,0.46209520000000004,-109.97849520000022,True,False,False
2021-08-23,45.85,116.50000000000004,137.3108000000001,0.8771105000000001,252.93368950000016,True,False,False
2021-08-24,47.37,17.000000000000036,28.089599999999923,0.7181292000000001,44.37147079999996,True,False,False
2021-08-25,47.81,5.499999999999972,-5.20960000000006,0.2122764,0.07812359999991117,True,False,False
2021-08-26,47.48,16.999999999999993,6.837600000000114,0.18256060000000005,23.65503940000011,True,False,False
2021-08-27,48.15,-7.499999999999973,-8.730100000000023,0.3743662499999999,-16.604466249999998,True,False,False
2021-08-30,48.4,13.000000000000034,-7.145,0.13818200000000003,5.716818000000034,True,False,False
2021-08-31,48.04,12.999999999999945,12.34439999999998,0.14436019999999997,25.200039799999924,True,False,False
2021-09-01,47.93,23.0,3.1107999999999842,0.003594750000000051,26.107205249999982,True,False,False
2021-09-02,48.95,-28.999999999999957,-28.692600000000088,0.619707,-58.31230700000004,True,False,False
2021-09-03,48.66,20.499999999999964,15.500500000000333,0.1360046999999999,35.8644953000003,True,False,False
2021-09-07,48.04,48.99999999999998,29.673199999999877,0.29544599999999993,78.37775399999985,True,False,False
2021-09-08,48.59,-16.99999999999995,-19.558000000000153,0.41398680000000004,-36.97198680000011,True,False,False
2021-09-09,47.75,41.49999999999996,44.18400000000018,0.5285925000000001,85.15540750000014,True,False,False
2021-09-10,48.8,-50.499999999999964,-31.98299999999991,0.743224,-83.22622399999987,False,False,True
2021-09-13,49.48,0.0,0.0,0.0,0.0,False,False,False
2021-09-14,49.31,0.0,0.0,0.0,0.0,False,False,False
2021-09-15,50.69,-4.499999999999943,0.0,0.061588349999999834,-4.561588349999943,True,True,False
2021-09-16,50.7,6.00000000000005,0.024300000000012367,0.008619000000000177,6.015681000000062,True,False,False
2021-09-17,50.32,16.500000000000004,-1.0526000000000073,0.20631200000000008,15.241087999999996,True,False,False
2021-09-20,49.6,-27.500000000000036,-7.898399999999989,0.40572799999999987,-35.80412800000002,True,False,False
2021-09-21,49.58,26.499999999999968,-0.5466000000000854,0.04982789999999995,25.90357209999988,True,False,False
2021-09-22,50.48,29.500000000000036,22.78799999999996,0.47501679999999985,51.8129832,True,False,False
2021-09-23,51.38,-2.9999999999999805,5.850000000000041,0.43184890000000026,2.4181511000000606,True,False,False
2021-09-24,51.82,-0.0,-4.536399999999977,0.28215989999999985,-4.818559899999977,True,False,False
2021-09-27,52.91,-35.00000000000001,-23.107999999999915,0.5359782999999999,-58.643978299999915,True,False,False
2021-09-28,52.4,17.99999999999997,21.144599999999915,0.21169599999999977,38.93290399999989,True,False,False
2021-09-29,52.32,5.000000000000027,2.6703999999999435,0.04630319999999971,7.624096799999971,True,False,False
2021-09-30,52.56,-19.00000000000004,-8.436000000000067,0.08225640000000026,-27.518256400000105,True,False,False
2021-10-01,53.26,-0.9999999999999787,-26.795999999999836,0.2942614999999999,-28.090261499999816,True,False,False
2021-10-04,54.49,-75.0,-60.6759000000002,0.6533351000000002,-136.32923510000018,True,False,False
2021-10-05,55.63,-90.49999999999994,-83.57340000000005,0.22001664999999992,-174.29341664999998,True,False,False
2021-10-06,54.16,128.49999999999991,119.39340000000048,0.40132560000000017,247.49207440000038,True,False,False
2021-10-07,55.36,-93.50000000000006,-79.68000000000018,0.37312640000000014,-173.55312640000022,True,False,False
2021-10-08,55.47,-19.99999999999994,-8.786799999999953,2.2154718,-31.002271799999892,False,False,True
2021-10-11,56.18,0.0,0.0,0.0,0.0,False,False,False
2021-10-12,56.11,0.0,0.0,0.0,0.0,False,False,False
2021-10-13,56.16,0.0,0.0,0.0,0.0,False,False,False
2021-10-14,56.81,-7.0,0.0,0.0005680999999999374,-7.0005681,True,True,False
2021-10-15,57.15,10.499999999999954,-0.006799999999999177,0.15744825000000026,10.335751749999956,True,False,False
2021-10-18,56.96,17.50000000000003,1.0506999999999889,0.05923840000000028,18.491461600000015,True,False,False
2021-10-19,57.42,15.49999999999998,-1.5870000000000017,0.1874763000000001,13.725523699999979,True,False,False
2021-10-20,58.12,-2.999999999999936,-6.985999999999958,0.3420361999999999,-10.328036199999893,True,False,False
2021-10-21,57.41,8.499999999999952,15.442500000000017,0.3387189999999998,23.603780999999966,True,False,False
2021-10-22,58.03,0.5000000000000338,-6.169000000000047,0.2675183000000001,-5.936518300000013,True,False,False
2021-10-25,57.83,20.500000000000007,3.8340000000000556,0.0072287500000002055,24.326771250000064,True,False,False
2021-10-26,58.45,6.99999999999994,-11.730400000000085,0.3997980000000004,-5.130198000000146,True,False,False
2021-10-27,56.9,16.500000000000004,50.53000000000015,0.8762600000000003,66.15374000000016,True,False,False
2021-10-28,57.4,14.500000000000046,-0.9000000000000008,0.13288099999999986,13.467119000000046,True,False,False
2021-10-29,57.15,10.999999999999943,1.6074999999999993,0.03629024999999981,12.571209749999943,True,False,False
2021-11-01,57.53,21.50000000000003,-1.9608000000000145,0.30001894999999984,19.239181050000017,True,False,False
2021-11-02,57.53,17.000000000000036,-0.0,0.02560085000000007,16.974399150000036,True,False,False
2021-11-03,55.34,-44.00000000000004,32.192999999999955,1.4474177,-13.254417700000086,True,False,False
2021-11-04,54.92,-4.0000000000000036,-15.796200000000065,0.4368886000000001,-20.23308860000007,True,False,False
2021-11-05,56.55,68.49999999999999,87.23759999999976,1.5132780000000001,154.22432199999975,False,False,True
2021-11-08,57.09,0.0,0.0,0.0,0.0,False,False,False
2021-11-09,57.97,0.0,0.0,0.0,0.0,False,False,False
2021-11-10,56.32,0.0,0.0,0.0,0.0,False,False,False
2021-11-11,56.22,0.0,0.0,0.0,0.0,False,False,False
2021-11-12,55.98,-7.500000000000057,0.0,0.08620919999999983,-7.586209200000057,True,True,False
2021-11-15,56.07,20.000000000000018,-0.27720000000000994,0.02018520000000012,19.702614800000006,True,False,False
2021-11-16,56.2,27.499999999999993,-0.4940000000000095,0.07643200000000015,26.929567999999982,True,False,False
2021-11-17,55.0,12.999999999999945,7.824000000000022,0.60115,20.222849999999966,True,False,False
2021-11-18,55.55,18.000000000000014,8.436999999999955,0.27608349999999987,26.16091649999997,True,False,False
2021-11-19,53.78,-52.0,-9.557999999999987,0.8456904999999999,-62.40369049999998,True,False,False
2021-11-22,54.45,45.000000000000014,24.689500000000063,0.29675249999999986,69.39274750000008,True,False,False
2021-11-23,56.2,25.99999999999998,45.41250000000001,0.928143,70.48435699999999,True,False,False
2021-11-24,55.88,18.50000000000005,2.2656000000000014,0.1908302000000001,20.574769800000052,True,False,False
2021-11-26,49.63,-383.0,1.5624999999999667,1.9541812500000002,-383.39168125000003,True,False,False
2021-11-29,50.17,62.000000000000014,42.38999999999993,0.17634755000000005,104.21365244999994,True,False,False
2021-11-30,47.91,-173.00000000000006,-193.29780000000045,0.26877509999999993,-366.56657510000053,True,False,False
2021-12-01,47.04,-85.99999999999977,-84.17249999999976,0.008937599999999893,-170.18143759999953,True,False,False
2021-12-02,48.29,114.99999999999977,120.4625,0.008692199999999643,235.45380779999977,True,False,False
2021-12-03,48.0,-60.50000000000006,-28.051699999999915,2.3215199999999996,-90.87321999999998,False,False,True
2021-12-06,50.51,0.0,0.0,0.0,0.0,False,False,False
2021-12-07,51.59,0.0,0.0,0.0,0.0,False,False,False
2021-12-08,52.42,0.0,0.0,0.0,0.0,False,False,False
2021-12-09,51.02,0.0,0.0,0.0,0.0,False,False,False
2021-12-10,52.03,0.0,0.0,0.0,0.0,False,False,False
2021-12-13,51.44,-16.000000000000057,0.0,0.1399168,-16.13991680000006,True,True,False
2021-12-14,50.92,-19.50000000000003,2.8287999999999784,0.21360939999999995,-16.884809400000048,True,False,False
2021-12-15,51.62,45.000000000000014,2.0649999999999853,0.21190009999999987,46.8530999,True,False,False
2021-12-16,51.87,-0.5000000000000782,-1.3149999999999995,0.1052960999999999,-1.9202961000000776,True,False,False
2021-12-17,50.78,4.000000000000092,10.15879999999996,0.35165150000000006,13.807148500000052,True,False,False
2021-12-20,49.9,-24.00000000000002,-3.9864000000000175,0.3500484999999998,-28.33644850000004,True,False,False
2021-12-21,51.57,47.50000000000006,30.99520000000003,0.5835145499999999,77.91168545000008,True,False,False
2021-12-22,52.48,-12.500000000000089,-3.7036999999999822,0.33508479999999985,-16.538784800000073,True,False,False
2021-12-23,53.13,3.500000000000014,-10.94600000000009,0.30443490000000034,-7.7504349000000765,True,False,False
2021-12-27,54.52,-31.49999999999995,-39.337000000000025,0.5419287999999999,-71.37892879999997,True,False,False
2021-12-28,54.67,10.499999999999954,-7.226999999999932,0.15553614999999993,3.117463850000022,True,False,False
2021-12-29,55.08,-8.499999999999996,-22.086699999999816,0.16992180000000026,-30.756621799999813,True,False,False
2021-12-30,55.1,6.00000000000005,-1.200800000000188,0.06777299999999983,4.731426999999862,True,False,False
2021-12-31,54.36,54.999999999999986,46.25000000000013,0.2062962000000003,101.04370380000012,True,False,False
2022-01-03,54.83,1.499999999999968,-25.807699999999933,0.3298024500000002,-24.637502449999964,True,False,False
2022-01-04,55.59,-51.99999999999996,-50.87440000000034,0.29657265000000005,-103.1709726500003,True,False,False
2022-01-05,55.43,8.499999999999996,12.417600000000286,0.0008314500000000316,20.916768550000285,True,False,False
2022-01-06,56.89,-108.99999999999999,-113.26680000000006,0.38087855000000004,-222.64767855000005,True,False,False
2022-01-07,56.67,12.0,20.013399999999898,2.57763495,29.435765049999898,False,False,True
2022-01-10,56.16,0.0,0.0,0.0,0.0,False,False,False
2022-01-11,58.16,-15.999999999999943,0.0,0.1378392,-16.13783919999994,True,True,False
2022-01-12,58.91,-8.000000000000007,-3.555,0.2924881500000001,-11.847488150000007,True,False,False
2022-01-13,58.27,17.499999999999893,9.388799999999907,0.22958380000000012,26.6592161999998,True,False,False
2022-01-14,59.97,-11.999999999999922,-11.542999999999974,0.6878559,-24.230855899999895,True,False,False
2022-01-18,60.97,-94.50000000000003,-29.73,0.3908176999999999,-124.62081770000003,True,False,False
2022-01-19,61.05,7.000000000000028,-3.403999999999927,0.10103775000000007,3.494962250000101,True,False,False
2022-01-20,60.66,29.499999999999993,17.885400000000025,0.13800149999999992,47.24739850000002,True,False,False
2022-01-21,60.78,-1.5000000000000568,-4.957200000000189,0.01975349999999974,-6.476953500000245,True,False,False
2022-01-24,60.11,24.5000000000001,28.113200000000067,0.31407475,52.29912525000016,True,False,False
2022-01-25,60.97,-33.999999999999986,-27.098599999999976,0.40148745000000013,-61.50008744999996,True,False,False
2022-01-26,61.68,-19.000000000000128,-31.72280000000004,0.25473840000000036,-50.977538400000164,True,False,False
2022-01-27,61.86,-0.0,-9.529199999999987,0.08134589999999965,-9.610545899999988,True,False,False
2022-01-28,61.97,0.500000000000167,-6.112699999999968,0.07715265000000007,-5.689852649999802,True,False,False
2022-01-31,62.48,-2.5000000000001243,-29.610599999999884,0.42705080000000006,-32.53765080000001,True,False,False
2022-02-01,62.53,17.499999999999982,-3.586500000000306,0.030952350000000284,13.882547649999676,True,False,False
2022-02-02,62.52,-7.000000000000028,0.7271999999998554,0.13316759999999928,-6.405967600000173,True,False,False
2022-02-03,63.51,-94.00000000000004,-76.2101999999996,0.14607300000000026,-170.35627299999965,True,False,False
2022-02-04,64.91,-132.99999999999994,-114.21199999999988,2.6476789,-249.8596788999998,False,False,True
2022-02-07,64.68,0.0,0.0,0.0,0.0,False,False,False
2022-02-08,63.62,0.0,0.0,0.0,0.0,False,False,False
2022-02-09,64.17,-123.5,0.0,0.11711024999999993,-123.61711025,True,True,False
2022-02-10,63.96,-0.4999999999999005,0.7665000000000026,0.09050340000000014,0.17599660000010198,True,False,False
2022-02-11,65.74,-134.00000000000009,-1.4595999999999825,0.6320901000000001,-136.09169010000008,True,False,False
2022-02-14,66.36,24.00000000000002,-12.43100000000009,0.2767212000000002,11.29227879999993,True,False,False
2022-02-15,64.28,61.49999999999993,59.05119999999996,0.7527188000000001,119.79848119999988,True,False,False
2022-02-16,63.54,2.5000000000000355,3.6778000000000115,0.15376680000000018,6.024033200000047,True,False,False
2022-02-17,64.17,-56.49999999999995,-0.08189999999999831,0.24127920000000017,-56.82317919999995,True,False,False
2022-02-18,64.74,21.999999999999975,-4.3604999999999485,0.15667080000000003,17.482829200000026,True,False,False
2022-02-22,65.54,50.999999999999886,-9.992000000000143,0.3952062,40.61279379999974,True,False,False
2022-02-23,66.24,-7.999999999999918,-17.18499999999972,0.11625119999999982,-25.30125119999964,True,False,False
2022-02-24,66.34,25.0,-2.806000000000239,0.09287600000000026,22.10112399999976,True,False,False
2022-02-25,65.8,36.50000000000002,16.664400000000196,0.12732300000000016,53.03707700000022,True,False,False
2022-02-28,67.48,-49.500000000000014,-45.34320000000018,0.7331702,-95.5763702000002,True,False,False
2022-03-01,71.82,-288.5,-211.44479999999947,1.0528811999999996,-500.9976811999995,True,False,False
2022-03-02,75.42,-380.5,-280.94400000000064,0.5015430000000005,-661.9455430000006,True,False,False
2022-03-03,74.53,101.49999999999989,81.29260000000005,0.0898086500000004,182.70279134999993,True,False,False
2022-03-04,79.46,-504.0,-438.4248999999993,3.5331889,-945.9580888999993,False,False,True
2022-03-07,82.37,0.0,0.0,0.0,0.0,False,False,False
2022-03-08,85.43,0.0,0.0,0.0,0.0,False,False,False
2022-03-09,75.47,0.0,0.0,0.0,0.0,False,False,False
2022-03-10,74.06,-54.99999999999977,0.0,0.27031900000000025,-55.27031899999977,True,True,False
2022-03-11,76.4,6.00000000000005,-17.08200000000004,0.47367999999999966,-11.55567999999999,True,False,False
2022-03-14,72.84,119.00000000000013,70.13200000000003,0.9028518000000001,188.22914820000017,True,False,False
2022-03-15,68.63,-67.50000000000007,-21.428900000000063,0.7744895499999996,-89.70338955000014,True,False,False
2022-03-16,68.28,67.49999999999989,-9.680999999999843,0.21986159999999982,57.599138400000044,True,False,False
2022-03-17,73.68,-2.5000000000000355,184.14000000000016,1.4968091999999997,180.14319080000013,True,False,False
2022-03-18,74.64,15.000000000000036,-6.268799999999956,0.19481040000000013,8.53638960000008,True,False,False
2022-03-21,79.54,-76.49999999999989,-57.57500000000007,1.1561139000000002,-135.23111389999997,True,False,False
2022-03-22,78.56,85.50000000000004,40.00360000000017,0.1473000000000003,125.3563000000002,True,False,False
2022-03-23,81.95,-202.50000000000023,-125.66730000000003,0.8375289999999996,-329.00482900000026,True,False,False
2022-03-24,79.75,175.0,126.52200000000015,0.39197124999999966,301.1300287500002,True,False,False
2022-03-25,80.74,-1.9999999999999574,-47.203199999999754,0.2821862999999998,-49.48538629999971,True,False,False
2022-03-28,74.53,273.00000000000006,339.5006999999996,1.7544361999999998,610.7462637999996,True,False,False
2022-03-29,76.15,51.49999999999997,-12.295800000000039,0.6377562499999998,38.56644374999993,True,False,False
2022-03-30,77.91,-20.999999999999996,-42.83839999999977,0.80130435,-64.63970434999976,True,False,False
2022-03-31,74.12,156.00000000000006,170.20889999999963,1.4030916,324.8058083999997,True,False,False
2022-04-01,74.17,103.49999999999997,-0.35249999999998,0.26144925,102.88605075,False,False,True
2022-04-04,76.86,0.0,0.0,0.0,0.0,False,False,False
2022-04-05,74.8,0.0,0.0,0.0,0.0,False,False,False
2022-04-06,73.05,0.0,0.0,0.0,0.0,False,False,False
2022-04-07,73.11,0.0,0.0,0.0,0.0,False,False,False
2022-04-08,74.11,-30.0,0.0,0.28272964999999994,-30.28272965,True,True,False
2022-04-11,72.3,17.00000000000008,13.810300000000014,0.6496154999999997,30.160684500000098,True,False,False
2022-04-12,75.98,16.000000000000014,38.051200000000044,1.1754105999999995,52.87578940000006,True,False,False
2022-04-13,78.42,-23.50000000000012,-50.26399999999994,0.8061576000000001,-74.57015760000007,True,False,False
2022-04-14,79.57,-60.99999999999994,-47.33399999999965,0.3473230500000004,-108.68132304999959,True,False,False
2022-04-18,80.41,0.4999999999999005,-41.90760000000018,0.36626755,-41.77386755000028,True,False,False
2022-04-19,76.86,182.5000000000001,209.44999999999985,0.9922626,390.9577373999999,True,False,False
2022-04-20,77.24,4.999999999999893,-12.608399999999852,0.2560505999999995,-7.864450599999958,True,False,False
2022-04-21,78.12,15.000000000000124,-35.03280000000038,0.23084460000000015,-20.263644600000255,True,False,False
2022-04-22,76.31,55.49999999999997,82.7532000000001,0.6093353499999999,137.64386465000007,True,False,False
2022-04-25,74.65,55.49999999999997,49.3849999999999,0.6722232500000003,104.21277674999988,True,False,False
2022-04-26,76.46,-32.500000000000014,-21.249399999999852,0.7993893000000004,-54.54878929999987,True,False,False
2022-04-27,76.37,42.99999999999997,2.9384999999996477,0.058041199999999855,45.88045879999962,True,False,False
2022-04-28,78.08,-22.999999999999954,-58.43069999999979,0.7183359999999996,-82.14903599999974,True,False,False
2022-04-29,77.16,43.999999999999986,48.36440000000008,2.0281505999999996,90.33624940000007,False,False,True
2022-05-02,78.38,0.0,0.0,0.0,0.0,False,False,False
2022-05-03,76.69,0.0,0.0,0.0,0.0,False,False,False
2022-05-04,80.22,0.0,0.0,0.0,0.0,False,False,False
2022-05-05,80.48,0.0,0.0,0.0,0.0,False,False,False
2022-05-06,82.13,0.0,0.0,0.0,0.0,False,False,False
2022-05-09,76.57,-27.499999999999886,0.0,0.22626435000000011,-27.726264349999887,True,True,False
2022-05-10,74.53,44.99999999999993,12.056399999999961,0.44904324999999995,56.60735674999989,True,False,False
2022-05-11,78.18,12.500000000000178,22.41100000000002,0.9483233999999998,33.9626766000002,True,False,False
2022-05-12,79.23,2.5000000000000355,-19.025999999999947,0.23729385000000008,-16.76329384999991,True,False,False
2022-05-13,81.28,-27.000000000000135,-49.42549999999993,0.6148831999999999,-77.04038320000005,True,False,False
2022-05-16,83.11,-33.500000000000085,-71.80919999999992,0.4267698500000001,-105.73596985,True,False,False
2022-05-17,81.11,108.99999999999999,99.02,0.27739620000000015,207.74260379999998,True,False,False
2022-05-18,79.29,67.00000000000009,77.65939999999969,0.5899175999999999,144.06948239999977,True,False,False
2022-05-19,80.58,-10.499999999999954,-35.84909999999978,0.4726017000000002,-46.821701699999736,True,False,False
2022-05-20,81.65,-16.500000000000092,-42.2864000000003,0.29149050000000004,-59.07789050000039,True,False,False
2022-05-23,81.97,42.99999999999997,-14.931199999999683,0.28115709999999994,27.787642900000286,True,False,False
2022-05-24,82.0,30.00000000000007,-1.605600000000061,0.1484199999999999,28.24598000000001,True,False,False
2022-05-25,82.48,-8.499999999999996,-27.427200000000227,0.18887919999999994,-36.11607920000023,True,False,False
2022-05-26,84.59,-165.0000000000001,-130.22919999999996,0.6221594499999997,-295.85135945000013,True,False,False
2022-05-27,85.46,-52.99999999999976,-66.49409999999925,0.0880238000000001,-119.58212379999901,True,False,False
2022-05-31,85.47,3.9999999999999147,-0.7849000000004015,0.15299129999999994,3.0621086999995133,True,False,False
2022-06-01,85.54,-20.500000000000007,-5.744900000000606,0.1308762000000001,-26.37577620000061,True,False,False
2022-06-02,87.25,-117.99999999999997,-145.57229999999947,0.31410000000000016,-263.88639999999947,True,False,False
2022-06-03,89.47,-218.00000000000006,-204.9725999999999,4.13038255,-427.1029825499999,False,False,True
2022-06-06,88.39,0.0,0.0,0.0,0.0,False,False,False
2022-06-07,90.04,-25.0,0.0,0.19268560000000032,-25.1926856,True,True,False
2022-06-08,91.99,49.99999999999982,-8.345999999999965,0.6296715499999996,41.02432844999986,True,False,False
2022-06-09,91.08,17.50000000000007,16.35269999999994,0.29008979999999995,33.562610200000016,True,False,False
2022-06-10,90.13,30.00000000000007,11.020000000000033,0.2843601500000002,40.735639850000105,True,False,False
2022-06-13,90.36,-0.0,-1.2167000000000199,0.16084079999999984,-1.3775408000000198,True,False,False
2022-06-14,88.45,6.00000000000005,3.3042999999999907,0.5196437499999997,8.78465625000004,True,False,False
2022-06-15,86.93,17.99999999999997,-15.230399999999953,0.5181028,2.2514972000000184,True,False,False
2022-06-16,87.66,34.500000000000064,16.01619999999977,0.24457139999999994,50.271628599999836,True,False,False
2022-06-17,83.34,-184.00000000000017,-70.67519999999988,1.3188555000000004,-255.99405550000006,True,False,False
2022-06-21,84.05,128.5,34.0870999999997,0.2332387500000002,162.3538612499997,True,False,False
2022-06-22,80.88,-210.99999999999994,-169.78520000000012,0.6648335999999996,-381.45003360000004,True,False,False
2022-06-23,78.98,-119.50000000000003,-132.9999999999994,0.5741846000000003,-253.07418459999943,True,False,False
2022-06-24,81.27,159.50000000000006,193.59659999999934,0.2885084999999997,352.8080914999994,True,False,False
2022-06-27,82.93,168.99999999999994,128.55040000000085,0.27574225000000024,297.27465775000076,True,False,False
2022-06-28,84.72,141.50000000000009,126.71409999999945,0.44520360000000025,267.7688963999995,True,False,False
2022-06-29,82.95,-112.5,-106.69559999999976,0.5773320000000001,-219.77293199999977,True,False,False
2022-06-30,80.35,-236.50000000000003,-192.92000000000064,0.7544864999999994,-430.1744865000006,True,False,False
2022-07-01,81.67,137.0,122.73360000000068,3.7968382999999997,255.93676170000072,False,False,True
2022-07-05,74.78,0.0,0.0,0.0,0.0,False,False,False
2022-07-06,73.67,-27.500000000000114,0.0,0.13223764999999976,-27.632237650000114,True,True,False
2022-07-07,76.55,-50.9999999999998,-10.339199999999964,0.8784112500000003,-62.21761124999976,True,False,False
2022-07-08,78.54,-28.000000000000114,-52.81460000000025,0.47084729999999997,-81.28544730000036,True,False,False
2022-07-11,78.23,40.000000000000036,11.944300000000087,0.01447255000000018,51.929827450000126,True,False,False
2022-07-12,72.81,104.0,210.8380000000001,1.5894423000000004,313.2485577000001,True,False,False
2022-07-13,73.19,45.000000000000014,1.8087999999999795,0.14894165000000026,46.65985834999999,True,False,False
2022-07-14,72.85,-20.000000000000018,-0.23460000000000106,0.11182475000000042,-20.34642475000002,True,False,False
2022-07-15,73.74,62.499999999999915,3.346400000000009,0.20057280000000022,65.64582719999991,True,False,False
2022-07-18,76.81,-26.999999999999957,-5.157600000000007,1.07879645,-33.236396449999965,True,False,False
2022-07-19,78.05,-27.000000000000046,-36.91479999999985,0.4386409999999998,-64.3534409999999,True,False,False
2022-07-20,77.64,41.0000000000001,16.814099999999858,0.002329200000000088,57.811770799999955,True,False,False
2022-07-21,75.49,104.4999999999999,88.30050000000024,0.7888705,192.01162950000014,True,False,False
2022-07-22,74.53,61.50000000000002,19.36319999999987,0.3532721999999999,80.50992779999989,True,False,False
2022-07-25,76.22,6.99999999999994,-18.066099999999974,0.7804927999999999,-11.846592800000034,True,False,False
2022-07-26,75.16,44.50000000000003,33.04020000000007,0.5110879999999998,77.0291120000001,True,False,False
2022-07-27,77.87,-84.99999999999997,-47.61470000000015,1.3892007999999998,-134.0039008000001,True,False,False
2022-07-28,77.13,83.50000000000009,39.405000000000484,0.26956935000000004,122.63543065000057,True,False,False
2022-07-29,78.05,-56.000000000000014,-42.559200000000075,1.8052964999999999,-100.36449650000009,False,False,True
2022-08-01,75.13,0.0,0.0,0.0,0.0,False,False,False
2022-08-02,75.93,0.0,0.0,0.0,0.0,False,False,False
2022-08-03,73.53,0.0,0.0,0.0,0.0,False,False,False
2022-08-04,71.53,-32.5,0.0,0.18812389999999993,-32.6881239,True,True,False
2022-08-05,71.54,34.999999999999964,-0.05260000000002689,0.024323599999999897,34.923076399999935,True,False,False
2022-08-08,73.54,9.999999999999964,-9.160000000000002,0.6967915,0.14320849999996255,True,False,False
2022-08-09,73.45,29.499999999999993,2.1177000000000805,0.031216249999999793,31.586483750000074,True,False,False
2022-08-10,74.32,6.00000000000005,-21.21059999999976,0.39947000000000027,-15.610069999999713,True,False,False
2022-08-11,76.28,-72.49999999999997,-68.85480000000028,0.5255691999999998,-141.88036920000025,True,False,False
2022-08-12,74.98,74.50000000000001,63.582999999999856,0.38052349999999996,137.70247649999985,True,False,False
2022-08-15,72.88,75.0,81.39600000000033,0.6220307999999997,155.77396920000032,True,False,False
2022-08-16,71.24,8.499999999999908,35.57160000000002,0.7555002000000002,43.316099799999925,True,False,False
2022-08-17,72.05,20.000000000000107,-0.38879999999999876,0.3541257500000002,19.257074250000105,True,False,False
2022-08-18,74.21,-20.000000000000107,-22.26959999999997,0.9361591499999998,-43.20575915000008,True,False,False
2022-08-19,74.06,6.500000000000039,5.330999999999697,0.028142799999999926,11.802857199999737,True,False,False
2022-08-22,74.68,-0.4999999999999005,-21.563600000000157,0.2367355999999999,-22.300335600000057,True,False,False
2022-08-23,76.83,-86.00000000000011,-88.40799999999965,0.9173501999999996,-175.32535019999975,True,False,False
2022-08-24,78.04,-76.00000000000007,-78.6500000000005,0.4058080000000008,-155.05580800000058,True,False,False
2022-08-25,76.5,112.0000000000001,116.11600000000048,0.3951225000000005,227.72087750000057,True,False,False
2022-08-26,75.85,42.500000000000014,42.29550000000037,2.4677797499999996,82.32772025000037,False,False,True
2022-08-29,78.69,0.0,0.0,0.0,0.0,False,False,False
2022-08-30,75.47,0.0,0.0,0.0,0.0,False,False,False
2022-08-31,73.11,0.0,0.0,0.0,0.0,False,False,False
2022-09-01,70.95,0.0,0.0,0.0,0.0,False,False,False
2022-09-02,71.43,-32.5,0.0,0.20250404999999994,-32.70250405,True,True,False
2022-09-06,71.42,92.49999999999989,0.05670000000002898,0.007142000000000197,92.54955799999992,True,False,False
2022-09-07,67.62,-44.49999999999994,22.305999999999994,1.1285778,-23.322577799999948,True,False,False
2022-09-08,68.09,40.50000000000003,12.929699999999967,0.06434504999999965,53.36535495,True,False,False
2022-09-09,71.1,115.50000000000003,77.11619999999978,0.9051030000000003,191.71109699999982,True,False,False
2022-09-12,72.37,-13.500000000000068,0.20319999999999336,0.5597819499999996,-13.856581950000074,True,False,False
2022-09-13,72.01,11.500000000000021,5.51159999999999,0.2138696999999998,16.797730300000012,True,False,False
2022-09-14,72.73,17.499999999999982,-6.74639999999999,0.30292044999999995,10.450679549999991,True,False,False
2022-09-15,69.76,19.00000000000004,52.56899999999998,1.1677824,70.40121760000002,True,False,False
2022-09-16,69.9,40.499999999999936,2.209200000000009,0.012232500000000236,42.69696749999994,True,False,False
2022-09-19,70.05,51.00000000000007,2.4194999999998634,0.09736949999999979,53.322130499999936,True,False,False
2022-09-20,69.22,-12.99999999999999,-15.695299999999968,0.2979921,-28.993292099999955,True,False,False
2022-09-21,68.68,8.999999999999986,-14.86079999999978,0.3406528,-6.201452799999795,True,False,False
2022-09-22,68.97,35.49999999999996,10.857599999999701,0.029657099999999978,46.327942899999655,True,False,False
2022-09-23,65.32,-251.00000000000003,-133.5170000000002,1.1947027999999997,-385.71170280000024,False,False,True
2022-09-26,63.2,0.0,0.0,0.0,0.0,False,False,False
2022-09-27,64.42,0.0,0.0,0.0,0.0,False,False,False
2022-09-28,67.13,0.0,0.0,0.0,0.0,False,False,False
2022-09-29,66.77,0.0,0.0,0.0,0.0,False,False,False
2022-09-30,65.28,0.0,0.0,0.0,0.0,False,False,False
2022-10-03,67.89,-17.5,0.0,0.17821125000000015,-17.67821125,True,True,False
2022-10-04,70.28,-30.00000000000007,-12.547500000000014,0.6114359999999999,-43.15893600000008,True,False,False
2022-10-05,71.94,-26.999999999999957,-37.59899999999992,0.44135190000000035,-65.04035189999988,True,False,False
2022-10-06,72.99,-4.000000000000092,-36.66599999999991,0.2521804499999999,-40.91818045,True,False,False
2022-10-07,75.1,-125.99999999999997,-88.26129999999999,0.5456014999999997,-214.80690149999995,True,False,False
2022-10-10,73.78,134.99999999999997,74.39519999999962,0.17116960000000003,209.22403039999958,True,False,False
2022-10-11,71.75,112.50000000000009,104.99160000000006,0.4997387499999998,216.99186125000014,True,False,False
2022-10-12,70.93,46.99999999999997,30.987799999999748,0.2124353500000005,77.77536464999972,True,False,False
2022-10-13,72.52,-40.499999999999936,-50.56199999999965,0.5156172000000003,-91.57761719999958,True,False,False
2022-10-14,70.17,104.4999999999999,108.14699999999975,0.7073136000000002,211.93968639999966,True,False,False
2022-10-17,70.13,33.0000000000001,1.0344000000001616,0.010519499999999776,34.02388050000026,True,False,False
2022-10-18,68.7,74.00000000000003,37.40879999999979,0.48158699999999993,110.92721299999981,True,False,False
2022-10-19,70.04,1.9999999999999574,-16.267600000000034,0.5284517999999999,-14.796051800000075,True,False,False
2022-10-20,70.18,18.49999999999996,-3.8122000000000145,0.11404250000000013,14.573757499999946,True,False,False
2022-10-21,70.57,13.499999999999979,-11.887199999999583,0.16689804999999988,1.4459019500003962,True,False,False
2022-10-24,70.38,39.00000000000006,6.689899999999919,0.03765330000000001,45.65224669999997,True,False,False
2022-10-25,70.61,7.999999999999918,-8.344400000000142,0.23407215000000034,-0.5784721500002244,True,False,False
2022-10-26,72.97,-130.50000000000006,-101.26759999999999,0.8727211999999999,-232.64032120000005,True,False,False
2022-10-27,73.62,-10.999999999999854,-43.43950000000038,0.30883590000000005,-54.748335900000235,True,False,False
2022-10-28,72.82,74.49999999999989,60.176000000000855,2.7387601999999998,131.93723980000073,False,False,True
2022-10-31,71.53,0.0,0.0,0.0,0.0,False,False,False
2022-11-01,73.12,-29.999999999999886,0.0,0.24129600000000004,-30.241295999999885,True,True,False
2022-11-02,74.08,0.9999999999998899,-6.335999999999959,0.3026167999999999,-5.63861680000007,True,False,False
2022-11-03,73.29,29.000000000000004,11.668299999999881,0.22206870000000017,40.44623129999989,True,False,False
2022-11-04,76.82,-91.00000000000001,-30.74629999999987,1.0839301999999997,-122.83023019999987,True,False,False
2022-11-07,76.56,77.00000000000014,9.601799999999661,0.01990560000000039,86.5818943999998,True,False,False
2022-11-08,74.47,76.99999999999996,78.27050000000014,0.62592035,154.64457965000008,True,False,False
2022-11-09,71.67,35.49999999999996,57.79199999999995,1.039215,92.25278499999992,True,False,False
2022-11-10,72.24,40.000000000000036,4.765199999999941,0.16904159999999965,44.59615839999998,True,False,False
2022-11-11,74.38,2.4999999999999467,7.875200000000014,0.9587582000000002,9.41644179999996,True,False,False
2022-11-14,71.91,28.500000000000014,54.586999999999975,1.035504,82.05149599999999,True,False,False
2022-11-15,73.25,-2.999999999999936,8.978000000000016,0.5142149999999998,5.46378500000008,True,False,False
2022-11-16,72.04,41.000000000000014,8.88139999999995,0.48230779999999973,49.39909219999996,True,False,False
2022-11-17,70.14,-20.000000000000107,-11.495000000000024,0.9861684000000003,-32.48116840000013,True,False,False
2022-11-18,69.03,-25.0,-37.928699999999985,0.5577624000000002,-63.486462399999986,True,False,False
2022-11-21,69.03,8.999999999999986,0.0,0.03244409999999992,8.967555899999986,True,False,False
2022-11-22,69.98,66.50000000000009,48.70650000000015,0.30546270000000036,114.90103730000023,True,False,False
2022-11-23,67.41,-159.50000000000006,-109.3278000000003,0.8776782000000002,-269.70547820000036,True,False,False
2022-11-25,66.96,23.500000000000057,-30.861000000000193,2.2960583999999997,-9.657058400000135,False,False,True
2022-11-28,66.88,0.0,0.0,0.0,0.0,False,False,False
2022-11-29,68.34,0.0,0.0,0.0,0.0,False,False,False
2022-11-30,70.23,-32.499999999999886,0.0,0.2767062000000001,-32.776706199999886,True,True,False
2022-12-01,70.45,24.499999999999922,-1.7335999999999918,0.09369849999999985,22.67270149999993,True,False,False
2022-12-02,69.84,13.000000000000078,6.429399999999993,0.20253599999999977,19.226864000000074,True,False,False
2022-12-05,67.72,27.500000000000036,10.048800000000034,0.8214436000000002,36.72735640000007,True,False,False
2022-12-06,65.23,-65.50000000000003,-48.6047999999999,0.8160273000000001,-114.92082729999993,True,False,False
2022-12-07,63.65,-100.99999999999997,-70.37320000000024,0.45859825000000015,-171.83179825000022,True,False,False
2022-12-08,62.71,-52.00000000000004,-55.41299999999987,0.23986575000000018,-107.65286574999992,True,False,False
2022-12-09,62.85,31.00000000000005,9.324000000000039,4.46576109425223e-16,40.32400000000009,True,False,False
2022-12-12,64.41,117.0,103.89599999999967,0.26279279999999966,220.63320719999967,True,False,False
2022-12-13,65.86,112.99999999999999,84.73800000000017,0.39515999999999996,197.34284000000017,True,False,False
2022-12-14,67.36,85.00000000000006,69.66000000000001,0.46882560000000006,154.19117440000008,True,False,False
2022-12-15,66.15,-31.00000000000005,-39.3491999999998,0.6039494999999999,-70.95314949999985,True,False,False
2022-12-16,64.9,-63.00000000000008,-63.475,0.8965934999999999,-127.37159350000007,True,False,False
2022-12-19,66.07,99.50000000000001,91.73969999999902,0.68085135,190.55884864999902,True,False,False
2022-12-20,66.22,37.5,8.670000000000329,0.12449359999999993,46.04550640000033,True,False,False
2022-12-21,68.06,112.50000000000004,113.2704000000002,0.8456454999999998,224.92475450000023,True,False,False
2022-12-22,67.7,-0.5000000000000338,-13.215599999999979,0.3019419999999998,-14.017542000000013,True,False,False
2022-12-23,69.32,68.00000000000006,73.92059999999955,1.5815357999999997,140.3390641999996,False,False,True
2022-12-27,69.53,0.0,0.0,0.0,0.0,False,False,False
2022-12-28,68.58,0.0,0.0,0.0,0.0,False,False,False
2022-12-29,68.53,-22.5,0.0,0.13980119999999982,-22.6398012,True,True,False
2022-12-30,70.11,-12.99999999999999,-6.446399999999985,0.6355471500000003,-20.081947149999976,True,False,False
2023-01-03,67.64,43.50000000000005,54.85869999999998,0.9243006000000001,97.43439940000003,True,False,False
2023-01-04,64.3,-88.49999999999997,-17.100800000000028,1.1602934999999999,-106.76109349999999,True,False,False
2023-01-05,64.78,55.49999999999997,19.780800000000163,0.11239329999999997,75.16840670000015,True,False,False
2023-01-06,64.83,29.499999999999993,1.8869999999998928,0.08752050000000008,31.299479499999887,True,False,False
2023-01-09,65.88,67.0,42.46199999999989,0.3284118000000002,109.13358819999989,True,False,False
2023-01-10,65.9,25.49999999999999,0.6094000000003117,0.016145499999999948,26.0932545000003,True,False,False
2023-01-11,68.05,43.99999999999995,66.56399999999974,1.0023764999999998,109.56162349999968,True,False,False
2023-01-12,68.61,41.0000000000001,0.8400000000000042,0.20926050000000018,41.630739500000104,True,False,False
2023-01-13,70.05,-0.5000000000000782,-6.623999999999995,0.8300925,-7.9540925000000735,True,False,False
2023-01-17,70.86,-6.00000000000005,-22.92300000000007,0.5945154,-29.517515400000118,True,False,False
2023-01-18,69.51,79.50000000000004,60.85799999999975,0.8191753500000004,139.53882464999978,True,False,False
2023-01-19,70.59,-18.99999999999995,-23.230799999999956,0.7994317500000004,-43.030231749999906,True,False,False
2023-01-20,71.55,-33.00000000000006,-42.39359999999973,1.5798240000000001,-76.9734239999998,False,False,True
2023-01-23,71.5,0.0,0.0,0.0,0.0,False,False,False
2023-01-24,70.22,0.0,0.0,0.0,0.0,False,False,False
2023-01-25,70.51,0.0,0.0,0.0,0.0,False,False,False
2023-01-26,70.93,0.0,0.0,0.0,0.0,False,False,False
2023-01-27,69.5,-28.5,0.0,0.16610500000000006,-28.666105,True,True,False
2023-01-30,68.1,-3.000000000000025,6.692000000000029,0.529818,3.1621820000000036,True,False,False
2023-01-31,69.32,41.99999999999999,13.15159999999999,0.440182,54.71141799999998,True,False,False
2023-02-01,67.36,20.999999999999996,3.763199999999987,0.7891224,23.974077599999983,True,False,False
2023-02-02,66.57,-27.499999999999947,-16.992900000000137,0.47164844999999994,-44.96454845000008,True,False,False
2023-02-03,64.4,-94.00000000000004,-77.42559999999955,0.8050000000000002,-172.23059999999958,True,False,False
2023-02-06,65.5,68.99999999999994,66.74799999999965,0.29704250000000004,135.4509574999996,True,False,False
2023-02-07,67.76,115.50000000000011,116.63860000000027,0.9537220000000001,231.1848780000004,True,False,False
2023-02-08,68.68,24.499999999999964,21.583200000000037,0.4835071999999998,45.59969280000001,True,False,False
2023-02-09,67.92,11.999999999999966,-7.1288000000000515,0.47544,4.395759999999915,True,False,False
2023-02-10,69.87,17.000000000000036,45.59100000000007,1.14202515,61.448974850000106,True,False,False
2023-02-13,69.5,13.499999999999979,3.4447000000000405,0.18278499999999992,16.76191500000002,True,False,False
2023-02-14,69.4,43.50000000000001,0.40499999999997677,0.12943100000000002,43.77556899999999,True,False,False
2023-02-15,69.02,25.99999999999998,0.12160000000000236,0.28850359999999986,25.83309639999998,True,False,False
2023-02-16,68.45,14.000000000000012,-4.582799999999944,0.47949225000000023,8.937707750000069,True,False,False
2023-02-17,67.02,-48.000000000000014,-31.531500000000158,0.7388955000000001,-80.27039550000016,False,False,True
2023-02-21,66.69,0.0,0.0,0.0,0.0,False,False,False
2023-02-22,64.92,0.0,0.0,0.0,0.0,False,False,False
2023-02-23,66.38,0.0,0.0,0.0,0.0,False,False,False
2023-02-24,67.1,0.0,0.0,0.0,0.0,False,False,False
2023-02-27,66.25,-19.0,0.0,0.2626812500000001,-19.26268125,True,True,False
2023-02-28,67.21,23.000000000000043,-7.612799999999954,0.3824248999999997,15.004775100000089,True,False,False
2023-03-01,68.07,-40.000000000000036,-16.606599999999986,0.30937815000000024,-56.91597815000002,True,False,False
2023-03-02,68.3,22.499999999999876,-6.532000000000114,0.11713449999999986,15.850865499999761,True,False,False
2023-03-03,69.86,-50.4999999999999,-49.65480000000007,0.5627223,-100.71752229999997,True,False,False
2023-03-06,70.49,-6.500000000000039,-30.20219999999978,0.3182623500000005,-37.02046234999982,True,False,False
2023-03-07,67.85,132.00000000000003,150.40080000000006,0.9448112500000001,281.45598875000013,True,False,False
2023-03-08,67.1,30.00000000000007,21.840000000000007,0.29087850000000004,51.549121500000076,True,False,False
2023-03-09,66.24,13.99999999999988,17.586999999999993,0.4136688000000004,31.173331199999872,True,False,False
2023-03-10,67.14,-41.9999999999999,-7.164000000000041,0.33435720000000024,-49.498357199999944,True,False,False
2023-03-13,65.25,21.999999999999975,33.868800000000014,0.7536375000000001,55.11516249999999,True,False,False
2023-03-14,62.93,-82.50000000000001,-12.017600000000005,0.9279028499999998,-95.44550285000001,True,False,False
2023-03-15,60.02,-154.5,-100.88969999999986,0.7610536000000004,-256.15075359999986,True,False,False
2023-03-16,60.05,25.49999999999999,1.800899999999642,0.19726425,27.103635749999633,True,False,False
2023-03-17,58.66,-121.0,-92.57400000000005,0.29769949999999973,-213.87169950000006,True,False,False
2023-03-20,59.79,111.49999999999993,86.72750000000019,0.07144905000000001,198.15605095000012,True,False,False
2023-03-21,61.23,124.50000000000001,107.07839999999983,0.2957408999999999,231.28265909999985,True,False,False
2023-03-22,61.61,83.99999999999999,24.586000000000165,0.10997384999999979,108.47602615000015,True,False,False
2023-03-23,60.99,-56.99999999999994,-42.32739999999982,0.5016427500000001,-99.82904274999976,True,False,False
2023-03-24,60.96,-13.999999999999954,-2.5416000000000962,2.5822656000000004,-19.123865600000048,False,False,True
2023-03-27,64.15,0.0,0.0,0.0,0.0,False,False,False
2023-03-28,64.55,-23.0,0.0,0.18009449999999988,-23.1800945,True,True,False
2023-03-29,64.15,18.49999999999996,2.231999999999951,0.1324697499999997,20.599530249999912,True,False,False
2023-03-30,65.32,15.500000000000025,-1.69649999999999,0.3592599999999995,13.444240000000036,True,False,False
2023-03-31,66.44,-9.500000000000064,-13.94400000000005,0.45677500000000026,-23.900775000000117,True,False,False
2023-04-03,70.27,-167.0,-100.34599999999996,1.2339411999999996,-268.57994119999995,True,False,False
2023-04-04,70.27,6.00000000000005,-0.0,0.0028108000000001895,5.99718920000005,True,False,False
2023-04-05,70.24,-0.5000000000000782,1.8420000000000698,0.08815119999999992,1.2538487999999917,True,False,False
2023-04-06,70.26,31.00000000000005,-1.278200000000654,0.11873940000000034,29.603060599999395,True,False,False
2023-04-10,69.76,58.0000000000001,33.645,0.038019200000000614,91.6069808000001,True,False,False
2023-04-11,71.07,-87.50000000000009,-86.7219999999992,0.44170005000000023,-174.6637000499993,True,False,False
2023-04-12,72.43,-109.50000000000006,-106.93680000000107,0.2984116000000004,-216.73521160000115,True,False,False
2023-04-13,71.8,66.0000000000001,54.72810000000084,0.01902700000000004,120.70907300000096,True,False,False
2023-04-14,72.09,-20.500000000000096,-25.038600000000542,0.0446957999999993,-45.58329580000064,True,False,False
2023-04-17,70.84,115.00000000000003,109.47499999999998,0.03648259999999904,224.43851740000002,True,False,False
2023-04-18,70.73,13.999999999999968,9.520499999999952,0.030767550000000164,23.48973244999992,True,False,False
2023-04-19,69.3,127.00000000000004,125.01060000000062,0.3534300000000006,251.65717000000066,True,False,False
2023-04-20,67.6,138.99999999999997,131.27400000000023,0.609414,269.6645860000002,True,False,False
2023-04-21,68.21,-38.49999999999994,-36.10589999999996,2.01867495,-76.62457494999991,False,False,True
2023-04-24,69.25,0.0,0.0,0.0,0.0,False,False,False
2023-04-25,67.62,0.0,0.0,0.0,0.0,False,False,False
2023-04-26,65.36,-26.5,0.0,0.11372639999999999,-26.6137264,True,True,False
2023-04-27,65.81,25.500000000000078,-1.5660000000000096,0.16781549999999978,23.76618450000007,True,False,False
2023-04-28,67.5,-10.500000000000043,-14.50019999999997,0.6925500000000001,-25.692750000000014,True,False,False
2023-05-01,66.55,46.499999999999986,27.645000000000078,0.2918217499999998,73.85317825000007,True,False,False
2023-05-02,63.05,-2.999999999999936,71.155,1.484197,66.67080300000006,True,False,False
2023-05-03,60.31,-132.50000000000003,-73.29499999999986,0.9480732000000005,-206.7430731999999,True,False,False
2023-05-04,60.7,-0.49999999999998934,22.694100000000038,0.0549335000000005,22.139166500000048,True,False,False
2023-05-05,63.03,175.4999999999999,131.36539999999988,0.7749538499999997,306.0904461499998,True,False,False
2023-05-08,64.26,58.500000000000085,39.10170000000013,0.5340006000000002,97.06769940000022,True,False,False
2023-05-09,64.87,16.500000000000004,9.253699999999991,0.3311613499999999,25.422538649999996,True,False,False
2023-05-10,64.39,20.999999999999996,-2.3808000000000216,0.3332182499999997,18.285981749999976,True,False,False
2023-05-11,63.25,-23.000000000000043,-17.453400000000002,0.76753875,-41.220938750000045,True,False,False
2023-05-12,62.07,-51.99999999999996,-46.704399999999985,0.54900915,-99.25340914999994,True,False,False
2023-05-15,62.99,71.49999999999999,52.688400000000094,0.26235334999999976,123.92604665000009,True,False,False
2023-05-16,62.54,-6.999999999999984,-22.023000000000142,0.2267075,-29.249707500000124,True,False,False
2023-05-17,64.6,85.99999999999999,115.75139999999973,1.2341830000000003,200.5172169999997,True,False,False
2023-05-18,64.04,14.000000000000012,-10.068799999999786,0.5552268,3.3759732000002263,True,False,False
2023-05-19,63.9,3.9999999999999813,-4.944800000000271,1.128474,-2.073274000000289,False,False,True
2023-05-22,63.91,0.0,0.0,0.0,0.0,False,False,False
2023-05-23,64.87,0.0,0.0,0.0,0.0,False,False,False
2023-05-24,65.66,0.0,0.0,0.0,0.0,False,False,False
2023-05-25,64.09,-16.5,0.0,0.1890655000000002,-16.6890655,True,True,False
2023-05-26,64.8,-3.500000000000014,-4.188999999999967,0.32561999999999974,-8.014619999999981,True,False,False
2023-05-30,62.3,15.000000000000036,39.87499999999999,1.0908729999999998,53.784127000000026,True,False,False
2023-05-31,60.63,-49.00000000000002,-31.84689999999989,0.5753787,-81.42227869999992,True,False,False
2023-06-01,62.55,59.999999999999964,73.05599999999978,0.7036874999999998,132.35231249999975,True,False,False
2023-06-02,64.15,-5.499999999999972,24.880000000000138,0.7133480000000004,18.666652000000166,True,False,False
2023-06-05,64.03,75.50000000000009,0.8028000000000313,0.007683599999999894,76.29511640000013,True,False,False
2023-06-06,63.79,27.499999999999947,1.6632000000000147,0.18818049999999986,28.97501949999996,True,False,False
2023-06-07,64.71,13.999999999999968,-0.9476000000000024,0.48888404999999985,12.563515949999966,True,False,False
2023-06-08,63.46,28.000000000000025,20.17499999999989,0.6977427,47.47725729999991,True,False,False
2023-06-09,62.93,17.000000000000036,-3.100500000000004,0.44711765000000003,13.452382350000033,True,False,False
2023-06-12,60.24,-112.00000000000006,-53.96139999999994,1.3797972000000005,-167.3411972,True,False,False
2023-06-13,62.14,113.99999999999997,125.15299999999992,0.9000979000000002,238.25290209999991,True,False,False
2023-06-14,61.83,5.50000000000006,-11.439000000000084,0.3641787000000001,-6.303178700000023,True,False,False
2023-06-15,63.41,70.00000000000001,76.91439999999992,1.17593845,145.73846154999995,True,False,False
2023-06-16,64.35,24.999999999999968,10.894599999999974,0.37290824999999994,35.52169174999994,False,False,True
2023-06-20,63.92,0.0,0.0,0.0,0.0,False,False,False
2023-06-21,65.04,0.0,0.0,0.0,0.0,False,False,False
2023-06-22,62.52,0.0,0.0,0.0,0.0,False,False,False
2023-06-23,62.42,-16.500000000000114,0.0,0.12920939999999997,-16.629209400000114,True,True,False
2023-06-26,62.73,6.500000000000128,-1.2833999999999797,0.12106890000000009,5.095531100000148,True,False,False
2023-06-27,61.3,2.499999999999858,11.44,0.6724609999999999,13.267538999999857,True,False,False
2023-06-28,62.52,28.500000000000014,17.00680000000008,0.6286385999999999,44.878161400000096,True,False,False
2023-06-29,62.96,20.000000000000018,-2.7147999999999852,0.15425200000000014,17.130948000000032,True,False,False
2023-06-30,63.55,9.00000000000003,-6.53129999999996,0.3196564999999997,2.1490435000000705,True,False,False
2023-07-03,63.39,16.499999999999957,3.3807999999999265,0.08177309999999972,19.799026899999884,True,False,False
2023-07-05,64.63,-32.49999999999993,-23.001999999999907,0.73581255,-56.23781254999984,True,False,False
2023-07-06,64.44,40.99999999999997,7.850799999999906,0.06605100000000014,48.78474899999988,True,False,False
2023-07-07,65.85,-62.50000000000004,-55.37069999999986,0.8175277499999999,-118.6882277499999,True,False,False
2023-07-10,65.54,25.0,19.870999999999235,0.1304245999999997,44.74057539999924,True,False,False
2023-07-11,67.03,-100.0,-89.5787999999997,0.6622563999999997,-190.2410563999997,True,False,False
2023-07-12,67.87,-62.999999999999986,-67.09920000000027,0.26876520000000004,-130.36796520000024,True,False,False
2023-07-13,69.09,-97.50000000000006,-107.1159999999999,0.23801505000000003,-204.85401504999996,True,False,False
2023-07-14,67.47,127.00000000000011,153.39780000000042,3.19436715,277.2034328500005,False,False,True
2023-07-17,66.58,0.0,0.0,0.0,0.0,False,False,False
2023-07-18,67.96,0.0,0.0,0.0,0.0,False,False,False
2023-07-19,67.69,0.0,0.0,0.0,0.0,False,False,False
2023-07-20,68.05,0.0,0.0,0.0,0.0,False,False,False
2023-07-21,68.99,0.0,0.0,0.0,0.0,False,False,False
2023-07-24,70.69,-12.0,0.0,0.24706155000000007,-12.24706155,True,True,False
2023-07-25,71.16,-3.000000000000025,-3.285299999999993,0.2270003999999999,-6.512300400000017,True,False,False
2023-07-26,70.66,30.00000000000007,6.685,0.24130390000000013,36.443696100000075,True,False,False
2023-07-27,71.43,-1.5000000000000568,-5.035800000000063,0.34607835000000026,-6.88187835000012,True,False,False
2023-07-28,72.09,8.000000000000007,-10.711799999999945,0.38676285000000005,-3.0985628499999383,True,False,False
2023-07-31,73.17,-37.5,-29.116799999999955,0.58536,-67.20215999999995,True,False,False
2023-08-01,72.96,25.0,9.021600000000342,0.06639360000000026,33.95520640000034,True,False,False
2023-08-02,71.48,42.499999999999986,60.88719999999957,0.7830633999999996,102.60413659999955,True,False,False
2023-08-03,73.14,-49.500000000000014,-31.92179999999994,0.8572008,-82.27900079999996,True,False,False
2023-08-04,73.79,-20.999999999999908,-27.735500000000243,0.3907180500000002,-49.12621805000015,True,False,False
2023-08-07,73.82,27.499999999999858,-1.5977999999993038,0.13767430000000014,25.764525700000554,True,False,False
2023-08-08,74.06,-6.4999999999998614,-13.67760000000052,0.1966292999999996,-20.37422930000038,True,False,False
2023-08-09,75.1,-71.00000000000009,-64.7919999999995,0.2737395000000002,-136.06573949999958,True,False,False
2023-08-10,74.2,77.50000000000003,62.63099999999941,0.28604100000000005,139.84495899999942,True,False,False
2023-08-11,74.25,-0.9999999999999787,-3.0939999999998244,0.17263124999999993,-4.266631249999803,True,False,False
2023-08-14,73.81,55.99999999999996,29.27319999999985,0.1166198000000004,85.15658019999981,True,False,False
2023-08-15,72.62,71.0,75.41029999999985,0.5264949999999998,145.88380499999982,True,False,False
2023-08-16,71.37,61.00000000000003,61.0875,0.8207550000000001,121.26674500000003,True,False,False
2023-08-17,71.98,3.500000000000014,-15.780699999999984,0.47830710000000026,-12.75900709999997,True,False,False
2023-08-18,72.79,-34.000000000000036,-31.719600000000092,1.4252282000000003,-67.14482820000013,False,False,True
2023-08-21,72.58,0.0,0.0,0.0,0.0,False,False,False
2023-08-22,72.28,-17.500000000000114,0.0,0.05963100000000026,-17.559631000000113,True,True,False
2023-08-23,71.36,11.50000000000011,1.5180000000000093,0.49167040000000056,12.52632960000012,True,False,False
2023-08-24,71.41,5.999999999999961,0.606499999999966,0.07962215000000034,6.526877849999926,True,False,False
2023-08-25,72.45,90.00000000000003,10.29600000000006,0.4774455000000002,99.81855450000009,True,False,False
2023-08-28,72.41,-56.00000000000005,0.13120000000002072,0.017378399999999693,-55.88617840000003,True,False,False
2023-08-29,73.32,8.000000000000052,-3.421599999999984,0.4956431999999999,4.082756800000068,True,False,False
2023-08-30,73.66,-55.00000000000003,-5.875200000000057,0.21508720000000012,-61.090287200000084,True,False,False
2023-08-31,75.06,20.000000000000018,-32.36800000000013,0.8204058000000003,-13.188405800000112,True,False,False
2023-09-01,76.92,-116.00000000000001,-83.66279999999998,0.7549697999999999,-200.4177698,True,False,False
2023-09-05,77.76,-45.000000000000014,-54.27240000000022,0.3837456000000002,-99.65614560000023,True,False,False
2023-09-06,78.52,-57.00000000000003,-56.60479999999932,0.2602937999999998,-113.86509379999936,True,False,False
2023-09-07,77.95,60.50000000000013,46.23269999999945,0.08535524999999991,106.64734474999956,True,False,False
2023-09-08,78.3,-31.00000000000014,-27.621999999999552,0.17969850000000015,-58.80169849999969,True,False,False
2023-09-11,78.37,4.500000000000082,-5.845700000000617,0.25000029999999984,-1.5957003000005354,True,False,False
2023-09-12,79.7,-139.50000000000006,-119.55369999999985,0.3072434999999998,-259.36094349999996,True,False,False
2023-09-13,79.68,2.4999999999999467,1.9519999999996116,0.032668799999999734,4.419331199999559,True,False,False
2023-09-14,81.12,-144.99999999999994,-139.36319999999978,0.02433599999999977,-284.3875359999997,True,False,False
2023-09-15,81.29,-69.99999999999993,-16.554600000000164,3.9580101,-90.51261010000009,False,False,True
2023-09-18,81.45,0.0,0.0,0.0,0.0,False,False,False
2023-09-19,81.5,0.0,0.0,0.0,0.0,False,False,False
2023-09-20,80.14,-9.0,0.0,0.3189572000000002,-9.3189572,True,True,False
2023-09-21,80.41,-14.500000000000046,-2.14919999999997,0.0723689999999996,-16.721569000000013,True,False,False
2023-09-22,80.63,25.0,-2.1471999999999882,0.10038434999999993,22.752415650000014,True,False,False
2023-09-25,80.39,22.500000000000053,2.939999999999936,0.15153514999999962,25.28846484999999,True,False,False
2023-09-26,80.88,-19.00000000000004,-4.155199999999959,0.25072799999999995,-23.405927999999996,True,False,False
2023-09-27,82.9,-80.99999999999987,-29.653600000000157,1.0308615000000003,-111.68446150000003,True,False,False
2023-09-28,81.57,69.49999999999986,52.6015000000005,0.6305361000000002,121.47096390000036,True,False,False
2023-09-29,80.86,32.500000000000014,17.10389999999985,0.2838185999999997,49.32008139999987,True,False,False
2023-10-02,79.39,47.50000000000006,25.092899999999993,0.8923436000000001,71.70055640000004,True,False,False
2023-10-03,79.93,4.499999999999993,2.921400000000033,0.2433868500000001,7.178013150000026,True,False,False
2023-10-04,75.59,-128.5,2.9512000000000147,2.2015587500000002,-127.75035874999999,True,False,False
2023-10-05,73.99,-108.5,-92.11200000000049,0.5897002999999996,-201.20170030000048,True,False,False
2023-10-06,74.16,31.50000000000004,12.496700000000123,0.10753200000000021,43.88916800000016,True,False,False
2023-10-09,77.13,139.49999999999994,226.9376999999999,1.4970932999999995,364.9406066999998,True,False,False
2023-10-10,76.71,-13.499999999999979,-15.787800000000065,0.2378010000000001,-29.525601000000044,True,False,False
2023-10-11,75.67,-37.500000000000085,-45.54159999999966,0.5228797000000001,-83.56447969999975,True,False,False
2023-10-12,75.42,-5.999999999999961,-14.402500000000002,0.3307166999999996,-20.73321669999996,True,False,False
2023-10-13,78.99,110.99999999999996,236.97659999999954,2.6216780999999996,345.3549218999995,False,False,True
2023-10-16,78.39,0.0,0.0,0.0,0.0,False,False,False
2023-10-17,78.8,0.0,0.0,0.0,0.0,False,False,False
2023-10-18,79.84,0.0,0.0,0.0,0.0,False,False,False
2023-10-19,81.68,-27.499999999999886,0.0,0.09679080000000023,-27.596790799999887,True,True,False
2023-10-20,80.7,32.500000000000014,2.3226000000000147,0.3276420000000002,34.49495800000003,True,False,False
2023-10-23,78.89,30.50000000000006,-10.407500000000013,0.8015224000000001,19.290977600000048,True,False,False
2023-10-24,76.93,-57.500000000000014,-51.09719999999984,0.6085163000000003,-109.20571629999985,True,False,False
2023-10-25,78.46,2.999999999999936,64.09169999999946,0.5994344000000004,66.4922655999994,True,False,False
2023-10-26,76.89,-44.00000000000004,-41.77769999999982,0.6128132999999999,-86.39051329999987,True,False,False
2023-10-27,78.36,57.000000000000114,62.54849999999995,0.5794721999999999,118.96902780000006,True,False,False
2023-10-30,76.05,-39.00000000000006,-64.12560000000006,0.9076567499999998,-104.03325675000012,True,False,False
2023-10-31,75.02,-39.00000000000006,-53.178900000000056,0.49213120000000016,-92.67103120000012,True,False,False
2023-11-01,74.75,4.000000000000092,-17.482499999999742,0.1793999999999999,-13.66189999999965,True,False,False
2023-11-02,76.18,111.99999999999991,99.45650000000047,0.3374774,211.1190226000004,True,False,False
2023-11-03,74.85,-75.99999999999997,-80.71770000000076,0.46856099999999984,-157.1862610000007,True,False,False
2023-11-06,74.91,40.50000000000003,4.392600000000166,0.5547085500000001,44.33789145000019,True,False,False
2023-11-07,71.8,-305.00000000000017,-273.7421999999999,0.29545700000000014,-579.0376570000002,True,False,False
2023-11-08,70.19,-142.9999999999998,-154.96249999999995,0.07755994999999978,-298.0400599499998,True,False,False
2023-11-09,70.25,3.9999999999999147,5.907600000000223,0.017562500000000498,9.890037500000137,True,False,False
2023-11-10,71.79,131.50000000000003,152.39840000000063,3.5521692000000007,280.3462308000007,False,False,True
2023-11-13,72.92,0.0,0.0,0.0,0.0,False,False,False
2023-11-14,72.69,0.0,0.0,0.0,0.0,False,False,False
2023-11-15,71.34,0.0,0.0,0.0,0.0,False,False,False
2023-11-16,68.05,0.0,0.0,0.0,0.0,False,False,False
2023-11-17,70.75,-10.5,0.0,0.06473624999999994,-10.56473625,True,True,False
2023-11-20,72.3,32.000000000000114,-2.836499999999992,0.6514230000000001,28.51207700000012,True,False,False
2023-11-21,72.53,7.499999999999929,-4.565500000000079,0.0808709499999999,2.85362904999985,True,False,False
2023-11-22,71.61,-29.499999999999993,20.313600000000037,0.39457110000000006,-9.580971099999957,True,False,False
2023-11-24,70.82,18.50000000000005,8.737400000000067,0.3002767999999999,26.937123200000116,True,False,False
2023-11-27,69.96,26.999999999999957,2.2187999999999977,0.40961579999999986,28.809184199999955,True,False,False
2023-11-28,71.26,27.999999999999936,11.869000000000103,0.6039284999999998,39.26507150000004,True,False,False
2023-11-29,72.52,-33.5,-9.853199999999921,0.5326594000000002,-43.88585939999992,True,False,False
2023-11-30,70.14,128.5000000000001,53.5737999999999,0.7652274,181.30857260000002,True,False,False
2023-12-01,69.24,13.999999999999924,0.6210000000000054,0.8918111999999999,13.72918879999993,True,False,False
2023-12-04,68.47,-11.500000000000066,-19.3038999999999,0.53714715,-31.341047149999962,True,False,False
2023-12-05,67.58,-24.499999999999922,-36.276400000000024,0.5582108000000003,-61.33461079999994,True,False,False
2023-12-06,64.76,-208.5,-161.52959999999962,1.0368075999999997,-371.0664075999996,True,False,False
2023-12-07,65.11,34.500000000000064,31.25499999999949,0.13054555000000018,65.62445444999956,True,False,False
2023-12-08,66.53,126.99999999999993,132.50020000000015,3.1039571500000003,256.3962428500001,False,False,True
2023-12-11,66.8,0.0,0.0,0.0,0.0,False,False,False
2023-12-12,64.25,0.0,0.0,0.0,0.0,False,False,False
2023-12-13,65.33,0.0,0.0,0.0,0.0,False,False,False
2023-12-14,67.16,0.0,0.0,0.0,0.0,False,False,False
2023-12-15,67.15,0.0,0.0,0.0,0.0,False,False,False
2023-12-18,68.09,-9.500000000000114,0.0,0.19099245000000015,-9.690992450000113,True,True,False
2023-12-19,69.36,15.500000000000114,-7.124699999999983,0.5018195999999998,7.873480400000131,True,False,False
2023-12-20,68.79,26.499999999999968,11.445599999999862,0.13448445000000014,37.811115549999826,True,False,False
2023-12-21,69.03,15.000000000000036,-3.880799999999916,0.022779900000000006,11.09642010000012,True,False,False
2023-12-22,68.69,26.999999999999957,5.722200000000056,0.14047104999999974,32.58172895000001,True,False,False
2023-12-26,70.21,-20.999999999999996,-19.364799999999953,0.7417686499999998,-41.10656864999994,True,False,False
2023-12-27,68.92,41.99999999999999,43.692299999999726,0.5268934,85.16540659999971,True,False,False
2023-12-28,67.18,15.000000000000036,32.3291999999999,0.8834170000000002,46.445782999999935,True,False,False
2023-12-29,66.65,7.999999999999918,-4.091600000000011,0.27126549999999994,3.637134499999907,True,False,False
2024-01-02,65.77,-17.499999999999982,-13.956800000000154,0.43704165,-31.893841650000137,True,False,False
2024-01-03,68.19,49.500000000000014,70.54300000000005,1.26390165,118.77909835000007,True,False,False
2024-01-04,67.57,25.0,4.910400000000036,0.4017036499999998,29.508696350000037,True,False,False
2024-01-05,69.03,14.500000000000046,5.7962000000000256,0.8670167999999997,19.42918320000007,True,False,False
2024-01-08,66.4,10.499999999999954,55.62449999999989,1.6194959999999998,64.50500399999984,True,False,False
2024-01-09,67.39,41.000000000000014,27.353699999999858,0.57921705,67.77448294999988,True,False,False
2024-01-10,66.56,-1.0000000000000675,-8.665199999999981,0.5231615999999998,-10.188361600000048,True,False,False
2024-01-11,67.65,35.50000000000004,28.51440000000008,0.6362482499999997,63.37815175000012,True,False,False
2024-01-12,68.02,1.0000000000000453,2.7194999999999294,0.24997350000000004,3.469526499999975,False,False,True
2024-01-16,67.25,-15.0,0.0,0.3214550000000001,-15.321455,True,True,False
2024-01-17,67.94,19.50000000000003,-6.59639999999998,0.1746058000000002,12.728994200000049,True,False,False
2024-01-18,69.06,-8.000000000000007,-16.464000000000077,0.4955054999999999,-24.959505500000084,True,False,False
2024-01-19,68.82,29.000000000000004,6.972000000000265,0.1149294000000001,35.85707060000027,True,False,False
2024-01-22,69.69,-16.500000000000004,-22.367700000000116,0.43451714999999996,-39.30221715000012,True,False,False
2024-01-23,69.66,28.000000000000025,1.1454000000000435,0.025425900000000137,29.119974100000068,True,False,False
2024-01-24,70.54,-29.999999999999982,-34.24080000000038,0.3191934999999997,-64.55999350000036,True,False,False
2024-01-25,72.23,-107.00000000000003,-81.05239999999988,0.6276787000000004,-188.6800786999999,True,False,False
2024-01-26,73.1,-68.49999999999996,-56.84579999999937,0.17215049999999976,-125.51795049999933,True,False,False
2024-01-29,72.05,88.49999999999997,73.5524999999998,0.24316875,161.8093312499998,True,False,False
2024-01-30,72.81,-53.00000000000003,-48.108000000000324,0.2916040500000002,-101.39960405000035,True,False,False
2024-01-31,70.92,149.5,134.77590000000004,0.5191344,283.75676560000005,True,False,False
2024-02-01,69.07,99.50000000000001,104.83950000000048,0.58674965,203.7527503500005,True,False,False
2024-02-02,67.51,75.99999999999997,61.90079999999953,0.9444648999999999,136.95633509999948,True,False,False
2024-02-05,68.18,14.500000000000002,-7.839000000000023,0.47998719999999984,6.181012799999979,True,False,False
2024-02-06,68.81,1.5000000000000124,-16.24139999999988,0.43935185000000027,-15.180751849999869,True,False,False
2024-02-07,69.42,-8.999999999999986,-23.51549999999998,0.4515770999999999,-32.96707709999997,True,False,False
2024-02-08,71.52,-147.00000000000006,-108.27599999999971,0.9547920000000001,-256.2307919999998,True,False,False
2024-02-09,71.67,-8.999999999999975,-11.739000000000445,2.8044471000000004,-23.54344710000042,False,False,True
2024-02-12,72.11,0.0,0.0,0.0,0.0,False,False,False
2024-02-13,72.65,0.0,0.0,0.0,0.0,False,False,False
2024-02-14,71.55,-8.0,0.0,0.059386499999999814,-8.0593865,True,True,False
2024-02-15,72.84,4.0000000000000036,2.1414000000000035,0.6158621999999997,5.5255378000000075,True,False,False
2024-02-16,73.41,9.499999999999975,-8.692499999999894,0.2870331000000001,0.5204669000000808,True,False,False
2024-02-20,72.42,44.50000000000003,22.83929999999988,0.48231720000000006,66.85698279999991,True,False,False
2024-02-21,73.2,-4.499999999999993,-7.605000000000009,0.4344420000000002,-12.539442000000003,True,False,False
2024-02-22,73.6,4.0000000000000036,-8.647999999999817,0.27931199999999984,-4.927311999999813,True,False,False
2024-02-23,71.92,36.49999999999998,49.07279999999979,0.9737968000000001,84.59900319999977,True,False,False
2024-02-26,72.79,-4.000000000000048,-1.8531000000000084,0.6034290999999998,-6.456529100000056,True,False,False
2024-02-27,73.85,-9.499999999999886,-19.83259999999977,0.6011390000000002,-29.933738999999655,True,False,False
2024-02-28,73.62,16.99999999999995,8.047699999999642,0.18331379999999992,24.864386199999593,True,False,False
2024-02-29,73.36,20.99999999999995,7.8026000000001545,0.01980720000000036,28.782792800000106,True,False,False
2024-03-01,74.96,-60.99999999999994,-47.15199999999982,0.8901500000000001,-109.04214999999976,True,False,False
2024-03-04,74.01,77.49999999999999,50.55899999999939,0.3678296999999999,127.69117029999937,True,False,False
2024-03-05,73.45,42.499999999999986,24.2368000000001,0.2989414999999998,66.43785850000009,True,False,False
2024-03-06,74.34,-25.49999999999999,-31.274600000000028,0.6051275999999998,-57.379727600000024,True,False,False
2024-03-07,74.23,19.00000000000004,5.656199999999971,0.03934190000000009,24.61685810000001,True,False,False
2024-03-08,73.36,60.99999999999995,45.657600000000244,1.9249664,104.7326336000002,False,False,True
2024-03-11,73.62,0.0,0.0,0.0,0.0,False,False,False
2024-03-12,73.35,0.0,0.0,0.0,0.0,False,False,False
2024-03-13,75.09,0.0,0.0,0.0,0.0,False,False,False
2024-03-14,76.3,-17.5,0.0,0.030901499999999985,-17.5309015,True,True,False
2024-03-15,76.33,20.999999999999996,-0.024300000000000908,0.007251350000000049,20.968448649999996,True,False,False
2024-03-18,77.98,-18.49999999999996,-1.0230000000000008,0.9778692,-20.50086919999996,True,False,False
2024-03-19,78.43,2.4999999999999467,-11.56500000000007,0.23293710000000006,-9.297937100000125,True,False,False
2024-03-20,77.25,60.00000000000001,37.33520000000021,0.6933187499999998,96.64188125000021,True,False,False
2024-03-21,76.82,29.00000000000005,5.8867000000000935,0.16977219999999976,34.71692780000015,True,False,False
2024-03-22,76.68,26.499999999999968,1.2977999999998744,0.14262480000000008,27.655175199999842,True,False,False
2024-03-25,77.76,-10.499999999999998,-5.993999999999996,0.8852975999999999,-17.379297599999994,True,False,False
2024-03-26,77.29,33.999999999999986,13.310399999999968,0.32577735,46.98462264999995,True,False,False
2024-03-27,77.51,8.499999999999996,-4.375799999999978,0.1526946999999998,3.971505300000019,True,False,False
2024-03-28,78.73,-40.49999999999998,-29.072599999999966,0.9935726000000004,-70.56617259999994,True,False,False
2024-04-01,79.67,-47.00000000000002,-46.12579999999989,0.5923464499999999,-93.7181464499999,True,False,False
2024-04-02,80.79,-82.99999999999996,-71.61280000000029,0.5210955000000003,-155.13389550000025,True,False,False
2024-04-03,81.25,-48.50000000000003,-35.34639999999952,0.23156250000000012,-84.07796249999954,True,False,False
2024-04-04,82.27,-71.0,-84.19079999999968,0.19539125,-155.38619124999968,True,False,False
2024-04-05,82.4,-181.00000000000006,-11.347700000000843,3.5963480000000003,-195.94404800000092,False,False,True
2024-04-08,82.2,0.0,0.0,0.0,0.0,False,False,False
2024-04-09,81.15,0.0,0.0,0.0,0.0,False,False,False
2024-04-10,82.09,0.0,0.0,0.0,0.0,False,False,False
2024-04-11,81.55,0.0,0.0,0.0,0.0,False,False,False
2024-04-12,81.53,-35.00000000000006,0.0,0.14390045000000024,-35.143900450000054,True,True,False
2024-04-15,81.65,-56.99999999999994,-0.42360000000001674,0.10328724999999973,-57.52688724999996,True,False,False
2024-04-16,81.33,61.00000000000003,1.9392000000000444,0.1374477,62.80175230000007,True,False,False
2024-04-17,78.91,-31.00000000000005,6.485600000000002,1.2641381999999999,-25.77853820000005,True,False,False
2024-04-18,78.78,34.999999999999964,-3.816799999999867,0.14574299999999996,31.0374570000001,True,False,False
2024-04-19,78.85,15.000000000000036,2.3141999999997744,0.014193000000000257,17.300006999999813,True,False,False
2024-04-22,78.78,44.00000000000004,-2.2889999999997768,0.3568734000000004,41.35412660000027,True,False,False
2024-04-23,79.98,69.49999999999999,50.11200000000012,0.7538115000000004,118.85818850000011,True,False,False
2024-04-24,79.64,5.999999999999961,-7.789400000000077,0.35360159999999996,-2.143001600000116,True,False,False
2024-04-25,80.44,39.000000000000014,25.431999999999906,0.5473941999999997,63.88460579999992,True,False,False
2024-04-26,80.39,13.999999999999968,-0.9089999999999485,0.1567604999999998,12.93423950000002,True,False,False
2024-04-29,79.5,-4.999999999999938,-19.65120000000001,0.7524675000000003,-25.403667499999948,True,False,False
2024-04-30,78.38,-50.00000000000004,-45.93120000000019,0.8755045999999995,-96.80670460000023,True,False,False
2024-05-01,75.93,-192.49999999999997,-155.20749999999927,0.7080472500000003,-348.41554724999924,True,False,False
2024-05-02,75.93,2.5000000000000355,0.0,0.5056937999999997,1.9943062000000358,True,False,False
2024-05-03,75.13,-152.49999999999997,-76.25600000000108,3.5806957999999995,-232.33669580000105,False,False,True
2024-05-06,75.66,0.0,0.0,0.0,0.0,False,False,False
2024-05-07,75.5,0.0,0.0,0.0,0.0,False,False,False
2024-05-08,76.11,0.0,0.0,0.0,0.0,False,False,False
2024-05-09,76.52,0.0,0.0,0.0,0.0,False,False,False
2024-05-10,75.3,0.0,0.0,0.0,0.0,False,False,False
2024-05-13,76.13,-11.000000000000057,0.0,0.25275160000000024,-11.252751600000057,True,True,False
2024-05-14,75.21,-0.0,6.108800000000017,0.5527935000000003,5.556006500000017,True,False,False
2024-05-15,75.88,19.50000000000003,5.400200000000014,0.33273379999999997,24.56746620000004,True,False,False
2024-05-16,76.25,4.999999999999982,-0.26270000000000304,0.26344375000000003,4.4738562499999786,True,False,False
2024-05-17,76.97,9.000000000000075,-5.486399999999991,0.46143515,3.052164850000084,True,False,False
2024-05-20,76.73,20.999999999999996,4.706399999999899,0.14923985000000017,25.557160149999895,True,False,False
2024-05-21,76.16,17.499999999999936,8.960400000000114,0.38194239999999957,26.07845760000005,True,False,False
2024-05-22,74.87,4.440892098500626e-14,7.340099999999963,0.8026064000000005,6.5374936000000075,True,False,False
2024-05-23,74.45,-7.500000000000018,-6.615000000000029,0.28886599999999985,-14.403866000000047,True,False,False
2024-05-24,75.35,31.000000000000007,21.158999999999796,0.5029612499999998,51.65603874999981,True,False,False
2024-05-28,77.66,-23.500000000000032,23.469600000000028,1.7826853000000005,-1.8130853000000042,True,False,False
2024-05-29,76.57,36.00000000000003,38.96750000000013,0.7630200500000002,74.20447995000016,True,False,False
2024-05-30,75.53,9.499999999999975,16.452799999999876,0.86368555,25.08911444999985,True,False,False
2024-05-31,74.82,-6.999999999999984,-5.0055000000000565,0.5637687,-12.569268700000041,True,False,False
2024-06-03,71.83,-123.49999999999994,-66.13879999999989,1.8805094,-191.51930939999983,True,False,False
2024-06-04,71.09,-50.0,-55.115199999999625,0.51931245,-105.63451244999962,True,False,False
2024-06-05,71.89,37.999999999999986,71.27199999999975,0.46117434999999996,108.81082564999974,True,False,False
2024-06-06,73.26,147.49999999999997,104.47620000000035,0.4509153000000004,251.52528470000033,True,False,False
2024-06-07,73.02,-18.500000000000007,-15.34800000000058,2.3348144999999993,-36.18281450000059,False,False,True
2024-06-10,75.46,0.0,0.0,0.0,0.0,False,False,False
2024-06-11,75.51,-22.0,0.0,0.18877499999999997,-22.188775,True,True,False
2024-06-12,75.98,14.000000000000057,-2.349999999999994,0.2195821999999999,11.430417800000063,True,False,False
2024-06-13,75.74,11.499999999999977,2.587200000000097,0.050745799999999654,14.036454200000074,True,False,False
2024-06-14,76.08,-4.440892098500626e-14,-3.2096000000000338,0.20237279999999988,-3.411972800000078,True,False,False
2024-06-17,77.79,-46.0,-25.23960000000012,1.0680567,-72.30765670000012,True,False,False
2024-06-18,78.67,-30.49999999999997,-37.153599999999805,0.4688732000000003,-68.12247319999979,True,False,False
2024-06-20,79.41,-37.5,-40.06359999999973,0.3771974999999994,-77.94079749999972,True,False,False
2024-06-21,78.65,57.500000000000014,48.366399999999416,0.2438149999999996,105.62258499999943,True,False,False
2024-06-24,79.7,-61.50000000000002,-60.31199999999984,0.4371544999999997,-122.24915449999988,True,False,False
2024-06-25,78.9,64.50000000000004,54.7279999999998,0.2572139999999999,118.97078599999983,True,False,False
2024-06-26,78.75,16.000000000000014,9.283500000000352,0.030712500000000045,25.252787500000366,True,False,False
2024-06-27,79.92,-89.00000000000006,-71.4987000000001,0.5494500000000001,-161.04815000000016,True,False,False
2024-06-28,79.59,41.5,24.703799999999873,0.14485380000000003,66.05894619999987,True,False,False
2024-07-01,81.54,-143.00000000000006,-138.8790000000002,0.8288541000000006,-282.70785410000025,True,False,False
2024-07-02,81.11,-32.49999999999993,39.36650000000063,0.14640355000000058,6.720096450000698,True,False,False
2024-07-03,81.27,71.49999999999999,-14.0703999999997,0.16457174999999988,57.265028250000285,True,False,False
2024-07-05,81.31,-238.49999999999994,-3.679600000000575,3.73985345,-245.9194534500005,False,False,True
2024-07-08,80.42,0.0,0.0,0.0,0.0,False,False,False
2024-07-09,79.77,0.0,0.0,0.0,0.0,False,False,False
2024-07-10,80.48,-18.0,0.0,0.10180719999999997,-18.1018072,True,True,False
2024-07-11,80.94,1.499999999999968,-1.1637999999999837,0.29138400000000003,0.04481599999998426,True,False,False
2024-07-12,80.25,17.50000000000003,6.713699999999978,0.4522087499999999,23.761491250000006,True,False,False
2024-07-15,80.12,19.50000000000003,-0.2001999999999926,0.08733080000000017,19.212469200000037,True,False,False
2024-07-16,79.06,-8.50000000000004,-3.94320000000001,0.8083885000000001,-13.25158850000005,True,False,False
2024-07-17,80.62,11.000000000000032,37.705200000000055,1.1927729000000002,47.51242710000009,True,False,False
2024-07-18,79.9,7.500000000000018,3.9023999999999957,0.4546310000000002,10.947769000000013,True,False,False
2024-07-19,78.0,-54.49999999999999,-11.324000000000032,1.3650000000000002,-67.18900000000002,True,False,False
2024-07-22,77.62,-1.000000000000023,-15.564799999999817,0.36985930000000006,-16.934659299999844,True,False,False
2024-07-23,76.62,-49.99999999999996,-50.49000000000001,0.5417034000000002,-101.03170339999997,True,False,False
2024-07-24,76.81,26.499999999999968,12.279699999999854,0.05530320000000019,38.72439679999982,True,False,False
2024-07-25,77.46,45.99999999999995,41.07349999999946,0.2974464,86.77605359999941,True,False,False
2024-07-26,76.11,-119.0,-74.93849999999969,0.6012689999999999,-194.5397689999997,True,False,False
2024-07-29,75.19,-102.00000000000004,-65.60520000000012,0.10864955000000003,-167.71384955000016,True,False,False
2024-07-30,74.46,-42.999999999999886,-54.166000000000295,0.11690220000000001,-97.28290220000018,True,False,False
2024-07-31,77.74,208.0,253.6752000000001,1.3515099000000004,460.32369010000014,True,False,False
2024-08-01,76.29,-52.999999999999936,-61.726499999999504,0.8506335000000005,-115.57713349999945,True,False,False
2024-08-02,73.39,-464.5000000000002,-188.1230000000004,2.3804046500000005,-655.0034046500006,False,False,True
2024-08-05,73.22,0.0,0.0,0.0,0.0,False,False,False
2024-08-06,72.45,0.0,0.0,0.0,0.0,False,False,False
2024-08-07,74.69,0.0,0.0,0.0,0.0,False,False,False
2024-08-08,75.36,-27.499999999999943,0.0,0.11756160000000003,-27.61756159999994,True,True,False
2024-08-09,76.22,23.000000000000043,-2.683199999999999,0.430643,19.886157000000043,True,False,False
2024-08-12,78.63,-74.00000000000003,-34.75219999999995,1.1523226500000001,-109.90452264999999,True,False,False
2024-08-13,77.64,85.00000000000006,43.29269999999978,0.4918494000000005,127.80085059999985,True,False,False
2024-08-14,76.59,50.99999999999998,32.6129999999999,0.45302984999999985,83.1599701499999,True,False,False
2024-08-15,77.41,-14.500000000000046,-15.768599999999866,0.47607150000000015,-30.744671499999914,True,False,False
2024-08-16,76.32,46.99999999999997,34.367700000000106,0.6059808,80.76171920000007,True,False,False
2024-08-19,74.38,20.000000000000018,30.36099999999997,1.1707412000000001,49.19025879999999,True,False,False
2024-08-20,73.83,-0.9999999999999787,-8.706499999999957,0.2860912499999999,-9.992591249999936,True,False,False
2024-08-21,72.6,-37.000000000000014,-29.003400000000095,0.8657549999999999,-66.8691550000001,True,False,False
2024-08-22,73.58,53.00000000000003,46.481400000000185,0.5481710000000002,98.93322900000021,True,False,False
2024-08-23,75.55,58.49999999999995,64.08409999999995,1.4003192500000001,121.1837807499999,True,False,False
2024-08-26,77.83,-46.0,-10.351200000000018,1.7889225500000003,-58.14012255000002,True,False,False
2024-08-27,76.49,70.00000000000006,67.68340000000019,1.0406464500000003,136.64275355000024,True,False,False
2024-08-28,75.48,15.499999999999936,23.532999999999785,0.7797084000000001,38.25329159999972,True,False,False
2024-08-29,76.77,-13.499999999999979,-3.405599999999976,1.1945412,-18.100141199999953,True,False,False
2024-08-30,74.34,14.500000000000025,82.03679999999974,1.2548591999999998,95.28194079999977,False,False,True
2024-09-03,71.09,0.0,0.0,0.0,0.0,False,False,False
2024-09-04,69.61,0.0,0.0,0.0,0.0,False,False,False
2024-09-05,69.89,0.0,0.0,0.0,0.0,False,False,False
2024-09-06,68.93,-24.0,0.0,0.08374994999999998,-24.08374995,True,True,False
2024-09-09,69.27,23.500000000000032,-0.8261999999999734,0.23032274999999997,22.443477250000058,True,False,False
2024-09-10,66.96,-29.999999999999982,20.974800000000016,1.019466,-10.044665999999966,True,False,False
2024-09-11,67.85,29.499999999999993,19.019300000000012,0.39319075000000003,48.12610925,True,False,False
2024-09-12,69.89,21.499999999999986,19.95120000000006,0.9515523499999999,40.49964765000004,True,False,False
2024-09-13,69.84,25.49999999999999,0.8724999999999503,0.08730000000000013,26.28519999999994,True,False,False
2024-09-16,70.88,-0.49999999999998934,-15.547999999999877,0.6046064000000003,-16.65260639999987,True,False,False
2024-09-17,71.72,-30.49999999999997,-26.888400000000114,0.43677479999999996,-57.82517480000009,True,False,False
2024-09-18,70.66,52.500000000000036,46.84140000000011,0.4815479000000002,98.85985210000014,True,False,False
2024-09-19,72.75,-65.00000000000013,-63.8704000000001,1.0821562499999997,-129.95255625000024,True,False,False
2024-09-20,72.92,-1.9999999999999574,-10.252700000000102,0.21511400000000047,-12.46781400000006,True,False,False
2024-09-23,72.25,76.99999999999996,44.360700000000115,0.24348250000000032,121.11721750000007,True,False,False
2024-09-24,73.29,-71.4999999999999,-61.848800000000374,0.4906765500000001,-133.83947655000026,True,False,False
2024-09-25,71.48,136.99999999999997,131.87660000000017,0.8027204000000001,268.07387960000017,True,False,False
2024-09-26,69.01,44.499999999999986,124.48799999999994,1.62622065,167.36177934999995,True,False,False
2024-09-27,70.27,-7.499999999999995,-4.120199999999971,0.11489145,-11.735091449999965,False,False,True
2024-09-30,69.92,0.0,0.0,0.0,0.0,False,False,False
2024-10-01,72.11,0.0,0.0,0.0,0.0,False,False,False
2024-10-02,72.76,0.0,0.0,0.0,0.0,False,False,False
2024-10-03,75.73,0.0,0.0,0.0,0.0,False,False,False
2024-10-04,76.35,0.0,0.0,0.0,0.0,False,False,False
2024-10-07,79.2,-32.499999999999886,0.0,0.3393719999999998,-32.839371999999884,True,True,False
2024-10-08,75.79,-52.999999999999936,29.223699999999955,0.8245951999999998,-24.600895199999982,True,False,False
2024-10-09,75.25,61.99999999999992,-7.12260000000008,0.3152975000000004,54.56210249999984,True,False,False
2024-10-10,77.77,-21.499999999999986,54.35639999999993,0.7730338000000004,32.08336619999994,True,False,False
2024-10-11,77.49,-100.0,-0.4732000000000011,0.10693620000000026,-100.58013620000001,True,False,False
2024-10-14,75.93,187.5,-6.941999999999953,0.5607430499999999,179.99725695000004,True,False,False
2024-10-15,72.76,-20.500000000000007,-60.92740000000003,1.4519258000000002,-82.87932580000003,True,False,False
2024-10-16,72.4,-15.499999999999936,-21.286799999999968,0.07131399999999971,-36.8581139999999,True,False,False
2024-10-17,72.62,73.99999999999993,12.575199999999937,0.1768296999999994,86.39837029999987,True,False,False
2024-10-18,71.38,-140.99999999999991,-76.91720000000056,0.1970088000000001,-218.11420880000048,True,False,False
2024-10-21,72.26,41.99999999999999,59.44400000000065,0.6066227000000003,100.83737730000064,True,False,False
2024-10-22,73.98,128.5,87.30719999999992,0.0795284999999997,215.7276714999999,True,False,False
2024-10-23,73.55,-40.500000000000114,-20.90230000000033,0.24455374999999996,-61.646853750000446,True,False,False
2024-10-24,73.06,2.5000000000000355,-27.077399999999717,0.0975350999999998,-24.67493509999968,True,False,False
2024-10-25,74.23,52.500000000000036,61.530300000000096,0.38748059999999995,113.64281940000012,True,False,False
2024-10-28,70.43,-189.00000000000006,-160.1699999999999,1.7096882500000001,-350.87968824999996,True,False,False
2024-10-29,69.66,-41.99999999999999,-69.83900000000094,0.03726809999999976,-111.87626810000094,True,False,False
2024-10-30,71.36,175.99999999999997,156.00900000000024,0.08242079999999957,331.9265792000002,True,False,False
2024-10-31,73.08,50.0,153.8711999999999,1.2156858000000001,202.6555141999999,True,False,False
2024-11-01,72.02,-21.49999999999993,-59.561400000000134,2.0234019,-83.08480190000006,False,False,True
2024-11-04,74.29,0.0,0.0,0.0,0.0,False,False,False
2024-11-05,74.73,-290.0000000000001,0.0,0.2593131000000001,-290.2593131000001,True,True,False
2024-11-06,74.54,26.500000000000057,1.3185999999999845,0.017889600000000117,27.800710400000042,True,False,False
2024-11-07,74.66,57.00000000000003,-0.8903999999999288,0.024264500000000046,56.0853355000001,True,False,False
2024-11-08,73.13,65.00000000000003,12.347100000000017,0.7005854000000004,76.64651460000005,True,False,False
2024-11-11,70.94,-42.000000000000085,-24.287099999999985,0.9034208999999997,-67.19052090000007,True,False,False
2024-11-12,70.69,75.49999999999999,-9.139999999999999,0.6319686000000001,65.72803139999999,True,False,False
2024-11-13,70.73,-60.499999999999865,2.17760000000034,0.5545232,-58.876923199999524,True,False,False
2024-11-14,71.29,47.99999999999996,21.705600000000086,0.10016244999999983,69.60543755000005,True,False,False
2024-11-15,69.75,-67.99999999999997,-55.36300000000023,0.6137999999999999,-123.9768000000002,True,False,False
2024-11-18,72.07,143.99999999999994,124.23599999999963,0.8623175499999998,267.3736824499996,True,False,False
2024-11-19,72.31,-14.999999999999947,7.10880000000027,0.1113574000000002,-8.002557399999677,True,False,False
2024-11-20,72.02,42.99999999999997,-7.696600000000164,0.2920411000000001,35.011358899999806,True,False,False
2024-11-21,73.2,56.49999999999999,40.887000000000235,0.6101219999999999,96.77687800000022,True,False,False
2024-11-22,74.25,27.99999999999998,18.878999999999948,0.60699375,46.272006249999926,True,False,False
2024-11-25,72.1,-27.499999999999993,-3.504500000000017,1.4257775000000001,-32.43027750000001,True,False,False
2024-11-26,71.61,-0.9999999999999787,-20.178199999999794,0.42464729999999973,-21.602847299999773,True,False,False
2024-11-27,71.72,38.99999999999997,5.834399999999969,0.17822419999999997,44.656175799999936,True,False,False
2024-11-29,71.61,-23.500000000000014,-6.381099999999967,2.0770480499999997,-31.95814804999998,False,False,True
2024-12-02,71.04,0.0,0.0,0.0,0.0,False,False,False
2024-12-03,73.04,0.0,0.0,0.0,0.0,False,False,False
2024-12-04,71.88,-82.50000000000006,0.0,0.11141400000000008,-82.61141400000005,True,True,False
2024-12-05,71.47,61.00000000000003,1.2709999999999906,0.1468708500000001,62.12412915000002,True,False,False
2024-12-06,70.24,66.5,-1.2423000000000037,1.1895144,64.0681856,True,False,False
2024-12-09,71.17,-9.50000000000002,32.43840000000024,1.0782255,21.860174500000223,True,False,False
2024-12-10,71.4,10.000000000000009,1.0534000000000185,0.12066600000000001,10.932734000000028,True,False,False
2024-12-11,73.33,5.999999999999961,2.315999999999993,1.0302864999999997,7.285713499999955,True,False,False
2024-12-12,73.21,-45.499999999999915,3.228000000000122,0.08089705000000003,-42.35289704999979,True,False,False
2024-12-13,74.21,38.99999999999997,-24.689999999999994,1.1127789499999998,13.197221049999978,True,False,False
2024-12-16,73.7,29.499999999999993,27.8867999999995,0.6293979999999997,56.757401999999495,True,False,False
2024-12-17,73.3,166.0,15.040000000000214,0.5039375000000003,180.5360625000002,True,False,False
2024-12-18,72.94,-136.0,18.485999999999972,1.0182424000000005,-118.53224240000003,True,False,False
2024-12-19,72.61,16.499999999999957,7.731899999999959,0.19060124999999975,24.041298749999918,True,False,False
2024-12-20,73.1,4.999999999999982,-8.908199999999908,0.4071669999999999,-4.3153669999999265,True,False,False
2024-12-23,73.06,11.000000000000032,1.1727999999997667,0.0653887000000001,12.107411299999798,True,False,False
2024-12-24,73.65,-3.000000000000025,-16.24270000000009,0.5704192500000003,-19.813119250000117,True,False,False
2024-12-26,73.13,55.00000000000007,22.37040000000044,0.28520700000000015,77.08519300000052,True,False,False
2024-12-27,73.85,-17.000000000000014,-25.35839999999996,1.3004985,-43.65889849999998,False,False,True
2024-12-30,74.82,0.0,0.0,0.0,0.0,False,False,False
2024-12-31,75.55,0.0,0.0,0.0,0.0,False,False,False
2025-01-02,76.93,-66.50000000000006,0.0,0.15770649999999972,-66.65770650000006,True,True,False
2025-01-03,77.92,-8.499999999999908,-4.058999999999972,0.43985840000000026,-12.99885839999988,True,False,False
2025-01-06,77.3,51.49999999999997,9.54180000000007,0.2508385000000001,60.79096150000004,True,False,False
2025-01-07,78.17,-6.499999999999995,-7.743000000000038,0.5729861,-14.815986100000032,True,False,False
2025-01-08,77.3,-11.500000000000021,20.497200000000106,0.6137619999999998,8.383438000000085,True,False,False
2025-01-10,80.64,-46.50000000000003,-25.65120000000004,1.7535167999999999,-73.90471680000007,True,False,False
2025-01-13,82.23,-215.49999999999994,-81.36030000000018,0.6274148999999997,-297.4877149000001,True,False,False
2025-01-14,81.67,109.99999999999997,37.20080000000015,0.0008166999999998375,147.19998330000013,True,False,False
2025-01-15,84.34,-260.99999999999994,-177.3147000000001,0.5587525000000001,-438.87345250000004,True,False,False
2025-01-16,82.94,125.4999999999999,111.52400000000044,0.12938640000000018,236.89461360000035,True,False,False
2025-01-17,82.52,36.00000000000003,32.14680000000013,0.07261759999999963,68.07418240000015,True,False,False
2025-01-21,81.11,163.00000000000009,105.43979999999975,0.23562454999999952,268.2041754499998,True,False,False
2025-01-22,80.43,55.49999999999997,46.8995999999995,0.10174395000000062,102.29785604999948,True,False,False
2025-01-23,79.21,125.49999999999999,81.05680000000086,0.6388286500000004,205.91797135000087,True,False,False
2025-01-24,79.6,-68.00000000000001,-19.620900000000024,2.0023379999999995,-89.62323800000003,False,False,True
2025-01-27,77.93,0.0,0.0,0.0,0.0,False,False,False
2025-01-28,78.86,0.0,0.0,0.0,0.0,False,False,False
2025-01-29,77.78,0.0,0.0,0.0,0.0,False,False,False
2025-01-30,77.75,0.0,0.0,0.0,0.0,False,False,False
2025-01-31,78.02,-294.50000000000006,0.0,0.13224390000000016,-294.63224390000005,True,True,False
2025-02-03,77.82,26.500000000000057,0.6780000000000105,0.07898729999999994,27.099012700000067,True,False,False
2025-02-04,77.51,19.49999999999994,0.42159999999998554,0.12595375000000034,19.795646249999926,True,False,False
2025-02-05,76.09,15.000000000000124,-2.6838000000000073,0.8666650999999999,11.449534900000117,True,False,False
2025-02-06,75.45,-20.500000000000096,-15.788800000000013,0.36253725000000037,-36.65133725000011,True,False,False
2025-02-07,75.86,40.50000000000003,14.054799999999886,0.0792737000000004,54.47552629999991,True,False,False
2025-02-10,77.4,36.50000000000002,49.5726000000002,0.9787229999999998,85.09387700000022,True,False,False
2025-02-11,78.27,19.49999999999994,6.002999999999938,0.6786009000000002,24.82439909999988,True,False,False
2025-02-12,76.32,3.500000000000014,20.35800000000003,1.4786999999999997,22.379300000000043,True,False,False
2025-02-13,76.39,16.500000000000004,1.981700000000209,0.03628525000000011,18.445414750000214,True,False,False
2025-02-14,75.82,-42.50000000000003,-16.678200000000214,0.4128399,-59.59103990000025,True,False,False
2025-02-18,76.96,132.50000000000006,45.77100000000002,0.5656559999999996,177.70534400000008,True,False,False
2025-02-19,77.45,11.999999999999966,12.470500000000234,0.4658617500000003,24.0046382500002,True,False,False
2025-02-20,77.76,14.000000000000012,4.16020000000003,0.38568960000000013,17.774510400000043,True,False,False
2025-02-21,75.35,-101.5,-8.43500000000003,0.1318624999999999,-110.06686250000003,False,False,True
2025-02-24,75.97,0.0,0.0,0.0,0.0,False,False,False
2025-02-25,74.13,0.0,0.0,0.0,0.0,False,False,False
2025-02-26,73.85,0.0,0.0,0.0,0.0,False,False,False
2025-02-27,75.28,0.0,0.0,0.0,0.0,False,False,False
2025-02-28,75.22,0.0,0.0,0.0,0.0,False,False,False
2025-03-03,73.32,-49.0,0.0,0.008798399999999845,-49.008798399999996,True,True,False
2025-03-04,73.31,-2.999999999999936,0.002399999999997775,0.11949530000000005,-3.117095299999938,True,False,False
2025-03-05,71.42,39.49999999999996,6.614999999999997,1.0027367999999997,45.11226319999995,True,False,False
2025-03-06,71.13,-33.00000000000001,-7.128200000000152,0.03698760000000035,-40.165187600000166,True,False,False
2025-03-07,72.09,54.00000000000009,24.595200000000208,0.29052270000000013,78.30467730000031,True,False,False
2025-03-10,70.89,-50.0,-21.072000000000052,0.4554682499999998,-71.52746825000006,True,False,False
2025-03-11,71.45,34.499999999999886,17.029600000000066,0.21292100000000005,51.31667899999995,True,False,False
2025-03-12,72.8,48.50000000000012,33.00749999999986,0.6471919999999998,80.86030799999997,True,False,False
2025-03-13,71.62,-18.50000000000005,-7.870599999999955,0.6427895000000001,-27.013389500000002,True,False,False
2025-03-14,72.28,41.5,16.24919999999992,0.27755520000000033,57.471644799999915,True,False,False
2025-03-17,72.71,3.500000000000014,7.284199999999872,0.29920164999999993,10.484998349999886,True,False,False
2025-03-18,72.21,-3.49999999999997,-4.354999999999998,0.34588590000000013,-8.200885899999967,True,False,False
2025-03-19,72.42,29.999999999999982,3.840900000000145,0.17453220000000022,33.666367800000124,True,False,False
2025-03-20,73.73,27.0,17.645700000000023,0.7844871999999996,43.86121280000002,True,False,False
2025-03-21,73.79,35.00000000000001,-0.46860000000001745,0.03209865000000017,34.49930134999999,True,False,False
2025-03-24,74.88,-5.500000000000016,-9.461199999999906,0.8993088000000004,-15.860508799999922,True,False,False
2025-03-25,74.82,17.99999999999997,1.962000000000075,0.03329490000000042,19.928705100000045,True,False,False
2025-03-26,75.42,-12.99999999999999,-19.086000000000272,0.6418242000000001,-32.72782420000026,True,False,False
2025-03-27,75.48,10.999999999999988,-2.9298000000001108,0.22794959999999997,7.842250399999878,True,False,False
2025-03-28,74.77,37.00000000000004,38.957700000000436,2.05131495,73.90638505000047,False,False,True
2025-03-31,77.33,0.0,0.0,0.0,0.0,False,False,False
2025-04-01,77.08,-32.5,0.0,0.2262297999999999,-32.7262298,True,True,False
2025-04-02,77.74,7.000000000000028,-3.8741999999999783,0.3047408000000001,2.82105920000005,True,False,False
2025-04-03,72.25,-23.500000000000032,75.26789999999994,2.9004762499999996,48.867423749999915,True,False,False
2025-04-04,67.92,-467.0,-288.2913999999999,0.6262224,-755.9176223999998,True,False,False
2025-04-07,65.98,-171.5,-164.9387999999998,0.03529930000000024,-336.4740992999998,True,False,False
2025-04-08,63.34,-294.5,-221.62800000000001,0.3357020000000003,-516.463702,True,False,False
2025-04-09,67.58,462.5,400.8919999999995,0.3115438,863.0804561999995,True,False,False
2025-04-10,65.32,-246.00000000000009,-192.84580000000042,0.27303759999999994,-439.1188376000005,True,False,False
2025-04-11,66.46,127.50000000000021,106.80660000000005,0.1395659999999996,234.16703400000026,True,False,False
2025-04-14,66.66,50.4999999999999,17.898000000000255,0.18598139999999946,68.21201860000015,True,False,False
2025-04-15,66.48,-19.99999999999993,-17.112599999999297,0.0009972000000005102,-37.11359719999923,True,False,False
2025-04-16,67.75,98.49999999999977,120.77699999999963,0.1422750000000001,219.1347249999994,True,False,False
2025-04-17,69.48,165.50000000000028,157.25700000000037,0.4898340000000004,322.26716600000066,True,False,False
2025-04-21,68.62,-70.00000000000011,-66.04799999999996,0.5496462,-136.59764620000007,True,False,False
2025-04-22,69.37,78.99999999999991,69.615,0.04578419999999977,148.5692157999999,True,False,False
2025-04-23,68.05,-134.99999999999977,-120.78000000000068,0.14222449999999975,-255.92222450000045,True,False,False
2025-04-24,68.46,44.49999999999985,39.22879999999967,0.008215199999999824,83.72058479999953,True,False,False
2025-04-25,69.03,47.000000000000085,54.6744000000007,3.3106788,98.36372120000078,False,False,True
2025-04-28,67.76,0.0,0.0,0.0,0.0,False,False,False
2025-04-29,65.85,0.0,0.0,0.0,0.0,False,False,False
2025-04-30,63.56,-25.0,0.0,0.21038359999999975,-25.2103836,True,True,False
2025-05-01,64.52,5.50000000000006,-6.355199999999951,0.28421060000000026,-1.139410599999891,True,False,False
2025-05-02,64.01,37.000000000000014,7.86929999999986,0.18434879999999979,44.68495119999987,True,False,False
2025-05-05,62.37,182.49999999999994,15.858800000000086,0.6112260000000003,197.74757400000004,True,False,False
2025-05-06,64.6,-10.999999999999943,22.143899999999967,0.9111829999999999,10.232717000000024,True,False,False
2025-05-07,63.51,21.999999999999886,19.92519999999993,0.43377330000000003,41.49142669999982,True,False,False
2025-05-08,65.6,-14.999999999999858,-9.655799999999976,0.9079040000000002,-25.563703999999834,True,False,False
2025-05-09,66.61,-37.0000000000001,-32.62300000000017,0.3870040999999997,-70.01000410000027,True,False,False
2025-05-12,67.6,-20.500000000000007,-43.48079999999977,0.3718000000000002,-64.35259999999977,True,False,False
2025-05-13,69.59,-149.99999999999991,-109.2908000000005,0.5929068000000002,-259.8837068000004,True,False,False
2025-05-14,68.73,77.99999999999994,61.88559999999997,0.17113770000000064,139.7144622999999,True,False,False
2025-05-15,67.59,85.99999999999994,76.35720000000002,0.35856494999999977,161.99863505,True,False,False
2025-05-16,68.1,-29.999999999999982,-28.748699999999484,0.30917400000000017,-59.057873999999465,True,False,False
2025-05-19,68.51,16.000000000000014,-26.83450000000071,0.1729877499999999,-11.007487750000696,True,False,False
2025-05-20,68.66,-6.99999999999994,-10.574999999999399,0.2248614999999999,-17.799861499999338,True,False,False
2025-05-21,67.59,63.49999999999998,82.44349999999947,0.1186204499999997,145.82487954999945,True,False,False
2025-05-22,67.14,57.49999999999993,33.09300000000021,0.2168621999999998,90.37613780000014,True,False,False
2025-05-23,67.99,-54.49999999999993,-57.01799999999963,2.2803846000000005,-113.79838459999957,False,False,True
2025-05-27,67.28,0.0,0.0,0.0,0.0,False,False,False
2025-05-28,67.89,0.0,0.0,0.0,0.0,False,False,False
2025-05-29,67.19,-14.0,0.0,0.26204100000000025,-14.262041,True,True,False
2025-05-30,67.15,-11.000000000000032,0.3119999999999382,0.04834800000000026,-10.736348000000094,True,False,False
2025-06-02,69.55,-7.000000000000028,-15.263999999999944,0.9604854999999999,-23.224485499999975,True,False,False
2025-06-03,69.89,-3.500000000000014,-11.553200000000114,0.2935380000000002,-15.346738000000128,True,False,False
2025-06-04,69.34,57.500000000000014,23.30899999999988,0.20871339999999988,80.6002865999999,True,False,False
2025-06-05,69.93,-3.500000000000014,-21.45240000000013,0.33391574999999996,-25.286315750000142,True,False,False
2025-06-06,71.38,-70.00000000000001,-66.56949999999948,0.5724676,-137.1419675999995,True,False,False
2025-06-09,72.05,-25.99999999999998,-41.50650000000011,0.3249454999999999,-67.83144550000009,True,False,False
2025-06-10,71.6,51.50000000000006,31.9365000000002,0.14355800000000016,83.29294200000025,True,False,False
2025-06-11,74.82,-280.0,-215.6111999999999,0.6019269,-496.21312689999996,True,False,False
2025-06-12,75.05,-31.00000000000005,-19.10150000000033,0.01500999999999968,-50.116510000000375,True,False,False
2025-06-13,80.22,-531.0,-427.30050000000017,0.3822482999999995,-958.6827483000002,True,False,False
2025-06-16,78.59,192.4999999999999,150.25339999999957,0.1092400999999995,342.64415989999947,True,False,False
2025-06-17,82.3,-373.4999999999998,-331.67399999999947,0.18887850000000014,-705.3628784999993,True,False,False
2025-06-18,82.27,9.499999999999886,2.819700000000107,0.1205255499999997,12.199174449999994,True,False,False
2025-06-20,83.12,-146.50000000000006,-82.38200000000083,4.0279952,-232.90999520000088,False,False,True
2025-06-23,76.41,0.0,0.0,0.0,0.0,False,False,False
2025-06-24,73.0,0.0,0.0,0.0,0.0,False,False,False
2025-06-25,73.31,0.0,0.0,0.0,0.0,False,False,False
2025-06-26,73.59,0.0,0.0,0.0,0.0,False,False,False
2025-06-27,73.28,-16.5,0.0,0.031144000000000234,-16.531144,True,True,False
2025-06-30,73.11,51.00000000000007,0.14450000000000252,0.08553870000000012,51.05896130000007,True,False,False
2025-07-01,73.93,18.99999999999995,1.2218000000000084,0.41733485000000003,19.80446514999996,True,False,False
2025-07-02,75.59,-35.49999999999996,-16.267999999999972,0.8477418499999998,-52.61574184999993,True,False,False
2025-07-03,75.19,22.499999999999964,12.892000000000182,0.21955479999999986,35.17244520000015,True,False,False
2025-07-07,76.48,-19.49999999999994,-34.043100000000166,0.7108816,-54.25398160000011,True,False,False
2025-07-08,76.96,-0.5000000000000782,-21.590399999999537,0.3794128000000002,-22.469812799999616,True,False,False
2025-07-09,76.93,37.000000000000014,1.6451999999992832,0.04577335000000019,38.5994266499993,True,False,False
2025-07-10,75.39,79.5,82.62100000000034,0.6577777499999998,161.4632222500003,True,False,False
2025-07-11,77.29,-113.49999999999997,-68.78000000000021,0.7763780499999997,-183.0563780500002,True,False,False
2025-07-14,75.62,133.5,94.00430000000009,0.4472922999999997,227.0570077000001,True,False,False
2025-07-15,75.26,44.499999999999986,16.005599999999976,0.1757320999999998,60.32986789999996,True,False,False
2025-07-16,75.19,28.000000000000025,2.7853000000002943,0.03270765000000017,30.75259235000032,True,False,False
2025-07-17,76.16,-36.49999999999998,-37.75239999999996,0.8914527999999998,-75.14385279999993,True,False,False
2025-07-18,75.93,34.0,14.335899999999361,2.3663584500000003,45.96954154999936,False,False,True
2025-07-21,75.59,0.0,0.0,0.0,0.0,False,False,False
2025-07-22,75.35,0.0,0.0,0.0,0.0,False,False,False
2025-07-23,75.28,0.0,0.0,0.0,0.0,False,False,False
2025-07-24,76.09,0.0,0.0,0.0,0.0,False,False,False
2025-07-25,74.85,0.0,0.0,0.0,0.0,False,False,False
2025-07-28,77.17,-10.0,0.0,0.17749099999999995,-10.177491,True,True,False
2025-07-29,79.8,-88.49999999999997,-12.097999999999976,1.1403420000000004,-101.73834199999995,True,False,False
2025-07-30,81.04,-56.50000000000004,-41.14320000000031,0.3837244,-98.02692440000035,True,False,False
2025-07-31,79.59,62.9999999999999,61.84250000000013,0.4150618500000003,124.42743815000003,True,False,False
2025-08-01,77.46,21.000000000000085,68.6286000000003,0.9326184,88.6959816000004,True,False,False
2025-08-04,76.11,57.00000000000003,10.98899999999995,0.5217340500000001,67.46726594999997,True,False,False
2025-08-05,75.02,30.00000000000007,-6.071300000000022,0.5555230999999998,23.37317690000005,True,False,False
2025-08-06,73.79,-34.00000000000016,-25.06739999999979,0.6013884999999998,-59.66878849999995,True,False,False
2025-08-07,73.42,20.500000000000096,-13.571600000000164,0.26908429999999994,6.659315699999932,True,False,False
2025-08-08,73.3,13.999999999999968,-5.281200000000199,0.0927245000000003,8.626075499999768,True,False,False
2025-08-11,73.8,35.00000000000006,23.27,0.17712000000000014,58.09288000000005,True,False,False
2025-08-12,72.95,-37.999999999999986,-35.47899999999976,0.44499500000000014,-73.92399499999975,True,False,False
2025-08-13,72.46,-18.00000000000006,-26.43060000000049,0.28621700000000017,-44.71681700000055,True,False,False
2025-08-14,73.74,60.00000000000006,79.15520000000008,0.6024557999999999,138.55274420000015,True,False,False
2025-08-15,72.8,-60.00000000000006,-42.769999999999904,0.44990399999999975,-103.21990399999996,True,False,False
2025-08-18,73.17,92.49999999999999,21.408200000000264,0.7675533000000002,113.14064670000025,True,False,False
2025-08-19,72.3,-50.499999999999986,-68.59080000000036,0.10953450000000003,-119.20033450000034,True,False,False
2025-08-20,73.52,108.0,92.48819999999992,0.22644159999999985,200.26175839999993,True,False,False
2025-08-21,74.13,46.00000000000004,42.486499999999964,0.2765048999999997,88.2099951,True,False,False
2025-08-22,74.64,41.49999999999997,31.716900000000326,2.3209308000000006,70.8959692000003,False,False,True
2025-08-25,75.75,0.0,0.0,0.0,0.0,False,False,False
2025-08-26,74.05,-7.500000000000114,0.0,0.1947514999999999,-7.694751500000113,True,True,False
2025-08-27,74.68,14.500000000000046,-3.3138000000000494,0.33381959999999994,10.852380399999996,True,False,False
2025-08-28,75.24,-20.500000000000007,-7.9519999999998285,0.17493300000000034,-28.626932999999834,True,False,False
2025-08-29,74.84,36.00000000000003,7.539999999999841,0.15229940000000003,43.387700599999874,True,False,False
2025-09-02,76.76,-48.50000000000003,-28.377600000000033,0.967176,-77.84477600000005,True,False,False
2025-09-03,74.83,58.5,77.16140000000028,0.9570756999999999,134.7043243000003,True,False,False
2025-09-04,74.18,24.00000000000002,9.359999999999882,0.3579185000000004,33.002081499999896,True,False,False
2025-09-05,72.63,17.499999999999982,7.362500000000051,0.8072824499999999,24.055217550000034,True,False,False
2025-09-08,73.04,48.99999999999998,7.166800000000188,0.15813160000000007,56.00866840000017,True,False,False
2025-09-09,73.39,29.00000000000005,4.602499999999924,0.2443887,33.35811129999997,True,False,False
2025-09-10,74.71,5.499999999999972,8.566799999999951,0.8965199999999997,13.170279999999924,True,False,False
2025-09-11,73.0,18.999999999999993,29.942099999999886,1.2658199999999997,47.676279999999885,True,False,False
2025-09-12,73.31,34.00000000000003,5.3227000000000375,0.22469514999999984,39.098004850000066,True,False,False
2025-09-15,74.23,28.500000000000014,10.156800000000018,0.7118656999999999,37.944934300000035,True,False,False
2025-09-16,75.67,-35.00000000000001,-11.721599999999977,1.22017875,-47.94177874999998,True,False,False
2025-09-17,74.97,41.99999999999995,28.273000000000117,0.4955517000000002,69.77744830000006,True,False,False
2025-09-18,74.69,37.5,7.607600000000029,0.20465059999999988,44.902949400000026,True,False,False
2025-09-19,73.52,28.500000000000036,25.377300000000034,0.7973243999999998,53.07997560000007,False,False,True
2025-09-22,73.45,0.0,0.0,0.0,0.0,False,False,False
2025-09-23,75.05,0.0,0.0,0.0,0.0,False,False,False
2025-09-24,76.39,-7.000000000000057,0.0,0.11420304999999994,-7.114203050000056,True,True,False
2025-09-25,76.99,-27.500000000000036,-1.793999999999982,0.18747065000000007,-29.48147065000002,True,False,False
2025-09-26,77.02,8.000000000000007,-0.23580000000000895,0.15904629999999997,7.605153699999998,True,False,False
2025-09-29,74.59,21.999999999999975,29.13569999999991,1.2907799500000001,49.844920049999885,True,False,False
2025-09-30,73.75,-13.999999999999968,-19.000800000000076,0.37464999999999976,-33.37545000000004,True,False,False
2025-10-01,73.14,-21.499999999999986,-19.995799999999978,0.2750064000000004,-41.77080639999996,True,False,False
2025-10-02,71.54,-99.00000000000003,-64.47999999999978,0.5973590000000002,-164.0773589999998,True,False,False
2025-10-03,71.71,47.50000000000006,9.689999999999289,0.03693064999999978,57.15306934999934,True,False,False
2025-10-06,72.87,102.49999999999994,67.31480000000063,0.25103714999999976,169.56376285000056,True,False,False
2025-10-07,73.2,27.999999999999936,16.876199999999915,0.009516000000000448,44.86668399999986,True,False,False
2025-10-08,73.53,34.500000000000064,16.790399999999913,0.11213324999999989,51.17826674999998,True,False,False
2025-10-09,72.51,-54.999999999999986,-48.78659999999981,0.53693655,-104.32353654999979,True,False,False
2025-10-10,69.39,-259.00000000000006,-195.43680000000026,0.5155677000000003,-454.9523677000003,True,False,False
2025-10-13,70.28,39.00000000000006,68.97500000000005,0.08187619999999994,107.89312380000011,True,False,False
2025-10-14,69.0,-47.499999999999964,-102.18240000000009,0.15732000000000007,-149.83972000000006,True,False,False
2025-10-15,68.99,-9.000000000000075,-0.8439000000004317,0.055536949999999974,-9.899436950000506,True,False,False
2025-10-16,67.81,-125.99999999999989,-101.47999999999936,0.1064617000000005,-227.58646169999926,True,False,False
2025-10-17,67.98,-194.99999999999997,15.153800000000155,3.029868600000001,-182.87606859999983,False,False,True
2025-10-20,67.83,0.0,0.0,0.0,0.0,False,False,False
2025-10-21,68.27,0.0,0.0,0.0,0.0,False,False,False
2025-10-22,70.63,0.0,0.0,0.0,0.0,False,False,False
2025-10-23,73.29,-10.0,0.0,0.12312720000000028,-10.1231272,True,True,False
2025-10-24,73.18,34.999999999999964,0.36959999999999893,0.13245580000000046,35.23714419999996,True,False,False
2025-10-27,73.12,41.000000000000014,-0.015600000000000872,0.06251759999999981,40.921882400000015,True,False,False
2025-10-28,71.39,9.999999999999964,-3.4081000000000072,0.8092056499999998,5.782694349999957,True,False,False
2025-10-29,71.8,23.000000000000043,10.102399999999914,0.19996299999999964,32.90243699999996,True,False,False
2025-10-30,71.71,28.000000000000025,-1.7163000000000654,0.04912134999999978,26.23457864999996,True,False,False
2025-10-31,72.56,10.499999999999954,17.374000000000173,0.3395807999999997,27.534419200000126,True,False,False
2025-11-03,72.74,58.00000000000001,1.9943999999999193,0.01709390000000015,59.97730609999993,True,False,False
2025-11-04,71.93,2.5000000000000355,-8.594099999999877,0.4312203499999999,-6.525320349999841,True,False,False
2025-11-05,71.03,-12.00000000000001,-20.340000000000128,0.6350082000000002,-32.97500820000014,True,False,False
2025-11-06,70.88,10.000000000000009,-6.072000000000231,0.04040159999999977,3.8875983999997783,True,False,False
2025-11-07,71.26,25.99999999999998,15.815600000000401,0.033135900000000246,41.78246410000038,True,False,False
2025-11-10,71.68,42.000000000000036,17.871000000000073,0.20858880000000027,59.66241120000011,True,False,False
2025-11-11,72.72,38.49999999999998,38.199199999999706,0.7751952,75.92400479999968,True,False,False
2025-11-12,69.79,-139.99999999999994,-45.15129999999988,1.9206208,-187.07192079999982,True,False,False
2025-11-13,69.85,23.499999999999943,4.226999999999158,0.0055880000000003765,27.721411999999102,True,False,False
2025-11-14,71.38,90.00000000000006,108.03330000000008,2.5200709,195.51322910000013,False,False,True
2025-11-17,71.3,0.0,0.0,0.0,0.0,False,False,False
2025-11-18,72.5,0.0,0.0,0.0,0.0,False,False,False
2025-11-19,70.88,0.0,0.0,0.0,0.0,False,False,False
2025-11-20,70.15,0.0,0.0,0.0,0.0,False,False,False
2025-11-21,69.3,-7.0,0.0,0.25537049999999994,-7.2553705,True,True,False
2025-11-24,70.42,-4.999999999999893,-8.254400000000032,0.5517407000000003,-13.806140699999926,True,False,False
2025-11-25,69.25,23.999999999999932,26.956800000000047,0.4601662500000001,50.49663374999998,True,False,False
2025-11-26,70.04,19.49999999999994,-7.702500000000064,0.3596553999999999,11.437844599999876,True,False,False
2025-11-28,71.07,-16.999999999999993,-20.620599999999737,0.48220994999999983,-38.102809949999724,True,False,False
2025-12-01,71.06,24.50000000000001,0.33589999999969444,0.1183149000000002,24.717585099999702,True,False,False
2025-12-02,70.2,39.5,31.75119999999998,0.5229900000000003,70.72820999999998,True,False,False
2025-12-03,70.66,29.000000000000004,-10.12919999999986,0.3557731000000005,18.515026900000144,True,False,False
2025-12-04,71.39,-12.5,-23.425700000000134,0.5068689999999996,-36.432569000000136,True,False,False
2025-12-05,71.92,-13.999999999999968,-24.533700000000053,0.3883680000000004,-38.922068000000024,True,False,False
2025-12-08,70.49,89.49999999999996,81.6387000000004,0.8275526000000003,170.31114740000038,True,False,False
2025-12-09,69.86,31.50000000000004,21.174299999999846,0.32938989999999974,52.344910099999886,True,False,False
2025-12-10,70.54,-13.500000000000023,-16.44240000000017,0.5939467999999998,-30.536346800000192,True,False,False
2025-12-11,69.25,74.50000000000001,52.91580000000025,1.0986512499999999,126.31714875000027,True,False,False
2025-12-12,68.81,24.0,4.087599999999979,0.31962244999999995,27.76797754999998,False,False,True
2025-12-15,67.89,0.0,0.0,0.0,0.0,False,False,False
2025-12-16,66.17,0.0,0.0,0.0,0.0,False,False,False
2025-12-17,67.98,0.0,0.0,0.0,0.0,False,False,False
2025-12-18,67.19,0.0,0.0,0.0,0.0,False,False,False
2025-12-19,68.03,0.0,0.0,0.0,0.0,False,False,False
2025-12-22,69.73,-19.999999999999943,0.0,0.2733416000000001,-20.27334159999994,True,True,False
2025-12-23,70.3,0.49999999999998934,-4.468799999999948,0.06186400000000002,-4.030663999999959,True,False,False
2025-12-24,70.2,9.999999999999964,0.9599999999999458,0.14215499999999992,10.81784499999991,True,False,False
2025-12-26,68.48,16.999999999999904,23.477999999999984,0.8751744000000001,39.60282559999989,True,False,False
2025-12-29,69.61,31.00000000000005,13.45829999999995,0.6529417999999999,43.8053582,True,False,False
2025-12-30,69.74,26.500000000000057,-0.8904999999999682,0.0062765999999997105,25.60322340000009,True,False,False
2025-12-31,69.16,22.999999999999954,3.8685999999999905,0.3409588000000001,26.527641199999945,True,False,False
2026-01-02,68.96,20.500000000000007,-0.6380000000000088,0.10025404799999994,19.761745952,True,False,False
2026-01-05,70.22,4.999999999999982,7.682976000000028,0.8266509059999998,11.856325094000011,True,False,False
2026-01-06,68.51,6.00000000000005,29.834369999999883,1.0041579210000002,34.830212078999935,True,False,False
2026-01-07,67.79,-43.50000000000001,-8.54438399999999,0.5341377469999996,-52.578521746999996,True,False,False
2026-01-08,70.54,-10.999999999999988,75.97094999999999,1.557339796,63.413610204,True,False,False
2026-01-09,70.78,-8.999999999999986,-3.9669599999999154,0.503231644,-13.4701916439999,True,False,False
2026-01-12,71.65,4.999999999999982,-26.75128200000014,0.31070306,-22.061985060000158,True,False,False
2026-01-13,73.48,-148.50000000000003,-72.14116199999992,0.7569174799999999,-221.39807947999995,True,False,False
2026-01-14,72.61,61.50000000000002,52.22035800000027,0.7323008939999998,112.98805710600028,True,False,False
2026-01-15,71.13,175.50000000000003,58.98184800000016,0.0814509630000002,234.40039703700018,True,False,False
2026-01-16,71.65,-1.5000000000000515,-19.532448000000382,1.34567298,-22.378120980000435,False,False,True
2026-01-20,71.86,-42.0,0.0,0.2500728000000002,-42.2500728,True,True,False
2026-01-21,73.34,-50.499999999999986,-10.300800000000036,0.4109826919999996,-61.21178269200002,True,False,False
2026-01-22,71.82,23.500000000000032,27.614752000000177,0.5344269839999995,50.58032501600021,True,False,False
2026-01-23,73.95,-65.50000000000011,-6.997476000000042,0.75315117,-73.25062717000016,True,False,False
2026-01-26,73.48,46.50000000000007,11.117567999999974,0.131389588,57.48617841200005,True,False,False
2026-01-27,75.66,-59.49999999999997,-43.77047599999986,0.6317458679999999,-103.90222186799983,True,False,False
2026-01-28,76.62,-41.5,-35.30668800000029,0.41941787999999974,-77.22610588000029,True,False,False
2026-01-29,79.14,-213.9999999999998,-120.2690159999998,0.5688662339999999,-334.8378822339996,True,False,False
2026-01-30,79.52,10.499999999999687,-23.598759999999714,0.07753200000000011,-13.176292000000027,True,False,False
2026-02-02,75.33,374.5000000000001,268.37787999999983,0.9390035159999996,641.938876484,True,False,False
2026-02-03,77.47,-100.49999999999999,-83.72022400000003,0.5610222459999997,-184.78124624600002,True,False,False
2026-02-04,77.88,-103.00000000000003,-21.978131999999814,0.17857883999999993,-125.15671083999985,True,False,False
2026-02-05,76.69,73.00000000000004,69.24752799999986,0.26252520800000007,141.9850027919999,True,False,False
2026-02-06,76.99,62.499999999999915,-15.403439999999852,0.140368168,46.95619183200006,True,False,False
2026-02-09,78.02,-51.99999999999996,-56.64093600000005,0.6356913560000003,-109.276627356,True,False,False
2026-02-10,78.03,69.00000000000004,-0.7128680000003647,0.03580796699999999,68.25132403299968,True,False,False
2026-02-11,78.89,-79.5,-62.09595599999996,0.33389403599999984,-141.92985003599995,True,False,False
2026-02-12,76.38,214.49999999999994,202.4801940000004,0.40166714399999953,416.57852685600034,True,False,False
2026-02-13,76.22,42.000000000000014,11.224287999999762,2.673485098,50.550802901999774,False,False,True
2026-02-17,75.73,0.0,0.0,0.0,0.0,False,False,False
2026-02-18,79.4,-17.500000000000114,0.0,0.36645482,-17.866454820000115,True,True,False
2026-02-19,81.19,-82.49999999999993,-16.522773999999924,0.4806285619999997,-99.50340256199985,True,False,False
2026-02-20,80.85,37.5,7.163868000000069,0.0781576949999998,44.58571030500007,True,False,False
2026-02-23,80.9,-15.000000000000036,-0.9568400000002174,0.010452279999999927,-15.967292280000253,True,False,False
2026-02-24,80.76,29.999999999999893,2.7153280000000106,0.039443184000000034,32.67588481599991,True,False,False
2026-02-25,79.73,1.7763568394002505e-13,18.970952000000015,0.24795232699999986,18.722999673000192,True,False,False
2026-02-26,79.77,-17.50000000000007,-0.4879439999999029,0.05825603099999984,-18.046200030999973,True,False,False
2026-02-27,81.95,-69.99999999999993,-23.40884000000008,0.6032585350000002,-94.012098535,True,False,False
2026-03-02,87.19,-284.50000000000006,-133.41354399999992,1.381455798,-419.294999798,True,False,False
2026-03-03,90.2,-130.49999999999997,-172.01849000000033,0.1826910799999998,-302.70118108000025,True,False,False
2026-03-04,91.56,-100.0,-83.23172799999998,0.3918218639999999,-183.62354986399998,True,False,False
2026-03-05,96.31,-474.0000000000002,-331.35335,0.4914506679999995,-805.8448006680002,True,False,False
2026-03-06,108.77,-1216.9999999999995,-996.3539319999994,0.30576334700000035,-2213.659695346999,True,False,False
2026-03-09,104.33,341.99999999999983,380.0036159999998,0.11935351999999984,721.8842624799996,True,False,False
2026-03-10,105.86,34.99999999999943,-127.4465520000001,0.23656534199999965,-92.68311734200067,True,False,False
2026-03-11,108.05,-133.99999999999963,-192.2114819999998,0.18776928999999998,-326.3992512899994,True,False,False
2026-03-12,118.39,-941.9999999999998,-943.4567560000003,0.3430468640000005,-1885.799802864,True,False,False
2026-03-13,119.89,-334.9999999999997,-145.55790000000002,5.816978877,-486.37487887699973,False,False,True
2026-03-16,115.03,0.0,0.0,0.0,0.0,False,False,False
2026-03-17,118.84,0.0,0.0,0.0,0.0,False,False,False
2026-03-18,121.67,0.0,0.0,0.0,0.0,False,False,False
2026-03-19,117.36,-72.5,0.0,0.5881965840000003,-73.088196584,True,True,False
2026-03-20,121.43,-22.499999999999787,-40.796866000000094,0.8469621069999994,-64.14382810699988,True,False,False
2026-03-23,110.56,144.99999999999994,260.59303200000005,1.895562256,403.697469744,True,False,False
2026-03-24,114.54,130.00000000000006,41.06006800000005,0.6547679099999999,170.4053000900001,True,False,False
2026-03-25,113.39,-25.0,1.283860000000001,0.1773873159999999,-23.893527316,True,False,False
2026-03-26,117.26,-42.50000000000007,7.787988000000021,0.7794154940000001,-35.49142749400005,True,False,False
2026-03-27,124.2,-175.0,-78.29291599999996,1.18675584,-254.47967183999995,True,False,False
2026-03-30,129.83,25.000000000000355,-171.10583400000027,0.911198872,-147.0170328719999,True,False,False
2026-03-31,127.25,319.99999999999955,114.62578800000054,0.21343642499999943,434.41235157500006,True,False,False
2026-04-01,124.09,-9.999999999999787,129.79383999999988,0.7017909950000002,119.09204900500009,True,False,False
2026-04-02,137.92,-647.4999999999998,-411.62228999999957,2.4715677759999997,-1061.5938577759994,True,False,False
2026-04-06,138.94,-51.50000000000006,-66.91567200000067,0.2828957339999997,-118.69856773400072,True,False,False
2026-04-07,138.08,102.9999999999994,59.92118799999896,0.024578239999999626,162.89660975999837,True,False,False
2026-04-08,124.58,1216.0000000000005,935.817300000001,1.824062986,2149.9932370140014,True,False,False
2026-04-09,126.96,17.50000000000007,-95.28663199999981,0.8625916320000004,-78.64922363199975,True,False,False
2026-04-10,124.82,104.00000000000004,114.75707200000005,3.3467237680000004,215.4103482320001,False,False,True
