date,spot,option_pnl,hedge_pnl,tcost,total_pnl,in_trade,opened,closed
2020-05-04,19.67,-12.5,0.0,0.09746484999999998,-12.59746485,True,True,False
2020-05-05,21.51,-58.50000000000004,-18.234399999999994,0.3208216500000001,-77.05522165000004,True,False,False
2020-05-06,20.85,29.000000000000092,26.228400000000008,0.08110650000000001,55.1472935000001,True,False,False
2020-05-07,20.47,33.49999999999995,12.144800000000082,0.0808565000000001,45.56394350000003,True,False,False
2020-05-08,21.47,-17.000000000000036,-24.05999999999999,0.19119035000000006,-41.25119035000003,True,False,False
2020-05-11,21.17,39.50000000000004,12.560999999999881,0.05017289999999995,52.01082709999992,True,False,False
2020-05-12,20.97,25.0,7.426000000000106,0.005347350000000054,32.42065265000011,True,False,False
2020-05-13,20.6,37.5,13.926799999999906,0.1091800000000001,51.317619999999906,True,False,False
2020-05-14,21.45,-28.500000000000014,-22.98399999999994,0.21010275000000006,-51.69410274999995,True,False,False
2020-05-15,22.39,-55.00000000000003,-43.832200000000064,0.18158290000000007,-99.01378290000008,True,False,False
2020-05-18,24.31,-149.49999999999997,-120.6719999999999,0.22377354999999996,-270.39577354999983,True,False,False
2020-05-19,24.44,18.00000000000006,-10.563800000000208,0.03299400000000004,7.403205999999852,True,False,False
2020-05-20,25.34,-105.00000000000007,-75.5639999999999,0.07918750000000001,-180.64318749999995,True,False,False
2020-05-21,26.6,-133.50000000000003,-113.66460000000015,1.199793,-248.36439300000018,False,False,True
2020-05-22,25.57,0.0,0.0,0.0,0.0,False,False,False
2020-05-26,25.66,0.0,0.0,0.0,0.0,False,False,False
2020-05-27,25.0,0.0,0.0,0.0,0.0,False,False,False
2020-05-28,25.03,0.0,0.0,0.0,0.0,False,False,False
2020-05-29,25.88,0.0,0.0,0.0,0.0,False,False,False
2020-06-01,26.22,0.0,0.0,0.0,0.0,False,False,False
2020-06-02,27.07,0.0,0.0,0.0,0.0,False,False,False
2020-06-03,27.12,0.0,0.0,0.0,0.0,False,False,False
2020-06-04,27.5,0.0,0.0,0.0,0.0,False,False,False
2020-06-05,28.87,0.0,0.0,0.0,0.0,False,False,False
2020-06-08,28.37,0.0,0.0,0.0,0.0,False,False,False
2020-06-09,28.42,0.0,0.0,0.0,0.0,False,False,False
2020-06-10,28.43,0.0,0.0,0.0,0.0,False,False,False
2020-06-11,26.36,0.0,0.0,0.0,0.0,False,False,False
2020-06-12,26.43,0.0,0.0,0.0,0.0,False,False,False
2020-06-15,26.98,0.0,0.0,0.0,0.0,False,False,False
2020-06-16,27.64,0.0,0.0,0.0,0.0,False,False,False
2020-06-17,27.28,0.0,0.0,0.0,0.0,False,False,False
2020-06-18,27.89,0.0,0.0,0.0,0.0,False,False,False
2020-06-19,28.23,0.0,0.0,0.0,0.0,False,False,False
2020-06-22,28.98,0.0,0.0,0.0,0.0,False,False,False
2020-06-23,28.72,0.0,0.0,0.0,0.0,False,False,False
2020-06-24,27.25,-8.5,0.0,0.13188999999999998,-8.63189,True,True,False
2020-06-25,27.94,-4.999999999999982,-6.679200000000012,0.1909699,-11.870169899999995,True,False,False
2020-06-26,27.36,16.999999999999993,13.543000000000042,0.14021999999999996,30.402780000000035,True,False,False
2020-06-29,28.27,4.499999999999993,-11.921000000000003,0.22191949999999994,-7.64291950000001,True,False,False
2020-06-30,28.06,22.500000000000007,6.048000000000024,0.009540399999999895,28.53845960000003,True,False,False
2020-07-01,28.35,16.499999999999957,-8.154800000000078,0.11963699999999998,8.22556299999988,True,False,False
2020-07-02,28.75,-0.9999999999999787,-14.623999999999949,0.11183750000000012,-15.735837499999928,True,False,False
2020-07-06,28.96,5.000000000000027,-9.31140000000004,0.1055591999999998,-4.416959200000013,True,False,False
2020-07-07,28.79,18.999999999999993,8.777100000000088,0.021880399999999942,27.755219600000082,True,False,False
2020-07-08,29.18,-8.000000000000007,-19.542900000000028,0.15655069999999996,-27.699450700000035,True,False,False
2020-07-09,28.41,47.50000000000001,46.84679999999997,0.25071825,94.09608174999997,True,False,False
2020-07-10,29.03,-29.999999999999982,-26.777800000000042,0.23224,-57.010040000000025,True,False,False
2020-07-13,28.5,44.99999999999997,31.370700000000067,0.1155675000000001,76.25513250000004,True,False,False
2020-07-14,28.88,-28.000000000000025,-19.410399999999946,0.12360640000000014,-47.53400639999997,True,False,False
2020-07-15,29.29,-22.999999999999954,-24.452400000000008,0.16446335000000006,-47.61686334999996,True,False,False
2020-07-16,29.16,25.500000000000036,9.21309999999993,0.03411719999999984,34.67898279999997,True,False,False
2020-07-17,29.1,13.99999999999996,4.392599999999906,1.0652055,17.327394499999865,False,False,True
2020-07-20,29.12,0.0,0.0,0.0,0.0,False,False,False
2020-07-21,29.72,0.0,0.0,0.0,0.0,False,False,False
2020-07-22,29.75,0.0,0.0,0.0,0.0,False,False,False
2020-07-23,29.41,-6.0,0.0,0.008087750000000006,-6.00808775,True,True,False
2020-07-24,29.44,8.999999999999986,-0.01650000000000064,0.032236800000000045,8.951263199999985,True,False,False
2020-07-27,29.72,13.499999999999979,-0.7671999999999944,0.11932580000000005,12.613474199999985,True,False,False
2020-07-28,29.35,16.50000000000005,3.984899999999975,0.18167650000000005,20.303223500000023,True,False,False
2020-07-29,29.57,10.999999999999988,0.354199999999997,0.11827999999999994,11.235919999999984,True,False,False
2020-07-30,28.93,-8.000000000000007,4.089600000000004,0.2942180999999999,-4.204618100000003,True,False,False
2020-07-31,29.07,10.000000000000009,1.9530000000000074,0.03372120000000001,11.919278800000017,True,False,False
2020-08-03,29.34,18.500000000000007,3.1400999999999937,0.17134559999999985,21.4687544,True,False,False
2020-08-04,29.78,0.49999999999998934,-0.02199999999999764,0.2063754000000001,0.2716245999999916,True,False,False
2020-08-05,30.23,-2.499999999999991,-6.25949999999999,0.25166475,-9.011164749999981,True,False,False
2020-08-06,30.18,7.500000000000018,1.5280000000000216,0.017806199999999887,9.010193800000039,True,False,False
2020-08-07,29.85,20.499999999999986,9.695399999999951,0.18507000000000015,30.010329999999936,True,False,False
2020-08-10,30.16,12.999999999999968,-5.263799999999978,0.2088580000000001,7.52734199999999,True,False,False
2020-08-11,29.82,8.000000000000028,10.482199999999997,0.14030309999999996,18.341896900000027,True,False,False
2020-08-12,30.56,-16.499999999999982,-15.850799999999971,0.45488559999999995,-32.80568559999995,True,False,False
2020-08-13,30.4,11.5,8.190400000000007,0.042104000000000155,19.648296000000006,True,False,False
2020-08-14,30.33,16.499999999999982,3.3894000000000135,0.7342892999999999,19.155110699999994,False,False,True
2020-08-17,30.77,0.0,0.0,0.0,0.0,False,False,False
2020-08-18,30.6,0.0,0.0,0.0,0.0,False,False,False
2020-08-19,30.66,0.0,0.0,0.0,0.0,False,False,False
2020-08-20,30.52,0.0,0.0,0.0,0.0,False,False,False
2020-08-21,30.18,-6.0,0.0,0.12962309999999996,-6.1296231,True,True,False
2020-08-24,30.35,6.000000000000005,-1.4603000000000144,0.08589050000000015,4.45380949999999,True,False,False
2020-08-25,30.92,-14.000000000000012,-8.122500000000008,0.3002332,-22.42273320000002,True,False,False
2020-08-26,30.93,-0.49999999999998934,-0.33669999999993305,0.019949849999999877,-0.8566498499999222,True,False,False
2020-08-27,30.67,17.499999999999982,9.089599999999928,0.11286559999999989,26.476734399999913,True,False,False
2020-08-28,30.72,14.500000000000025,-1.3799999999999217,0.06236159999999998,13.057638400000105,True,False,False
2020-08-31,30.58,10.999999999999964,4.432400000000018,0.09755020000000003,15.334849799999983,True,False,False
2020-09-01,30.61,10.000000000000009,-0.7584000000000287,0.08126955000000013,9.16033044999998,True,False,False
2020-09-02,29.86,3.0000000000000027,22.942500000000006,0.5428548000000001,25.39964520000001,True,False,False
2020-09-03,29.64,-8.499999999999996,-1.269399999999993,0.09633000000000008,-9.86572999999999,True,False,False
2020-09-04,28.51,-43.99999999999999,-13.865099999999991,0.5542344,-58.41933439999998,True,False,False
2020-09-08,26.75,-132.0,-90.02400000000009,0.42438874999999987,-222.44838875000008,True,False,False
2020-09-09,27.41,63.000000000000036,54.70080000000001,0.03385135000000018,117.66694865000004,True,False,False
2020-09-10,26.79,-56.49999999999999,-52.91700000000009,0.11265194999999996,-109.52965195000009,True,False,False
2020-09-11,27.04,18.49999999999995,23.44,1.2676352,40.672364799999954,False,False,True
2020-09-14,26.94,0.0,0.0,0.0,0.0,False,False,False
2020-09-15,27.52,0.0,0.0,0.0,0.0,False,False,False
2020-09-16,28.7,0.0,0.0,0.0,0.0,False,False,False
2020-09-17,29.23,0.0,0.0,0.0,0.0,False,False,False
2020-09-18,29.06,0.0,0.0,0.0,0.0,False,False,False
2020-09-21,28.29,0.0,0.0,0.0,0.0,False,False,False
2020-09-22,28.17,0.0,0.0,0.0,0.0,False,False,False
2020-09-23,28.03,-11.500000000000028,0.0,0.09964664999999992,-11.599646650000029,True,True,False
2020-09-24,28.5,-1.5000000000000124,-3.3416999999999892,0.13694250000000002,-4.978642500000001,True,False,False
2020-09-25,28.35,16.50000000000005,2.5079999999999756,0.0008504999999998813,19.007149500000025,True,False,False
2020-09-28,28.69,4.4999999999999485,-5.664399999999999,0.12652290000000002,-1.2909229000000504,True,False,False
2020-09-29,27.7,1.5000000000000124,25.225200000000054,0.4344745,26.290725500000065,True,False,False
2020-09-30,28.29,6.500000000000039,3.4750999999999963,0.2604094499999999,9.714690550000036,True,False,False
2020-10-01,27.51,-8.000000000000007,9.765599999999967,0.33149549999999994,1.4341044999999601,True,False,False
2020-10-02,26.35,-45.000000000000014,-13.432799999999997,0.35124550000000015,-58.78404550000001,True,False,False
2020-10-05,27.93,54.999999999999986,60.41919999999995,0.5625102000000001,114.85668979999993,True,False,False
2020-10-06,28.39,7.000000000000028,-0.9384000000000006,0.22172589999999995,5.839874100000028,True,False,False
2020-10-07,28.39,14.499999999999979,-0.0,0.02782219999999994,14.47217779999998,True,False,False
2020-10-08,29.14,-10.000000000000032,-11.774999999999999,0.3792571000000002,-22.15425710000003,True,False,False
2020-10-09,28.69,27.000000000000046,18.778499999999973,0.18017319999999995,45.598326800000024,True,False,False
2020-10-12,28.07,19.99999999999997,18.085400000000035,0.3251909500000001,37.76020905000001,True,False,False
2020-10-13,28.46,-4.499999999999993,-2.3400000000000034,0.24006010000000014,-7.080060099999996,True,False,False
2020-10-14,28.98,-1.4999999999999902,-11.892399999999995,0.32877809999999996,-13.721178099999984,True,False,False
2020-10-15,28.94,6.499999999999995,1.8223999999999612,0.015916999999999917,8.306482999999956,True,False,False
2020-10-16,28.72,18.00000000000001,9.781200000000108,0.6384456000000002,27.14275440000012,False,False,True
2020-10-19,28.59,0.0,0.0,0.0,0.0,False,False,False
2020-10-20,29.05,0.0,0.0,0.0,0.0,False,False,False
2020-10-21,28.1,0.0,0.0,0.0,0.0,False,False,False
2020-10-22,28.51,-4.000000000000057,0.0,0.06785379999999998,-4.067853800000057,True,True,False
2020-10-23,27.88,4.0000000000000036,2.998800000000011,0.2404649999999999,6.758335000000015,True,False,False
2020-10-26,27.11,-16.499999999999957,-9.617299999999991,0.26147595,-26.37877594999995,True,False,False
2020-10-27,27.69,23.0,18.432400000000058,0.20698274999999997,41.225417250000056,True,False,False
2020-10-28,26.31,-64.00000000000001,-23.225400000000047,0.38241584999999995,-87.60781585000007,True,False,False
2020-10-29,25.6,-42.50000000000003,-32.58899999999988,0.14515200000000006,-75.23415199999991,True,False,False
2020-10-30,25.25,-49.50000000000006,-20.03400000000008,0.03913750000000002,-69.57313750000013,True,False,False
2020-11-02,26.26,83.50000000000009,60.943400000000096,0.1651754,144.27822460000016,True,False,False
2020-11-03,26.72,34.49999999999997,21.969599999999872,0.11770160000000003,56.35189839999985,True,False,False
2020-11-04,27.44,67.0,28.044000000000096,0.13514199999999996,94.9088580000001,True,False,False
2020-11-05,27.16,-0.0,-8.148000000000035,0.17816959999999993,-8.326169600000036,True,False,False
2020-11-06,26.47,-28.49999999999997,-29.13180000000005,0.26708229999999994,-57.898882300000025,True,False,False
2020-11-09,28.07,68.5,99.84000000000007,0.7609777,167.57902230000008,True,False,False
2020-11-10,28.91,5.999999999999983,6.871199999999997,0.39071865000000006,12.48048134999998,True,False,False
2020-11-11,29.04,-2.5000000000000133,-2.4504999999999812,0.05706359999999999,-5.007563599999995,True,False,False
2020-11-12,28.66,22.00000000000002,8.656399999999978,0.1733929999999999,30.483006999999997,True,False,False
2020-11-13,28.13,24.0,5.660400000000016,0.1502142000000001,29.510185800000016,False,False,True
2020-11-16,28.81,0.0,0.0,0.0,0.0,False,False,False
2020-11-17,28.87,0.0,0.0,0.0,0.0,False,False,False
2020-11-18,29.0,0.0,0.0,0.0,0.0,False,False,False
2020-11-19,29.09,0.0,0.0,0.0,0.0,False,False,False
2020-11-20,29.27,0.0,0.0,0.0,0.0,False,False,False
2020-11-23,29.52,0.0,0.0,0.0,0.0,False,False,False
2020-11-24,30.8,0.0,0.0,0.0,0.0,False,False,False
2020-11-25,31.37,0.0,0.0,0.0,0.0,False,False,False
2020-11-27,31.22,0.0,0.0,0.0,0.0,False,False,False
2020-11-30,30.97,0.0,0.0,0.0,0.0,False,False,False
2020-12-01,30.62,-5.499999999999943,0.0,0.11758079999999997,-5.617580799999943,True,True,False
2020-12-02,30.97,7.499999999999929,-2.687999999999983,0.1604246000000001,4.651575399999946,True,False,False
2020-12-03,31.25,22.00000000000002,-5.051200000000022,0.04796874999999989,16.90083125,True,False,False
2020-12-04,31.56,3.500000000000014,-6.544099999999973,0.18778199999999998,-3.2318819999999584,True,False,False
2020-12-07,31.4,16.999999999999993,5.2816000000000045,0.05699099999999998,22.224608999999997,True,False,False
2020-12-08,31.41,9.50000000000002,-0.2938000000000459,0.027797849999999936,9.178402149999974,True,False,False
2020-12-09,31.34,2.0000000000000018,2.1805000000000083,0.01708029999999989,4.16341970000001,True,False,False
2020-12-10,32.11,-38.99999999999997,-23.14619999999999,0.29123769999999993,-62.43743769999996,True,False,False
2020-12-11,31.94,12.999999999999945,8.19399999999991,0.058609899999999916,21.135390099999853,True,False,False
2020-12-14,32.17,-5.499999999999972,-10.241900000000019,0.10632184999999988,-15.848221849999991,True,False,False
2020-12-15,32.54,-16.000000000000014,-18.921799999999866,0.21541480000000027,-35.137214799999875,True,False,False
2020-12-16,32.74,-6.999999999999984,-12.876000000000184,0.11262559999999994,-19.98862560000017,True,False,False
2020-12-17,33.16,-26.500000000000014,-29.929199999999618,0.1052829999999999,-56.53448299999963,True,False,False
2020-12-18,33.48,-21.499999999999986,-24.83520000000002,0.1253825999999999,-46.46058260000001,True,False,False
2020-12-21,32.64,62.000000000000014,71.48399999999968,0.30257279999999986,133.1814271999997,True,False,False
2020-12-22,32.09,49.499999999999964,36.60799999999981,0.11456130000000013,85.99343869999977,True,False,False
2020-12-23,32.75,-52.00000000000004,-39.21719999999979,0.33879874999999987,-91.55599874999983,True,False,False
2020-12-24,32.92,1.0000000000000564,-13.618700000000134,1.3186105999999997,-13.937310600000076,False,False,True
2020-12-28,32.59,0.0,0.0,0.0,0.0,False,False,False
2020-12-29,32.78,0.0,0.0,0.0,0.0,False,False,False
2020-12-30,32.91,-7.0,0.0,0.04771949999999994,-7.0477195,True,True,False
2020-12-31,33.01,-0.49999999999998934,-0.2900000000000038,0.01485450000000002,-0.8048544999999931,True,False,False
2021-01-04,32.38,-6.00000000000005,2.3939999999999815,0.27312530000000007,-3.8791253000000685,True,False,False
2021-01-05,33.94,-11.000000000000032,20.389199999999942,0.7176613,8.67153869999991,True,False,False
2021-01-06,34.11,3.000000000000025,-4.967400000000049,0.06549120000000012,-2.0328912000000248,True,False,False
2021-01-07,34.53,1.5000000000000124,-13.885200000000058,0.2052808499999999,-12.590480850000045,True,False,False
2021-01-08,35.43,-60.5,-40.454999999999934,0.2992063500000002,-101.25420634999993,True,False,False
2021-01-11,35.26,23.500000000000032,10.512800000000105,0.025739800000000014,33.987060200000144,True,False,False
2021-01-12,35.9,-47.000000000000064,-38.643200000000036,0.22850349999999994,-85.8717035000001,True,False,False
2021-01-13,35.8,12.000000000000055,7.311000000000104,0.004475,19.30652500000016,True,False,False
2021-01-14,36.24,-34.50000000000002,-32.058400000000354,0.10708919999999995,-66.66548920000038,True,False,False
2021-01-15,35.34,72.50000000000001,70.89299999999989,0.26151599999999986,143.13148399999992,True,False,False
2021-01-19,35.75,-14.999999999999991,-26.227699999999786,0.25167999999999985,-41.47937999999978,True,False,False
2021-01-20,35.79,2.0000000000000018,-3.1219999999999333,0.028453050000000063,-1.1504530499999315,True,False,False
2021-01-21,35.76,2.499999999999991,2.3892000000000904,0.07295039999999996,4.816249600000082,True,False,False
2021-01-22,35.23,49.49999999999999,44.37160000000009,1.4747278,92.39687220000009,False,False,True
2021-01-25,35.59,0.0,0.0,0.0,0.0,False,False,False
2021-01-26,35.45,0.0,0.0,0.0,0.0,False,False,False
2021-01-27,35.5,0.0,0.0,0.0,0.0,False,False,False
2021-01-28,35.25,-9.499999999999943,0.0,0.18841125000000009,-9.688411249999943,True,True,False
2021-01-29,35.18,10.499999999999954,0.7483000000000034,0.02497780000000019,11.223322199999958,True,False,False
2021-02-01,36.12,-9.999999999999964,-8.713799999999974,0.3770928000000001,-19.09089279999994,True,False,False
2021-02-02,36.82,-25.0,-21.10500000000009,0.28480269999999974,-46.38980270000009,True,False,False
2021-02-03,37.44,-29.000000000000004,-28.284399999999877,0.1686672000000002,-57.45306719999988,True,False,False
2021-02-04,37.81,-14.500000000000002,-20.21310000000025,0.17052309999999996,-34.88362310000025,True,False,False
2021-02-05,38.19,-27.99999999999998,-24.18699999999971,0.11647950000000001,-52.30347949999968,True,False,False
2021-02-08,38.94,-51.00000000000007,-52.3125,0.19547880000000012,-103.50797880000007,True,False,False
2021-02-09,39.17,-21.999999999999975,-18.351700000000317,0.05914669999999965,-40.41084670000029,True,False,False
2021-02-10,39.28,-3.000000000000025,-9.109099999999952,0.02690680000000009,-12.136006799999977,True,False,False
2021-02-11,38.97,33.999999999999986,26.09580000000019,0.026304750000000165,60.06949525000017,True,False,False
2021-02-12,39.94,-89.49999999999996,-82.9640999999999,0.09066380000000013,-172.55476379999985,True,False,False
2021-02-16,40.45,-55.0,-45.935700000000466,1.8216657500000004,-102.75736575000046,False,False,True
2021-02-17,40.89,0.0,0.0,0.0,0.0,False,False,False
2021-02-18,40.27,0.0,0.0,0.0,0.0,False,False,False
2021-02-19,39.68,0.0,0.0,0.0,0.0,False,False,False
2021-02-22,41.28,0.0,0.0,0.0,0.0,False,False,False
2021-02-23,41.62,0.0,0.0,0.0,0.0,False,False,False
2021-02-24,42.5,0.0,0.0,0.0,0.0,False,False,False
2021-02-25,42.46,0.0,0.0,0.0,0.0,False,False,False
2021-02-26,41.31,-22.499999999999943,0.0,0.052050599999999884,-22.552050599999944,True,True,False
2021-03-01,40.6,6.000000000000005,1.7891999999999981,0.39199300000000004,7.397207000000003,True,False,False
2021-03-02,40.07,12.5,-8.898700000000023,0.1482589999999999,3.453040999999977,True,False,False
2021-03-03,41.14,22.500000000000007,25.88330000000001,0.45315710000000003,47.93014290000002,True,False,False
2021-03-04,43.07,-20.500000000000007,4.168800000000001,0.8101466999999999,-17.141346700000007,True,False,False
2021-03-05,44.44,-60.5,-48.5801999999999,0.5403903999999998,-109.62059039999991,True,False,False
2021-03-08,43.5,54.0,56.193199999999855,0.2744849999999998,109.91871499999985,True,False,False
2021-03-09,43.11,32.49999999999997,18.392400000000027,0.1420474499999999,50.750352549999995,True,False,False
2021-03-10,43.74,-20.499999999999964,-25.559100000000104,0.2523797999999999,-46.31147980000007,True,False,False
2021-03-11,44.6,-45.50000000000005,-44.81459999999996,0.34096700000000035,-90.65556700000002,True,False,False
2021-03-12,44.35,19.50000000000003,16.85,0.029714500000000078,36.32028550000003,True,False,False
2021-03-15,44.26,12.5,5.945400000000226,0.02589210000000004,18.419507900000227,True,False,False
2021-03-16,43.83,31.000000000000007,27.90269999999998,0.036817199999999994,58.86588279999999,True,False,False
2021-03-17,43.82,17.499999999999982,0.6320999999998742,0.08588719999999989,18.046212799999857,True,False,False
2021-03-18,40.47,25.500000000000036,224.8855000000001,2.0981671499999996,248.28733285000013,True,False,False
2021-03-19,41.77,55.999999999999986,47.52800000000015,0.7635555999999999,102.76444440000013,False,False,True
2021-03-22,41.71,0.0,0.0,0.0,0.0,False,False,False
2021-03-23,39.37,0.0,0.0,0.0,0.0,False,False,False
2021-03-24,41.45,0.0,0.0,0.0,0.0,False,False,False
2021-03-25,39.89,0.0,0.0,0.0,0.0,False,False,False
2021-03-26,41.53,0.0,0.0,0.0,0.0,False,False,False
2021-03-29,41.92,0.0,0.0,0.0,0.0,False,False,False
2021-03-30,41.17,0.0,0.0,0.0,0.0,False,False,False
2021-03-31,40.53,0.0,0.0,0.0,0.0,False,False,False
2021-04-01,41.84,0.0,0.0,0.0,0.0,False,False,False
2021-04-05,40.28,0.0,0.0,0.0,0.0,False,False,False
2021-04-06,40.7,0.0,0.0,0.0,0.0,False,False,False
2021-04-07,40.86,0.0,0.0,0.0,0.0,False,False,False
2021-04-08,40.82,0.0,0.0,0.0,0.0,False,False,False
2021-04-09,40.64,0.0,0.0,0.0,0.0,False,False,False
2021-04-12,40.9,0.0,0.0,0.0,0.0,False,False,False
2021-04-13,41.4,0.0,0.0,0.0,0.0,False,False,False
2021-04-14,43.04,0.0,0.0,0.0,0.0,False,False,False
2021-04-15,43.27,0.0,0.0,0.0,0.0,False,False,False
2021-04-16,43.18,0.0,0.0,0.0,0.0,False,False,False
2021-04-19,43.32,0.0,0.0,0.0,0.0,False,False,False
2021-04-20,42.74,0.0,0.0,0.0,0.0,False,False,False
2021-04-21,41.77,0.0,0.0,0.0,0.0,False,False,False
2021-04-22,42.09,0.0,0.0,0.0,0.0,False,False,False
2021-04-23,42.46,0.0,0.0,0.0,0.0,False,False,False
2021-04-26,42.33,0.0,0.0,0.0,0.0,False,False,False
2021-04-27,43.11,0.0,0.0,0.0,0.0,False,False,False
2021-04-28,43.53,0.0,0.0,0.0,0.0,False,False,False
2021-04-29,44.26,0.0,0.0,0.0,0.0,False,False,False
2021-04-30,43.27,0.0,0.0,0.0,0.0,False,False,False
2021-05-03,43.98,0.0,0.0,0.0,0.0,False,False,False
2021-05-04,44.87,0.0,0.0,0.0,0.0,False,False,False
2021-05-05,44.66,0.0,0.0,0.0,0.0,False,False,False
2021-05-06,44.41,0.0,0.0,0.0,0.0,False,False,False
2021-05-07,44.43,0.0,0.0,0.0,0.0,False,False,False
2021-05-10,44.48,-14.0,0.0,0.09652160000000011,-14.0965216,True,True,False
2021-05-11,44.87,14.999999999999991,-1.6926000000000045,0.1339369499999998,13.173463049999988,True,False,False
2021-05-12,45.22,-0.0,-3.6085000000000136,0.1277465,-3.736246500000014,True,False,False
2021-05-13,43.81,9.00000000000003,22.503599999999942,0.5778538999999999,30.92574609999997,True,False,False
2021-05-14,44.71,16.500000000000004,9.377999999999986,0.41826205000000005,25.45973794999999,True,False,False
2021-05-17,45.39,-6.000000000000005,-5.6371999999999955,0.2687088000000001,-11.9059088,True,False,False
2021-05-18,44.84,14.500000000000002,11.071499999999942,0.18675860000000002,25.384741399999943,True,False,False
2021-05-19,43.43,-8.499999999999996,16.63800000000004,0.6792452000000001,7.458754800000044,True,False,False
2021-05-20,42.48,-12.99999999999999,-18.50600000000006,0.3821075999999999,-31.88810760000005,True,False,False
2021-05-21,43.7,57.999999999999964,45.71340000000022,0.439185,103.27421500000018,True,False,False
2021-05-24,45.02,14.000000000000012,22.928400000000007,0.7727683000000001,36.155631700000015,True,False,False
2021-05-25,44.92,6.499999999999995,1.696000000000024,0.01931559999999999,8.176684400000019,True,False,False
2021-05-26,45.2,12.99999999999999,-4.508000000000018,0.13966799999999993,8.352331999999972,True,False,False
2021-05-27,45.55,-0.9999999999999787,-7.797999999999871,0.2512082500000002,-9.049208249999849,True,False,False
2021-05-28,45.42,12.499999999999956,4.330299999999848,0.08743349999999996,16.742866499999803,True,False,False
2021-06-01,46.33,-25.499999999999943,-26.808599999999903,0.6708583999999997,-52.97945839999984,True,False,False
2021-06-02,46.9,-21.50000000000003,-33.29940000000001,0.2931250000000002,-55.092525000000045,True,False,False
2021-06-03,46.97,-4.0000000000000036,-4.96440000000002,0.09347030000000009,-9.057870300000022,True,False,False
2021-06-04,47.26,-21.49999999999996,-21.720999999999936,1.7698870000000002,-44.990886999999894,False,False,True
2021-06-07,47.27,0.0,0.0,0.0,0.0,False,False,False
2021-06-08,47.88,0.0,0.0,0.0,0.0,False,False,False
2021-06-09,47.58,-9.000000000000057,0.0,0.14083679999999993,-9.140836800000057,True,True,False
2021-06-10,47.83,2.000000000000046,-1.4799999999999993,0.10953070000000002,0.41046930000004683,True,False,False
2021-06-11,48.07,4.499999999999993,-2.5200000000000204,0.10286980000000003,1.8771301999999723,True,False,False
2021-06-14,48.32,4.999999999999982,-3.695,0.11016959999999994,1.1948303999999825,True,False,False
2021-06-15,48.98,-18.49999999999996,-12.764399999999931,0.3538805000000002,-31.61828049999989,True,False,False
2021-06-16,48.75,3.4999999999999254,7.771699999999896,0.05143125000000025,11.220268749999821,True,False,False
2021-06-17,48.04,11.000000000000076,22.492800000000024,0.34612819999999983,33.1466718000001,True,False,False
2021-06-18,48.36,13.499999999999979,-5.526400000000006,0.15185039999999977,7.821749599999973,True,False,False
2021-06-21,49.36,-31.999999999999986,-23.549999999999994,0.46398400000000006,-56.01398399999999,True,False,False
2021-06-22,49.42,5.499999999999972,-2.541000000000096,0.05806850000000022,2.9009314999998757,True,False,False
2021-06-23,49.72,-6.999999999999984,-13.409999999999874,0.17252839999999994,-20.58252839999986,True,False,False
2021-06-24,49.84,7.999999999999963,-6.196800000000235,0.12858720000000012,1.6746127999997276,True,False,False
2021-06-25,50.25,-15.499999999999936,-23.28799999999981,0.21532124999999966,-39.00332124999974,True,False,False
2021-06-28,49.54,53.49999999999993,46.41270000000005,0.24051669999999986,99.67218329999997,True,False,False
2021-06-29,49.89,-21.999999999999975,-19.481000000000076,0.17436554999999987,-41.65536555000005,True,False,False
2021-06-30,49.88,11.000000000000032,0.6264999999998753,0.007482000000000107,11.619017999999908,True,False,False
2021-07-01,50.62,-43.000000000000014,-46.58299999999967,0.3353575000000002,-89.91835749999969,True,False,False
2021-07-02,50.93,-50.500000000000014,-23.622000000000174,1.940433,-76.06243300000018,False,False,True
2021-07-06,49.9,0.0,0.0,0.0,0.0,False,False,False
2021-07-07,48.66,0.0,0.0,0.0,0.0,False,False,False
2021-07-08,49.52,-8.0,0.0,0.10102079999999988,-8.1010208,True,True,False
2021-07-09,50.41,4.4999999999999485,-3.6311999999999687,0.4158825000000002,0.4529174999999796,True,False,False
2021-07-12,50.31,19.50000000000003,2.0579999999998835,0.05685030000000004,21.50114969999991,True,False,False
2021-07-13,51.15,-21.50000000000003,-15.388799999999936,0.3790214999999999,-37.26782149999996,True,False,False
2021-07-14,49.7,49.000000000000064,48.05299999999986,0.6622525000000001,96.39074749999993,True,False,False
2021-07-15,49.04,7.999999999999963,4.283400000000021,0.28050879999999984,12.002891199999983,True,False,False
2021-07-16,49.14,18.500000000000007,0.495000000000007,0.02211300000000001,18.972887000000014,True,False,False
2021-07-19,45.84,-163.49999999999997,-19.304999999999982,1.3277556,-184.13275559999994,True,False,False
2021-07-20,46.51,88.49999999999997,42.73259999999965,0.11697265000000001,131.1156273499996,True,False,False
2021-07-21,48.27,98.50000000000003,103.40000000000029,0.8126254499999999,201.0873745500003,True,False,False
2021-07-22,49.17,28.49999999999997,22.571999999999964,0.5044841999999999,50.56751579999993,True,False,False
2021-07-23,49.47,16.500000000000004,1.367999999999988,0.15706725000000016,17.71093274999999,True,False,False
2021-07-26,49.67,8.999999999999986,-0.35800000000000565,0.11498605000000002,8.52701394999998,True,False,False
2021-07-27,49.47,16.500000000000004,1.284000000000019,0.17512379999999994,17.608876200000022,True,False,False
2021-07-28,49.72,14.500000000000002,0.16499999999999848,0.24039619999999987,14.424603800000002,True,False,False
2021-07-29,50.64,-10.499999999999998,-8.289200000000017,0.8337875999999997,-19.622987600000016,True,False,False
2021-07-30,50.66,1.1546319456101628e-14,-0.8387999999998331,1.0623402,-1.9011401999998214,False,False,True
2021-08-02,49.18,0.0,0.0,0.0,0.0,False,False,False
2021-08-03,48.85,0.0,0.0,0.0,0.0,False,False,False
2021-08-04,47.2,0.0,0.0,0.0,0.0,False,False,False
2021-08-05,48.1,0.0,0.0,0.0,0.0,False,False,False
2021-08-06,47.57,0.0,0.0,0.0,0.0,False,False,False
2021-08-09,46.6,-8.5,0.0,0.16030399999999995,-8.660304,True,True,False
2021-08-10,47.68,3.9999999999999147,-7.4303999999999855,0.3885920000000001,-3.8189920000000708,True,False,False
2021-08-11,48.3,1.0000000000000675,-14.37159999999994,0.2424659999999998,-13.614065999999873,True,False,False
2021-08-12,48.1,27.499999999999993,6.643999999999857,0.03655599999999991,34.10744399999985,True,False,False
2021-08-13,47.43,31.999999999999986,21.23900000000005,0.23928435,52.999715650000034,True,False,False
2021-08-16,47.04,5.500000000000016,8.42790000000001,0.1575839999999999,13.770316000000026,True,False,False
2021-08-17,46.58,16.50000000000005,6.8586000000000125,0.22288530000000012,23.13571470000006,True,False,False
2021-08-18,45.4,-2.000000000000046,6.301199999999992,0.5659109999999999,3.7352889999999457,True,False,False
2021-08-19,44.77,-9.499999999999975,-12.341699999999912,0.26011370000000006,-22.10181369999989,True,False,False
2021-08-20,43.43,-50.99999999999998,-41.82140000000011,0.5515609999999997,-93.3729610000001,True,False,False
2021-08-23,45.85,105.99999999999996,136.99620000000007,1.0566132499999998,241.93958675000005,True,False,False
2021-08-24,47.37,1.499999999999968,15.99039999999996,0.8190273,16.67137269999993,True,False,False
2021-08-25,47.81,6.500000000000039,-10.586400000000115,0.2667798,-4.353179800000076,True,False,False
2021-08-26,47.48,13.499999999999979,11.62260000000019,0.21365999999999982,24.908940000000168,True,False,False
2021-08-27,48.15,-16.000000000000014,-17.56740000000005,0.40133025000000005,-33.968730250000064,True,False,False
2021-08-30,48.4,11.500000000000021,-10.722500000000002,0.21949399999999966,0.5580060000000198,True,False,False
2021-08-31,48.04,17.99999999999997,18.70559999999997,0.12034019999999979,36.58525979999994,True,False,False
2021-09-01,47.93,25.500000000000036,5.164499999999974,0.06398654999999988,30.60051345000001,True,False,False
2021-09-02,48.95,-50.499999999999986,-50.61240000000015,0.6955794999999999,-101.80797950000013,True,False,False
2021-09-03,48.66,22.5,22.631600000000486,1.8987131999999998,43.232886800000486,False,False,True
2021-09-07,48.04,0.0,0.0,0.0,0.0,False,False,False
2021-09-08,48.59,0.0,0.0,0.0,0.0,False,False,False
2021-09-09,47.75,0.0,0.0,0.0,0.0,False,False,False
2021-09-10,48.8,0.0,0.0,0.0,0.0,False,False,False
2021-09-13,49.48,0.0,0.0,0.0,0.0,False,False,False
2021-09-14,49.31,0.0,0.0,0.0,0.0,False,False,False
2021-09-15,50.69,0.0,0.0,0.0,0.0,False,False,False
2021-09-16,50.7,0.0,0.0,0.0,0.0,False,False,False
2021-09-17,50.32,0.0,0.0,0.0,0.0,False,False,False
2021-09-20,49.6,-9.999999999999943,0.0,0.0679520000000001,-10.067951999999943,True,True,False
2021-09-21,49.58,16.500000000000004,0.05480000000000864,0.0929624999999998,16.461837500000012,True,False,False
2021-09-22,50.48,2.5000000000000355,-5.840999999999987,0.4131788,-3.754178799999951,True,False,False
2021-09-23,51.38,-27.0,-20.574000000000126,0.3257491999999999,-47.89974920000012,True,False,False
2021-09-24,51.82,-11.000000000000076,-15.637599999999916,0.22178960000000006,-26.859389599999993,True,False,False
2021-09-27,52.91,-60.49999999999996,-48.06899999999983,0.35370335000000014,-108.9227033499998,True,False,False
2021-09-28,52.4,21.499999999999986,29.309699999999886,0.1642739999999999,50.64542599999987,True,False,False
2021-09-29,52.32,0.49999999999998934,4.095999999999913,0.034792800000000144,4.561207199999902,True,False,False
2021-09-30,52.56,-22.999999999999954,-12.607200000000107,0.07542359999999994,-35.68262360000006,True,False,False
2021-10-01,53.26,-9.500000000000064,-38.77999999999977,0.18880669999999988,-48.46880669999983,True,False,False
2021-10-04,54.49,-92.49999999999999,-76.86270000000025,0.3351135000000001,-169.69781350000025,True,False,False
2021-10-05,55.63,-88.49999999999997,-85.26060000000005,0.25895765000000004,-174.01955765000002,True,False,False
2021-10-06,54.16,131.49999999999994,123.62700000000052,0.25346879999999994,254.87353120000046,True,False,False
2021-10-07,55.36,-97.99999999999996,-89.68800000000023,0.25299519999999964,-187.94099520000017,True,False,False
2021-10-08,55.47,-14.499999999999957,-9.226799999999951,0.05907554999999987,-23.785875549999908,True,False,False
2021-10-11,56.18,-53.500000000000014,-61.06710000000007,0.21741660000000024,-114.78451660000009,True,False,False
2021-10-12,56.11,10.500000000000043,6.562500000000027,0.013185849999999968,17.049314150000072,True,False,False
2021-10-13,56.16,-5.000000000000071,-4.663999999999735,0.07076159999999988,-9.734761599999805,True,False,False
2021-10-14,56.81,-72.00000000000007,-62.27000000000054,2.721199,-136.99119900000062,False,False,True
2021-10-15,57.15,0.0,0.0,0.0,0.0,False,False,False
2021-10-18,56.96,0.0,0.0,0.0,0.0,False,False,False
2021-10-19,57.42,-4.999999999999943,0.0,0.2621223,-5.262122299999943,True,True,False
2021-10-20,58.12,-3.000000000000025,-6.39099999999996,0.30251459999999986,-9.693514599999984,True,False,False
2021-10-21,57.41,1.5000000000000568,13.873400000000014,0.29537444999999996,15.07802555000007,True,False,False
2021-10-22,58.03,0.9999999999999787,-5.73500000000004,0.2373427000000001,-4.972342700000062,True,False,False
2021-10-25,57.83,17.499999999999936,3.4860000000000495,0.023421149999999964,20.962578849999986,True,False,False
2021-10-26,58.45,10.499999999999998,-10.304400000000076,0.3302425000000001,-0.1346425000000776,True,False,False
2021-10-27,56.9,6.00000000000005,43.276000000000124,0.7297425000000002,48.54625750000017,True,False,False
2021-10-28,57.4,13.999999999999968,-1.1349999999999998,0.10848599999999985,12.756513999999969,True,False,False
2021-10-29,57.15,4.999999999999982,1.5124999999999986,0.024002999999999892,6.488496999999981,True,False,False
2021-11-01,57.53,23.000000000000043,-1.9798000000000127,0.23155824999999994,20.788641750000032,True,False,False
2021-11-02,57.53,17.99999999999997,-0.0,0.041421599999999933,17.958578399999972,True,False,False
2021-11-03,55.34,-49.00000000000002,25.885799999999968,1.1070767,-24.221276700000054,True,False,False
2021-11-04,54.92,4.499999999999993,-11.839800000000047,0.29217440000000033,-7.631974400000054,True,False,False
2021-11-05,56.55,52.500000000000036,63.29289999999983,0.9237442499999999,114.86915574999986,True,False,False
2021-11-08,57.09,34.50000000000002,3.326400000000041,0.2797410000000002,37.54665900000006,True,False,False
2021-11-09,57.97,7.999999999999963,-3.2031999999999825,0.6104240999999998,4.18637589999998,True,False,False
2021-11-10,56.32,19.00000000000004,40.75499999999996,1.2111615999999998,58.5438384,True,False,False
2021-11-11,56.22,15.49999999999998,-1.8310000000000262,0.030920999999999938,13.638078999999955,True,False,False
2021-11-12,55.98,4.5000000000000036,-4.6584000000000385,0.5432859,-0.701685900000035,False,False,True
2021-11-15,56.07,0.0,0.0,0.0,0.0,False,False,False
2021-11-16,56.2,0.0,0.0,0.0,0.0,False,False,False
2021-11-17,55.0,-7.500000000000057,0.0,0.09624999999999993,-7.596250000000056,True,True,False
2021-11-18,55.55,7.500000000000018,-1.9249999999999885,0.24608650000000018,5.328913500000029,True,False,False
2021-11-19,53.78,-20.500000000000007,21.87719999999996,0.7642138000000003,0.612986199999952,True,False,False
2021-11-22,54.45,30.50000000000006,10.76020000000003,0.3070980000000002,40.95310200000009,True,False,False
2021-11-23,56.2,-9.000000000000075,8.364999999999993,0.7896099999999999,-1.4246100000000814,True,False,False
2021-11-24,55.88,21.500000000000075,7.462400000000007,0.13606779999999985,28.82633220000008,True,False,False
2021-11-26,49.63,-298.5000000000001,115.31250000000004,1.9090179500000002,-185.09651795000005,True,False,False
2021-11-29,50.17,80.50000000000014,31.579199999999947,0.12141140000000009,111.95778860000009,True,False,False
2021-11-30,47.91,-120.00000000000001,-143.10320000000033,0.5195839499999998,-263.6227839500004,True,False,False
2021-12-01,47.04,-104.50000000000001,-73.95869999999978,1.9994351999999997,-180.4581351999998,False,False,True
2021-12-02,48.29,0.0,0.0,0.0,0.0,False,False,False
2021-12-03,48.0,0.0,0.0,0.0,0.0,False,False,False
2021-12-06,50.51,0.0,0.0,0.0,0.0,False,False,False
2021-12-07,51.59,0.0,0.0,0.0,0.0,False,False,False
2021-12-08,52.42,0.0,0.0,0.0,0.0,False,False,False
2021-12-09,51.02,0.0,0.0,0.0,0.0,False,False,False
2021-12-10,52.03,0.0,0.0,0.0,0.0,False,False,False
2021-12-13,51.44,0.0,0.0,0.0,0.0,False,False,False
2021-12-14,50.92,0.0,0.0,0.0,0.0,False,False,False
2021-12-15,51.62,0.0,0.0,0.0,0.0,False,False,False
2021-12-16,51.87,0.0,0.0,0.0,0.0,False,False,False
2021-12-17,50.78,0.0,0.0,0.0,0.0,False,False,False
2021-12-20,49.9,0.0,0.0,0.0,0.0,False,False,False
2021-12-21,51.57,0.0,0.0,0.0,0.0,False,False,False
2021-12-22,52.48,0.0,0.0,0.0,0.0,False,False,False
2021-12-23,53.13,0.0,0.0,0.0,0.0,False,False,False
2021-12-27,54.52,0.0,0.0,0.0,0.0,False,False,False
2021-12-28,54.67,0.0,0.0,0.0,0.0,False,False,False
2021-12-29,55.08,0.0,0.0,0.0,0.0,False,False,False
2021-12-30,55.1,0.0,0.0,0.0,0.0,False,False,False
2021-12-31,54.36,0.0,0.0,0.0,0.0,False,False,False
2022-01-03,54.83,0.0,0.0,0.0,0.0,False,False,False
2022-01-04,55.59,0.0,0.0,0.0,0.0,False,False,False
2022-01-05,55.43,0.0,0.0,0.0,0.0,False,False,False
2022-01-06,56.89,0.0,0.0,0.0,0.0,False,False,False
2022-01-07,56.67,0.0,0.0,0.0,0.0,False,False,False
2022-01-10,56.16,0.0,0.0,0.0,0.0,False,False,False
2022-01-11,58.16,0.0,0.0,0.0,0.0,False,False,False
2022-01-12,58.91,0.0,0.0,0.0,0.0,False,False,False
2022-01-13,58.27,0.0,0.0,0.0,0.0,False,False,False
2022-01-14,59.97,-59.5,0.0,0.058470749999999884,-59.55847075,True,True,False
2022-01-18,60.97,43.49999999999996,-1.9499999999999962,0.45818955000000006,41.09181044999996,True,False,False
2022-01-19,61.05,15.000000000000036,-1.3583999999999707,0.0839437500000002,13.557656250000065,True,False,False
2022-01-20,60.66,20.999999999999908,7.6947000000000125,0.18440639999999994,28.51029359999992,True,False,False
2022-01-21,60.78,5.500000000000149,-1.6380000000000627,0.018841799999999652,3.8431582000000866,True,False,False
2022-01-24,60.11,-3.0000000000001137,9.56090000000002,0.35344679999999995,6.207453199999906,True,False,False
2022-01-25,60.97,-4.499999999999993,-2.1585999999999945,0.4615429000000003,-7.120142899999988,True,False,False
2022-01-26,61.68,-1.499999999999968,-12.531500000000019,0.2929799999999999,-14.324479999999987,True,False,False
2022-01-27,61.86,7.500000000000018,-4.8869999999999925,0.09804810000000005,2.514951900000025,True,False,False
2022-01-28,61.97,2.5000000000000355,-3.335199999999983,0.06506849999999993,-0.9002684999999475,True,False,False
2022-01-31,62.48,32.49999999999993,-16.534199999999938,0.4554791999999999,15.510320799999992,True,False,False
2022-02-01,62.53,22.500000000000053,-2.3500000000002004,0.0009379499999998134,20.149062049999852,True,False,False
2022-02-02,62.52,2.9999999999999805,0.47029999999990635,0.20287740000000032,3.2674225999998865,True,False,False
2022-02-03,63.51,-72.50000000000001,-52.98479999999973,0.39534975000000033,-125.88014974999975,True,False,False
2022-02-04,64.91,-109.99999999999999,-92.35799999999992,2.1410563500000004,-204.4990563499999,False,False,True
2022-02-07,64.68,0.0,0.0,0.0,0.0,False,False,False
2022-02-08,63.62,0.0,0.0,0.0,0.0,False,False,False
2022-02-09,64.17,0.0,0.0,0.0,0.0,False,False,False
2022-02-10,63.96,0.0,0.0,0.0,0.0,False,False,False
2022-02-11,65.74,0.0,0.0,0.0,0.0,False,False,False
2022-02-14,66.36,-17.5,0.0,0.21898800000000004,-17.718988,True,True,False
2022-02-15,64.28,-0.0,13.727999999999989,0.7157578,13.012242199999989,True,False,False
2022-02-16,63.54,-3.9999999999999147,-11.59580000000003,0.11754899999999992,-15.713348999999946,True,False,False
2022-02-17,64.17,-40.50000000000003,12.203100000000047,0.2640595499999999,-28.56095954999998,True,False,False
2022-02-18,64.74,28.499999999999925,6.349799999999925,0.11458980000000014,34.735210199999855,True,False,False
2022-02-22,65.54,50.50000000000008,6.080000000000084,0.29591309999999965,56.28408690000016,True,False,False
2022-02-23,66.24,5.499999999999972,-1.0009999999999784,0.08677440000000036,4.412225599999993,True,False,False
2022-02-24,66.34,28.500000000000014,-0.4050000000000349,0.04544289999999981,28.049557099999976,True,False,False
2022-02-25,65.8,19.50000000000003,2.9268000000000325,0.1454179999999997,22.28138200000006,True,False,False
2022-02-28,67.48,-11.00000000000012,-1.6800000000000177,0.6366737999999996,-13.316673800000139,True,False,False
2022-03-01,71.82,-217.9999999999998,-86.23579999999976,1.2105260999999996,-305.44632609999957,True,False,False
2022-03-02,75.42,-304.50000000000017,-192.88800000000043,0.8013375000000004,-498.1893375000006,True,False,False
2022-03-03,74.53,83.99999999999999,66.59870000000004,0.16545659999999993,150.4332434,True,False,False
2022-03-04,79.46,-482.00000000000006,-347.0226999999995,2.7965946999999995,-831.8192946999995,False,False,True
2022-03-07,82.37,0.0,0.0,0.0,0.0,False,False,False
2022-03-08,85.43,0.0,0.0,0.0,0.0,False,False,False
2022-03-09,75.47,0.0,0.0,0.0,0.0,False,False,False
2022-03-10,74.06,0.0,0.0,0.0,0.0,False,False,False
2022-03-11,76.4,0.0,0.0,0.0,0.0,False,False,False
2022-03-14,72.84,0.0,0.0,0.0,0.0,False,False,False
2022-03-15,68.63,0.0,0.0,0.0,0.0,False,False,False
2022-03-16,68.28,0.0,0.0,0.0,0.0,False,False,False
2022-03-17,73.68,0.0,0.0,0.0,0.0,False,False,False
2022-03-18,74.64,0.0,0.0,0.0,0.0,False,False,False
2022-03-21,79.54,0.0,0.0,0.0,0.0,False,False,False
2022-03-22,78.56,0.0,0.0,0.0,0.0,False,False,False
2022-03-23,81.95,0.0,0.0,0.0,0.0,False,False,False
2022-03-24,79.75,0.0,0.0,0.0,0.0,False,False,False
2022-03-25,80.74,0.0,0.0,0.0,0.0,False,False,False
2022-03-28,74.53,0.0,0.0,0.0,0.0,False,False,False
2022-03-29,76.15,0.0,0.0,0.0,0.0,False,False,False
2022-03-30,77.91,0.0,0.0,0.0,0.0,False,False,False
2022-03-31,74.12,0.0,0.0,0.0,0.0,False,False,False
2022-04-01,74.17,0.0,0.0,0.0,0.0,False,False,False
2022-04-04,76.86,0.0,0.0,0.0,0.0,False,False,False
2022-04-05,74.8,0.0,0.0,0.0,0.0,False,False,False
2022-04-06,73.05,0.0,0.0,0.0,0.0,False,False,False
2022-04-07,73.11,0.0,0.0,0.0,0.0,False,False,False
2022-04-08,74.11,0.0,0.0,0.0,0.0,False,False,False
2022-04-11,72.3,0.0,0.0,0.0,0.0,False,False,False
2022-04-12,75.98,0.0,0.0,0.0,0.0,False,False,False
2022-04-13,78.42,0.0,0.0,0.0,0.0,False,False,False
2022-04-14,79.57,0.0,0.0,0.0,0.0,False,False,False
2022-04-18,80.41,0.0,0.0,0.0,0.0,False,False,False
2022-04-19,76.86,0.0,0.0,0.0,0.0,False,False,False
2022-04-20,77.24,0.0,0.0,0.0,0.0,False,False,False
2022-04-21,78.12,0.0,0.0,0.0,0.0,False,False,False
2022-04-22,76.31,0.0,0.0,0.0,0.0,False,False,False
2022-04-25,74.65,0.0,0.0,0.0,0.0,False,False,False
2022-04-26,76.46,0.0,0.0,0.0,0.0,False,False,False
2022-04-27,76.37,0.0,0.0,0.0,0.0,False,False,False
2022-04-28,78.08,0.0,0.0,0.0,0.0,False,False,False
2022-04-29,77.16,0.0,0.0,0.0,0.0,False,False,False
2022-05-02,78.38,0.0,0.0,0.0,0.0,False,False,False
2022-05-03,76.69,0.0,0.0,0.0,0.0,False,False,False
2022-05-04,80.22,0.0,0.0,0.0,0.0,False,False,False
2022-05-05,80.48,0.0,0.0,0.0,0.0,False,False,False
2022-05-06,82.13,-44.999999999999886,0.0,0.2402302500000002,-45.24023024999989,True,True,False
2022-05-09,76.57,-74.5000000000001,32.52600000000004,1.5000063000000003,-43.47400630000006,True,False,False
2022-05-10,74.53,-29.999999999999893,-67.99319999999975,0.48928944999999985,-98.48248944999963,True,False,False
2022-05-11,78.18,174.99999999999983,169.57900000000026,0.8466894000000001,343.73231060000006,True,False,False
2022-05-12,79.23,44.500000000000206,26.03999999999993,0.2440284,70.29597160000013,True,False,False
2022-05-13,81.28,64.99999999999986,38.21199999999995,0.6778752,102.5341247999998,True,False,False
2022-05-16,83.11,45.000000000000014,3.586799999999998,0.51819085,48.06860915000001,True,False,False
2022-05-17,81.11,50.99999999999998,21.019999999999996,0.5633089499999997,71.45669104999999,True,False,False
2022-05-18,79.29,-30.99999999999996,-6.151599999999966,0.7798171500000004,-37.93141714999993,True,False,False
2022-05-19,80.58,73.00000000000004,29.734499999999823,0.49919310000000033,102.23530689999987,True,False,False
2022-05-20,81.65,44.50000000000003,11.406200000000075,0.3535444999999998,55.55265550000011,True,False,False
2022-05-23,81.97,74.99999999999991,0.6399999999999869,0.14918539999999997,75.49081459999991,True,False,False
2022-05-24,82.0,52.00000000000004,-0.04920000000000178,0.0779000000000003,51.872900000000044,True,False,False
2022-05-25,82.48,29.000000000000004,-1.6992000000000163,0.2375423999999997,27.06325759999999,True,False,False
2022-05-26,84.59,-48.50000000000003,-19.62299999999999,1.4748266500000002,-69.59782665000002,True,False,False
2022-05-27,85.46,-26.99999999999998,-38.427899999999575,1.8873841,-67.31528409999956,False,False,True
2022-05-31,85.47,0.0,0.0,0.0,0.0,False,False,False
2022-06-01,85.54,0.0,0.0,0.0,0.0,False,False,False
2022-06-02,87.25,0.0,0.0,0.0,0.0,False,False,False
2022-06-03,89.47,0.0,0.0,0.0,0.0,False,False,False
2022-06-06,88.39,-22.500000000000114,0.0,0.3367659,-22.836765900000113,True,True,False
2022-06-07,90.04,30.00000000000007,-12.573000000000041,0.49431960000000036,16.932680400000027,True,False,False
2022-06-08,91.99,11.00000000000012,-36.2699999999998,0.6457697999999995,-25.915769799999676,True,False,False
2022-06-09,91.08,36.99999999999992,29.702399999999884,0.2632211999999997,66.43917879999981,True,False,False
2022-06-10,90.13,42.00000000000017,25.517000000000074,0.2474068499999999,67.26959315000025,True,False,False
2022-06-13,90.36,4.999999999999893,-4.915100000000085,0.11656439999999976,-0.03166440000019141,True,False,False
2022-06-14,88.45,24.99999999999991,35.88889999999995,0.5289310000000003,60.359968999999865,True,False,False
2022-06-15,86.93,45.000000000000014,10.381599999999978,0.4685527000000001,54.91304729999999,True,False,False
2022-06-16,87.66,22.499999999999964,2.883499999999958,0.27349920000000005,25.110000799999924,True,False,False
2022-06-17,83.34,-114.00000000000006,9.892799999999998,1.5130377000000002,-105.62023770000006,True,False,False
2022-06-21,84.05,141.0000000000002,24.154199999999783,0.12187249999999994,165.03232749999998,True,False,False
2022-06-22,80.88,-173.5000000000001,-117.03640000000004,0.8706732000000003,-291.4070732000002,True,False,False
2022-06-23,78.98,-101.99999999999996,-111.05499999999951,0.5891908000000001,-213.64419079999948,True,False,False
2022-06-24,81.27,154.0,168.01729999999944,0.2950101000000002,321.7222898999994,True,False,False
2022-06-27,82.93,156.50000000000003,109.7426000000007,0.4212843999999999,265.82131560000073,True,False,False
2022-06-28,84.72,111.49999999999993,100.15049999999955,0.6464136000000003,211.0040863999995,True,False,False
2022-06-29,82.95,-81.99999999999994,-72.02129999999984,0.73535175,-154.75665174999978,True,False,False
2022-06-30,80.35,-196.00000000000009,-151.89200000000048,0.9465230000000003,-348.8385230000006,True,False,False
2022-07-01,81.67,127.5000000000001,108.21360000000061,3.3476533000000006,232.36594670000073,False,False,True
2022-07-05,74.78,0.0,0.0,0.0,0.0,False,False,False
2022-07-06,73.67,0.0,0.0,0.0,0.0,False,False,False
2022-07-07,76.55,0.0,0.0,0.0,0.0,False,False,False
2022-07-08,78.54,0.0,0.0,0.0,0.0,False,False,False
2022-07-11,78.23,0.0,0.0,0.0,0.0,False,False,False
2022-07-12,72.81,0.0,0.0,0.0,0.0,False,False,False
2022-07-13,73.19,0.0,0.0,0.0,0.0,False,False,False
2022-07-14,72.85,0.0,0.0,0.0,0.0,False,False,False
2022-07-15,73.74,0.0,0.0,0.0,0.0,False,False,False
2022-07-18,76.81,0.0,0.0,0.0,0.0,False,False,False
2022-07-19,78.05,0.0,0.0,0.0,0.0,False,False,False
2022-07-20,77.64,0.0,0.0,0.0,0.0,False,False,False
2022-07-21,75.49,0.0,0.0,0.0,0.0,False,False,False
2022-07-22,74.53,0.0,0.0,0.0,0.0,False,False,False
2022-07-25,76.22,0.0,0.0,0.0,0.0,False,False,False
2022-07-26,75.16,0.0,0.0,0.0,0.0,False,False,False
2022-07-27,77.87,0.0,0.0,0.0,0.0,False,False,False
2022-07-28,77.13,0.0,0.0,0.0,0.0,False,False,False
2022-07-29,78.05,0.0,0.0,0.0,0.0,False,False,False
2022-08-01,75.13,0.0,0.0,0.0,0.0,False,False,False
2022-08-02,75.93,0.0,0.0,0.0,0.0,False,False,False
2022-08-03,73.53,0.0,0.0,0.0,0.0,False,False,False
2022-08-04,71.53,0.0,0.0,0.0,0.0,False,False,False
2022-08-05,71.54,0.0,0.0,0.0,0.0,False,False,False
2022-08-08,73.54,0.0,0.0,0.0,0.0,False,False,False
2022-08-09,73.45,0.0,0.0,0.0,0.0,False,False,False
2022-08-10,74.32,0.0,0.0,0.0,0.0,False,False,False
2022-08-11,76.28,0.0,0.0,0.0,0.0,False,False,False
2022-08-12,74.98,0.0,0.0,0.0,0.0,False,False,False
2022-08-15,72.88,0.0,0.0,0.0,0.0,False,False,False
2022-08-16,71.24,-15.000000000000114,0.0,0.23580439999999994,-15.235804400000113,True,True,False
2022-08-17,72.05,-9.999999999999964,-5.362200000000014,0.2701875,-15.632387499999979,True,False,False
2022-08-18,74.21,-11.500000000000021,-30.49919999999995,0.6994292500000002,-42.698629249999975,True,False,False
2022-08-19,74.06,-16.499999999999915,4.945499999999719,0.03925180000000022,-11.593751800000197,True,False,False
2022-08-22,74.68,2.5000000000000355,-19.784200000000144,0.16877680000000025,-17.45297680000011,True,False,False
2022-08-23,76.83,-71.00000000000009,-78.3244999999997,0.7006895999999995,-150.02518959999978,True,False,False
2022-08-24,78.04,-62.5,-66.15070000000043,0.2551908000000003,-128.90589080000044,True,False,False
2022-08-25,76.5,104.0,94.26340000000039,0.28725749999999994,197.97614250000038,True,False,False
2022-08-26,75.85,47.000000000000064,34.90500000000031,0.12970350000000033,81.77529650000037,True,False,False
2022-08-29,78.69,-162.50000000000009,-142.79520000000016,0.7778506499999995,-306.07305065000025,True,False,False
2022-08-30,75.47,206.49999999999994,225.56099999999986,0.8226229999999993,431.2383769999998,True,False,False
2022-08-31,73.11,100.00000000000009,113.86999999999998,0.7226923500000001,213.14730765000007,True,False,False
2022-09-01,70.95,33.999999999999986,61.516799999999904,0.8521095000000002,94.66469049999989,True,False,False
2022-09-02,71.43,-1.499999999999968,-2.1408000000000165,0.20143260000000004,-3.8422325999999845,True,False,False
2022-09-06,71.42,101.50000000000006,0.10100000000005165,0.061778300000000334,101.53922170000011,True,False,False
2022-09-07,67.62,-35.50000000000013,44.95399999999999,1.7175480000000003,7.736451999999865,True,False,False
2022-09-08,68.09,51.50000000000006,18.315899999999957,0.021448349999999845,69.79445165000001,True,False,False
2022-09-09,71.1,84.0,119.19599999999963,1.4077799999999998,201.78821999999963,False,False,True
2022-09-12,72.37,0.0,0.0,0.0,0.0,False,False,False
2022-09-13,72.01,0.0,0.0,0.0,0.0,False,False,False
2022-09-14,72.73,-27.5,0.0,0.27710129999999983,-27.777101299999998,True,True,False
2022-09-15,69.76,-8.499999999999908,22.631399999999974,0.8653727999999999,13.266027200000067,True,False,False
2022-09-16,69.9,50.999999999999886,2.40660000000001,0.030756000000000092,53.3758439999999,True,False,False
2022-09-19,70.05,37.50000000000018,2.7104999999998465,0.05639024999999973,40.154109750000025,True,False,False
2022-09-20,69.22,-13.500000000000068,-16.334399999999963,0.2263494000000001,-30.06074940000003,True,False,False
2022-09-21,68.68,-22.500000000000053,-14.158799999999792,0.12396740000000012,-36.78276739999984,True,False,False
2022-09-22,68.97,38.49999999999998,8.650699999999762,0.009310949999999742,47.141389049999745,True,False,False
2022-09-23,65.32,-192.0,-109.86500000000015,0.9690221999999998,-302.8340222000001,True,False,False
2022-09-26,63.2,-144.50000000000003,-126.7123999999994,0.30904800000000027,-271.52144799999945,True,False,False
2022-09-27,64.42,98.49999999999994,84.85099999999991,0.1626604999999999,183.18833949999987,True,False,False
2022-09-28,67.13,179.00000000000009,174.7949999999996,0.5410677999999997,353.25393219999967,True,False,False
2022-09-29,66.77,8.881784197001252e-14,-17.416799999999977,0.18128054999999976,-17.59808054999989,True,False,False
2022-09-30,65.28,-88.50000000000007,-80.17689999999973,0.4031039999999998,-169.08000399999983,True,False,False
2022-10-03,67.89,191.49999999999991,172.67759999999996,0.5570374499999999,363.6205625499999,True,False,False
2022-10-04,70.28,115.00000000000003,118.90250000000003,0.859173,233.04332700000006,True,False,False
2022-10-05,71.94,75.50000000000009,41.99799999999991,0.7219179,116.7760821,True,False,False
2022-10-06,72.99,60.99999999999994,5.491499999999987,0.5269877999999999,65.96451219999993,True,False,False
2022-10-07,75.1,-63.5,-19.433099999999985,0.3458354999999998,-83.27893549999999,False,False,True
2022-10-10,73.78,0.0,0.0,0.0,0.0,False,False,False
2022-10-11,71.75,0.0,0.0,0.0,0.0,False,False,False
2022-10-12,70.93,0.0,0.0,0.0,0.0,False,False,False
2022-10-13,72.52,-35.0,0.0,0.19217799999999993,-35.192178,True,True,False
2022-10-14,70.17,-1.4999999999998792,12.454999999999968,0.6887185499999998,10.26628145000009,True,False,False
2022-10-17,70.13,34.99999999999987,-0.5732000000000895,0.05996115000000016,34.36683884999978,True,False,False
2022-10-18,68.7,7.500000000000018,-22.937199999999887,0.5049449999999998,-15.942144999999869,True,False,False
2022-10-19,70.04,58.999999999999986,41.1916000000001,0.3698111999999999,99.82178880000008,True,False,False
2022-10-20,70.18,25.00000000000009,2.8252000000000113,0.025966600000000072,27.7992334000001,True,False,False
2022-10-21,70.57,34.99999999999987,7.581599999999734,0.06527724999999993,42.5163227499996,True,False,False
2022-10-24,70.38,27.500000000000124,-3.34209999999996,0.09290160000000014,24.064998400000164,True,False,False
2022-10-25,70.61,26.999999999999957,4.6529000000000815,0.12109615,31.53180385000004,True,False,False
2022-10-26,72.97,-11.000000000000032,39.648,0.9748792000000004,27.67312079999997,True,False,False
2022-10-27,73.62,30.49999999999997,-6.448000000000061,0.21570659999999992,23.83629339999991,True,False,False
2022-10-28,72.82,44.00000000000004,12.624000000000184,0.32004390000000005,56.30395610000022,True,False,False
2022-10-31,71.53,43.49999999999996,9.017099999999948,0.59691785,51.92018214999991,True,False,False
2022-11-01,73.12,16.000000000000014,15.423000000000028,0.8072447999999999,30.615755200000045,True,False,False
2022-11-02,74.08,4.500000000000082,-11.88479999999992,0.5707863999999998,-7.955586399999838,True,False,False
2022-11-03,73.29,46.499999999999986,21.954099999999773,0.33383594999999966,68.12026404999976,True,False,False
2022-11-04,76.82,-172.5,-65.94039999999977,0.7174988000000001,-239.15789879999977,False,False,True
2022-11-07,76.56,0.0,0.0,0.0,0.0,False,False,False
2022-11-08,74.47,0.0,0.0,0.0,0.0,False,False,False
2022-11-09,71.67,0.0,0.0,0.0,0.0,False,False,False
2022-11-10,72.24,0.0,0.0,0.0,0.0,False,False,False
2022-11-11,74.38,0.0,0.0,0.0,0.0,False,False,False
2022-11-14,71.91,-10.0,0.0,0.2290333499999999,-10.22903335,True,True,False
2022-11-15,73.25,-27.500000000000036,-8.535800000000018,0.35562875000000005,-36.39142875000005,True,False,False
2022-11-16,72.04,47.499999999999964,19.456799999999898,0.31265360000000014,66.64414639999985,True,False,False
2022-11-17,70.14,9.500000000000064,14.060000000000032,0.6747467999999998,22.885253200000093,True,False,False
2022-11-18,69.03,-4.499999999999993,-13.142399999999993,0.3689653500000002,-18.011365349999988,True,False,False
2022-11-21,69.03,27.500000000000036,0.0,0.06868484999999959,27.431315150000035,True,False,False
2022-11-22,69.98,24.499999999999922,23.29400000000006,0.31456009999999957,47.47943989999998,True,False,False
2022-11-23,67.41,-102.50000000000003,-39.91210000000013,0.7307243999999998,-143.14282440000017,True,False,False
2022-11-25,66.96,48.00000000000004,-16.744500000000105,0.015400800000000027,31.24009919999994,True,False,False
2022-11-28,66.88,-2.5000000000000355,-3.013599999999936,0.28959039999999986,-5.803190399999972,True,False,False
2022-11-29,68.34,78.50000000000001,67.64180000000037,0.2979624,145.8438376000004,True,False,False
2022-11-30,70.23,96.0,71.08290000000002,0.7233690000000002,166.35953100000003,True,False,False
2022-12-01,70.45,34.49999999999997,3.7421999999999804,0.09052825000000002,38.151671749999956,True,False,False
2022-12-02,69.84,2.5000000000000355,-8.80839999999999,0.3118356000000001,-6.620235599999955,True,False,False
2022-12-05,67.72,-55.99999999999996,-49.54440000000011,1.0581249999999995,-106.60252500000007,True,False,False
2022-12-06,65.23,-161.00000000000003,-136.0037999999997,0.7772154500000005,-297.78101544999976,True,False,False
2022-12-07,63.65,-147.50000000000014,-123.95100000000043,0.422636,-271.8736360000006,True,False,False
2022-12-08,62.71,-87.49999999999983,-86.22619999999979,0.1539530499999999,-173.88015304999962,True,False,False
2022-12-09,62.85,27.500000000000014,13.529600000000055,3.0369120000000005,37.99268800000007,False,False,True
2022-12-12,64.41,0.0,0.0,0.0,0.0,False,False,False
2022-12-13,65.86,-22.500000000000114,0.0,0.17946850000000014,-22.679468500000112,True,True,False
2022-12-14,67.36,15.499999999999936,-8.175000000000008,0.46781519999999993,6.857184799999929,True,False,False
2022-12-15,66.15,35.50000000000004,23.40139999999988,0.40649175,58.494908249999924,True,False,False
2022-12-16,64.9,17.499999999999982,8.812500000000007,0.44618750000000007,25.86631249999999,True,False,False
2022-12-19,66.07,17.99999999999997,7.83899999999991,0.4178927499999998,25.42110724999988,True,False,False
2022-12-20,66.22,25.99999999999998,-0.8925000000000337,0.07549080000000015,25.032009199999944,True,False,False
2022-12-21,68.06,-11.999999999999922,-15.143200000000036,0.6795791000000001,-27.82277909999996,True,False,False
2022-12-22,67.7,17.499999999999982,10.151999999999985,0.11508999999999997,27.536909999999967,True,False,False
2022-12-23,69.32,-43.99999999999986,-40.17599999999977,0.6172946,-84.79329459999961,True,False,False
2022-12-27,69.53,4.499999999999815,-8.948100000000341,0.09595139999999994,-4.544051400000526,True,False,False
2022-12-28,68.58,53.500000000000014,43.10150000000014,0.24723090000000028,96.35426910000015,True,False,False
2022-12-29,68.53,46.50000000000007,1.9079999999998913,0.050712199999999895,48.357287799999966,True,False,False
2022-12-30,70.11,-68.50000000000006,-57.954399999999936,0.7393099500000004,-127.19370995,True,False,False
2023-01-03,67.64,136.00000000000003,142.69189999999995,0.9970136000000003,277.6948864,True,False,False
2023-01-04,64.3,20.500000000000007,94.4886000000001,1.7743585,113.2142415000001,True,False,False
2023-01-05,64.78,53.99999999999996,12.912000000000104,0.210535,66.70146500000007,True,False,False
2023-01-06,64.83,31.00000000000003,1.0199999999999418,0.6612659999999999,31.358733999999966,False,False,True
2023-01-09,65.88,0.0,0.0,0.0,0.0,False,False,False
2023-01-10,65.9,0.0,0.0,0.0,0.0,False,False,False
2023-01-11,68.05,-14.5,0.0,0.22932850000000005,-14.7293285,True,True,False
2023-01-12,68.61,41.000000000000014,-3.7744000000000164,0.14442404999999991,37.08117595,True,False,False
2023-01-13,70.05,-14.500000000000046,-15.767999999999974,0.5568974999999998,-30.82489750000002,True,False,False
2023-01-17,70.86,-6.99999999999994,-21.748500000000057,0.37095210000000023,-29.119452099999997,True,False,False
2023-01-18,69.51,61.49999999999993,50.381999999999785,0.5453059499999998,111.33669404999972,True,False,False
2023-01-19,70.59,-22.999999999999954,-23.36039999999997,0.4676587499999999,-46.828058749999926,True,False,False
2023-01-20,71.55,-9.999999999999964,-33.48479999999979,0.3878009999999999,-43.872600999999754,True,False,False
2023-01-23,71.5,29.499999999999993,2.28599999999987,0.08866000000000014,31.697339999999862,True,False,False
2023-01-24,70.22,62.5,61.69600000000006,0.4578344000000002,123.73816560000006,True,False,False
2023-01-25,70.51,8.999999999999897,-10.196400000000219,0.12233484999999998,-1.318734850000322,True,False,False
2023-01-26,70.93,-3.000000000000025,-16.224600000000063,0.24506315000000015,-19.469663150000088,True,False,False
2023-01-27,69.5,68.00000000000006,65.1222000000003,0.6539950000000001,132.46820500000035,True,False,False
2023-01-30,68.1,30.49999999999997,37.40800000000014,0.7123259999999997,67.19567400000011,True,False,False
2023-01-31,69.32,25.49999999999999,-7.076,0.7285531999999999,17.69544679999999,True,False,False
2023-02-01,67.36,53.00000000000003,52.567199999999836,1.0942631999999999,104.47293679999987,True,False,False
2023-02-02,66.57,4.499999999999993,-4.479300000000033,0.8238037500000001,-0.8031037500000403,True,False,False
2023-02-03,64.4,-109.0,-66.01139999999963,0.9795240000000002,-175.99092399999964,False,False,True
2023-02-06,65.5,0.0,0.0,0.0,0.0,False,False,False
2023-02-07,67.76,0.0,0.0,0.0,0.0,False,False,False
2023-02-08,68.68,0.0,0.0,0.0,0.0,False,False,False
2023-02-09,67.92,0.0,0.0,0.0,0.0,False,False,False
2023-02-10,69.87,0.0,0.0,0.0,0.0,False,False,False
2023-02-13,69.5,-8.5,0.0,0.3770374999999999,-8.8770375,True,True,False
2023-02-14,69.4,24.499999999999922,1.084999999999938,0.052397,25.53260299999986,True,False,False
2023-02-15,69.02,26.500000000000057,3.5492000000000896,0.14183609999999972,29.90736390000015,True,False,False
2023-02-16,68.45,18.50000000000005,2.981099999999968,0.23170325000000033,21.24939675000002,True,False,False
2023-02-17,67.02,0.4999999999999005,-2.202200000000014,0.6172541999999999,-2.3194542000001137,True,False,False
2023-02-21,66.69,19.00000000000004,-6.5867999999999665,0.11937509999999993,12.293824900000073,True,False,False
2023-02-22,64.92,-65.49999999999994,-41.665799999999905,0.7378158000000002,-107.90361579999986,True,False,False
2023-02-23,66.38,77.99999999999994,67.55419999999971,0.43080619999999986,145.12339379999963,True,False,False
2023-02-24,67.1,30.50000000000006,23.968799999999966,0.3240930000000001,54.14470700000003,True,False,False
2023-02-27,66.25,4.0000000000000036,-20.08549999999987,0.45911249999999976,-16.544612499999864,True,False,False
2023-02-28,67.21,55.99999999999996,35.99039999999976,0.4133414999999995,91.57705849999971,True,False,False
2023-03-01,68.07,16.499999999999957,21.663399999999992,0.4778514000000003,37.685548599999954,True,False,False
2023-03-02,68.3,29.500000000000036,2.564500000000044,0.07615449999999996,31.98834550000008,True,False,False
2023-03-03,69.86,4.499999999999993,13.91520000000002,0.9116730000000001,17.503527000000012,True,False,False
2023-03-06,70.49,15.500000000000025,-10.823399999999921,0.5209211,4.155678900000104,True,False,False
2023-03-07,67.85,22.999999999999954,84.37440000000002,1.7959895,105.57841049999998,True,False,False
2023-03-08,67.1,4.499999999999993,-15.735000000000003,0.5918220000000001,-11.82682200000001,True,False,False
2023-03-09,66.24,-49.99999999999996,-33.21319999999998,0.5779439999999999,-83.79114399999995,True,False,False
2023-03-10,67.14,19.999999999999954,50.46300000000032,1.8822699,68.58073010000028,False,False,True
2023-03-13,65.25,0.0,0.0,0.0,0.0,False,False,False
2023-03-14,62.93,-29.5,0.0,0.1491441,-29.6491441,True,True,False
2023-03-15,60.02,-40.499999999999936,13.793399999999984,0.7712570000000003,-27.47785699999995,True,False,False
2023-03-16,60.05,23.000000000000043,0.6287999999998751,0.06665549999999965,23.562144499999917,True,False,False
2023-03-17,58.66,-63.00000000000008,-32.220200000000006,0.40182100000000015,-95.62202100000009,True,False,False
2023-03-20,59.79,66.5,41.6744000000001,0.2648697000000001,107.9095303000001,True,False,False
2023-03-21,61.23,64.50000000000004,40.34879999999993,0.4059549000000001,104.44284509999999,True,False,False
2023-03-22,61.61,34.999999999999964,5.608800000000036,0.22672479999999978,40.3820752,True,False,False
2023-03-23,60.99,-10.500000000000043,-4.587999999999981,0.30129059999999996,-15.389290600000024,True,False,False
2023-03-24,60.96,30.50000000000006,-0.5184000000000197,0.11094719999999991,29.87065280000004,True,False,False
2023-03-27,64.15,48.50000000000003,66.73480000000009,1.2842829999999998,113.95051700000012,True,False,False
2023-03-28,64.55,14.499999999999957,-7.647999999999836,0.20430075000000006,6.647699250000121,True,False,False
2023-03-29,64.15,31.00000000000005,10.179999999999783,0.14690349999999996,41.033096499999836,True,False,False
2023-03-30,65.32,-5.50000000000006,-24.41789999999974,0.4895733999999999,-30.4074733999998,True,False,False
2023-03-31,66.44,-46.99999999999997,-40.16320000000016,0.5654043999999999,-87.72860440000014,True,False,False
2023-04-03,70.27,-270.5000000000001,-202.5303999999999,1.1868603,-474.21726029999996,True,False,False
2023-04-04,70.27,3.500000000000014,-0.0,0.024243149999999918,3.4757568500000144,True,False,False
2023-04-05,70.24,-11.500000000000021,2.5791000000000976,0.15768879999999982,-9.078588799999922,True,False,False
2023-04-06,70.26,19.00000000000004,-1.8092000000009254,0.10047180000000049,17.090328199999114,True,False,False
2023-04-10,69.76,41.00000000000007,46.660000000000004,3.2550016000000004,84.40499840000008,False,False,True
2023-04-11,71.07,0.0,0.0,0.0,0.0,False,False,False
2023-04-12,72.43,0.0,0.0,0.0,0.0,False,False,False
2023-04-13,71.8,0.0,0.0,0.0,0.0,False,False,False
2023-04-14,72.09,0.0,0.0,0.0,0.0,False,False,False
2023-04-17,70.84,0.0,0.0,0.0,0.0,False,False,False
2023-04-18,70.73,0.0,0.0,0.0,0.0,False,False,False
2023-04-19,69.3,0.0,0.0,0.0,0.0,False,False,False
2023-04-20,67.6,0.0,0.0,0.0,0.0,False,False,False
2023-04-21,68.21,0.0,0.0,0.0,0.0,False,False,False
2023-04-24,69.25,0.0,0.0,0.0,0.0,False,False,False
2023-04-25,67.62,0.0,0.0,0.0,0.0,False,False,False
2023-04-26,65.36,-26.5,0.0,0.11372639999999999,-26.6137264,True,True,False
2023-04-27,65.81,25.500000000000078,-1.5660000000000096,0.16781549999999978,23.76618450000007,True,False,False
2023-04-28,67.5,-10.500000000000043,-14.50019999999997,0.6925500000000001,-25.692750000000014,True,False,False
2023-05-01,66.55,46.499999999999986,27.645000000000078,0.2918217499999998,73.85317825000007,True,False,False
2023-05-02,63.05,-2.999999999999936,71.155,1.484197,66.67080300000006,True,False,False
2023-05-03,60.31,-132.50000000000003,-73.29499999999986,0.9480732000000005,-206.7430731999999,True,False,False
2023-05-04,60.7,-0.49999999999998934,22.694100000000038,0.0549335000000005,22.139166500000048,True,False,False
2023-05-05,63.03,175.4999999999999,131.36539999999988,0.7749538499999997,306.0904461499998,True,False,False
2023-05-08,64.26,58.500000000000085,39.10170000000013,0.5340006000000002,97.06769940000022,True,False,False
2023-05-09,64.87,16.500000000000004,9.253699999999991,0.3311613499999999,25.422538649999996,True,False,False
2023-05-10,64.39,20.999999999999996,-2.3808000000000216,0.3332182499999997,18.285981749999976,True,False,False
2023-05-11,63.25,-23.000000000000043,-17.453400000000002,0.76753875,-41.220938750000045,True,False,False
2023-05-12,62.07,-51.99999999999996,-46.704399999999985,0.54900915,-99.25340914999994,True,False,False
2023-05-15,62.99,71.49999999999999,52.688400000000094,0.26235334999999976,123.92604665000009,True,False,False
2023-05-16,62.54,-6.999999999999984,-22.023000000000142,0.2267075,-29.249707500000124,True,False,False
2023-05-17,64.6,85.99999999999999,115.75139999999973,1.2341830000000003,200.5172169999997,True,False,False
2023-05-18,64.04,14.000000000000012,-10.068799999999786,0.5552268,3.3759732000002263,True,False,False
2023-05-19,63.9,3.9999999999999813,-4.944800000000271,1.128474,-2.073274000000289,False,False,True
2023-05-22,63.91,0.0,0.0,0.0,0.0,False,False,False
2023-05-23,64.87,0.0,0.0,0.0,0.0,False,False,False
2023-05-24,65.66,0.0,0.0,0.0,0.0,False,False,False
2023-05-25,64.09,0.0,0.0,0.0,0.0,False,False,False
2023-05-26,64.8,0.0,0.0,0.0,0.0,False,False,False
2023-05-30,62.3,0.0,0.0,0.0,0.0,False,False,False
2023-05-31,60.63,-20.000000000000114,0.0,0.2546460000000001,-20.254646000000115,True,True,False
2023-06-01,62.55,-21.500000000000075,-16.127999999999957,0.6389482499999997,-38.26694825000003,True,False,False
2023-06-02,64.15,-81.49999999999994,-46.128000000000235,0.4878607500000002,-128.1158607500002,True,False,False
2023-06-05,64.03,56.49999999999995,5.2848000000002004,0.14886974999999997,61.63593025000015,True,False,False
2023-06-06,63.79,40.000000000000036,11.685600000000097,0.058048900000000014,51.62755110000013,True,False,False
2023-06-07,64.71,-20.500000000000007,-43.12039999999975,0.34716914999999987,-63.967569149999754,True,False,False
2023-06-08,63.46,79.0,71.99999999999959,0.35950089999999973,150.6404990999996,True,False,False
2023-06-09,62.93,41.000000000000014,24.523100000000053,0.19854415000000028,65.32455585000007,True,False,False
2023-06-12,60.24,61.999999999999964,107.49239999999989,1.1587163999999999,168.33368359999986,True,False,False
2023-06-13,62.14,-9.50000000000002,-2.8310000000000026,0.9417317,-13.272731700000023,True,False,False
2023-06-14,61.83,30.00000000000003,9.858000000000073,0.14931945000000005,39.7086805500001,True,False,False
2023-06-15,63.41,-58.50000000000004,-42.61259999999995,0.84113365,-101.95373364999999,True,False,False
2023-06-16,64.35,-40.499999999999936,-50.28999999999988,0.4652504999999998,-91.25525049999982,True,False,False
2023-06-20,63.92,49.00000000000002,29.222799999999495,0.08213719999999979,78.14066279999952,True,False,False
2023-06-21,65.04,-67.49999999999999,-73.2368000000003,0.46926359999999984,-141.2060636000003,True,False,False
2023-06-22,62.52,180.49999999999997,201.14640000000023,1.0784699999999998,380.5679300000002,True,False,False
2023-06-23,62.42,8.499999999999963,4.532000000000065,1.4144372,11.617562800000028,False,False,True
2023-06-26,62.73,0.0,0.0,0.0,0.0,False,False,False
2023-06-27,61.3,0.0,0.0,0.0,0.0,False,False,False
2023-06-28,62.52,0.0,0.0,0.0,0.0,False,False,False
2023-06-29,62.96,0.0,0.0,0.0,0.0,False,False,False
2023-06-30,63.55,0.0,0.0,0.0,0.0,False,False,False
2023-07-03,63.39,0.0,0.0,0.0,0.0,False,False,False
2023-07-05,64.63,0.0,0.0,0.0,0.0,False,False,False
2023-07-06,64.44,0.0,0.0,0.0,0.0,False,False,False
2023-07-07,65.85,0.0,0.0,0.0,0.0,False,False,False
2023-07-10,65.54,0.0,0.0,0.0,0.0,False,False,False
2023-07-11,67.03,0.0,0.0,0.0,0.0,False,False,False
2023-07-12,67.87,0.0,0.0,0.0,0.0,False,False,False
2023-07-13,69.09,0.0,0.0,0.0,0.0,False,False,False
2023-07-14,67.47,0.0,0.0,0.0,0.0,False,False,False
2023-07-17,66.58,0.0,0.0,0.0,0.0,False,False,False
2023-07-18,67.96,0.0,0.0,0.0,0.0,False,False,False
2023-07-19,67.69,0.0,0.0,0.0,0.0,False,False,False
2023-07-20,68.05,0.0,0.0,0.0,0.0,False,False,False
2023-07-21,68.99,0.0,0.0,0.0,0.0,False,False,False
2023-07-24,70.69,0.0,0.0,0.0,0.0,False,False,False
2023-07-25,71.16,0.0,0.0,0.0,0.0,False,False,False
2023-07-26,70.66,0.0,0.0,0.0,0.0,False,False,False
2023-07-27,71.43,0.0,0.0,0.0,0.0,False,False,False
2023-07-28,72.09,0.0,0.0,0.0,0.0,False,False,False
2023-07-31,73.17,0.0,0.0,0.0,0.0,False,False,False
2023-08-01,72.96,0.0,0.0,0.0,0.0,False,False,False
2023-08-02,71.48,0.0,0.0,0.0,0.0,False,False,False
2023-08-03,73.14,0.0,0.0,0.0,0.0,False,False,False
2023-08-04,73.79,0.0,0.0,0.0,0.0,False,False,False
2023-08-07,73.82,0.0,0.0,0.0,0.0,False,False,False
2023-08-08,74.06,0.0,0.0,0.0,0.0,False,False,False
2023-08-09,75.1,0.0,0.0,0.0,0.0,False,False,False
2023-08-10,74.2,0.0,0.0,0.0,0.0,False,False,False
2023-08-11,74.25,0.0,0.0,0.0,0.0,False,False,False
2023-08-14,73.81,-10.999999999999943,0.0,0.034690699999999866,-11.034690699999944,True,True,False
2023-08-15,72.62,-0.0,1.1185999999999936,0.5678883999999997,0.5507115999999939,True,False,False
2023-08-16,71.37,-22.000000000000064,-18.374999999999993,0.6077155500000003,-40.98271555000006,True,False,False
2023-08-17,71.98,10.500000000000043,19.355299999999986,0.23861369999999998,29.61668630000003,True,False,False
2023-08-18,72.79,37.000000000000014,20.33100000000006,0.4236378000000003,56.90736220000007,True,False,False
2023-08-21,72.58,19.99999999999993,-2.826600000000107,0.19923209999999986,16.974167899999824,True,False,False
2023-08-22,72.28,2.000000000000046,-5.6849999999999445,0.15973880000000007,-3.8447387999998983,True,False,False
2023-08-23,71.36,-17.499999999999982,-21.500400000000038,0.6097712000000002,-39.61017120000002,True,False,False
2023-08-24,71.41,9.499999999999975,2.022999999999885,0.08497790000000009,11.438022099999861,True,False,False
2023-08-25,72.45,48.499999999999986,39.603200000000236,0.5125837499999997,87.59061625000021,True,False,False
2023-08-28,72.41,16.500000000000004,-0.9572000000001499,0.055755699999999846,15.487044299999853,True,False,False
2023-08-29,73.32,26.00000000000002,23.177699999999916,0.5656638,48.612036199999935,True,False,False
2023-08-30,73.66,25.0,3.413600000000034,0.20219669999999978,28.211403300000036,True,False,False
2023-08-31,75.06,-9.999999999999964,6.370000000000032,1.0849923000000001,-4.714992299999933,True,False,False
2023-09-01,76.92,-90.00000000000003,-45.30959999999998,1.2657186,-136.57531860000003,True,False,False
2023-09-05,77.76,-40.50000000000003,-48.10680000000019,0.5062176000000005,-89.11301760000022,True,False,False
2023-09-06,78.52,-46.499999999999986,-53.42039999999937,0.42518579999999995,-100.34558579999934,True,False,False
2023-09-07,77.95,58.00000000000001,46.23839999999945,0.032739000000000136,104.20566099999945,True,False,False
2023-09-08,78.3,-39.499999999999986,-28.097999999999544,3.1429620000000003,-70.74096199999953,False,False,True
2023-09-11,78.37,0.0,0.0,0.0,0.0,False,False,False
2023-09-12,79.7,-8.0,0.0,0.3435069999999998,-8.343506999999999,True,True,False
2023-09-13,79.68,3.9999999999999147,0.17239999999996558,0.08764799999999984,4.084751999999881,True,False,False
2023-09-14,81.12,-23.499999999999943,-9.244799999999982,0.7588776000000003,-33.503677599999925,True,False,False
2023-09-15,81.29,-10.000000000000053,-4.2721000000000435,0.09917379999999992,-14.371273800000097,True,False,False
2023-09-18,81.45,11.000000000000032,-4.411199999999906,0.0940747500000001,6.494725250000126,True,False,False
2023-09-19,81.5,-7.500000000000107,-1.4939999999999152,0.05501250000000006,-9.049012500000021,True,False,False
2023-09-20,80.14,36.500000000000114,42.472799999999985,0.6555452000000004,78.31725480000009,True,False,False
2023-09-21,80.41,-21.499999999999986,-4.0148999999999395,0.08322435000000016,-25.598124349999928,True,False,False
2023-09-22,80.63,28.000000000000025,-3.7267999999999804,0.1439245500000003,24.129275450000044,True,False,False
2023-09-25,80.39,29.999999999999893,4.922399999999897,0.14590784999999998,34.77649214999979,True,False,False
2023-09-26,80.88,-19.49999999999994,-8.271199999999917,0.25558079999999944,-28.02678079999986,True,False,False
2023-09-27,82.9,-91.00000000000001,-46.864000000000225,1.1253675,-138.98936750000024,True,False,False
2023-09-28,81.57,84.00000000000007,66.96550000000062,0.6460343999999998,150.3194656000007,True,False,False
2023-09-29,80.86,44.49999999999994,24.502099999999782,0.2559218999999999,68.74617809999972,True,False,False
2023-10-02,79.39,64.99999999999999,41.42459999999997,1.0685894000000002,105.35601059999996,True,False,False
2023-10-03,79.93,3.000000000000025,-0.6804000000000049,0.3237165000000005,1.9958835000000192,True,False,False
2023-10-04,75.59,-126.50000000000001,40.62240000000006,2.7862474,-88.66384739999994,True,False,False
2023-10-05,73.99,-121.99999999999997,-102.97600000000055,0.6688695999999998,-225.6448696000005,True,False,False
2023-10-06,74.16,13.500000000000004,14.01480000000014,3.0568752,24.457924800000143,False,False,True
2023-10-09,77.13,0.0,0.0,0.0,0.0,False,False,False
2023-10-10,76.71,0.0,0.0,0.0,0.0,False,False,False
2023-10-11,75.67,-15.0,0.0,0.07415660000000003,-15.0741566,True,True,False
2023-10-12,75.42,12.00000000000001,0.49000000000000016,0.16441560000000013,12.325584400000011,True,False,False
2023-10-13,78.99,-135.99999999999994,8.56799999999999,1.3195279499999997,-128.75152794999997,True,False,False
2023-10-16,78.39,106.99999999999994,18.605999999999824,0.14227784999999998,125.46372214999977,True,False,False
2023-10-17,78.8,6.99999999999994,-11.225799999999905,0.16469199999999984,-4.390491999999965,True,False,False
2023-10-18,79.84,-58.500000000000085,-32.822400000000194,0.4518944000000003,-91.77429440000027,True,False,False
2023-10-19,81.68,-102.49999999999986,-78.89920000000015,0.5027403999999999,-181.9019404,True,False,False
2023-10-20,80.7,96.0,54.08620000000022,0.08796299999999971,149.99823700000022,True,False,False
2023-10-23,78.89,146.4999999999999,95.94810000000012,0.5979861999999998,241.8501138,True,False,False
2023-10-24,76.93,64.50000000000004,74.18599999999978,0.7719925500000004,137.91400744999981,True,False,False
2023-10-25,78.46,-70.49999999999991,-27.203399999999768,0.6131649000000001,-98.31656489999968,True,False,False
2023-10-26,76.89,75.4999999999999,52.45369999999978,0.7869691500000001,127.16673084999968,True,False,False
2023-10-27,78.36,-55.49999999999997,-19.02179999999999,0.8451126000000002,-75.36691259999995,True,False,False
2023-10-30,76.05,115.00000000000003,79.71810000000009,1.0935990000000002,193.6245010000001,True,False,False
2023-10-31,75.02,37.5,5.9225000000000065,0.7220674999999996,42.700432500000005,True,False,False
2023-11-01,74.75,31.999999999999986,-3.644999999999945,0.23172500000000007,28.12327500000004,True,False,False
2023-11-02,76.18,42.50000000000003,28.171000000000127,1.0261446,69.64485540000017,True,False,False
2023-11-03,74.85,4.499999999999993,9.629200000000093,0.27095700000000006,13.858243000000087,False,False,True
2023-11-06,74.91,0.0,0.0,0.0,0.0,False,False,False
2023-11-07,71.8,0.0,0.0,0.0,0.0,False,False,False
2023-11-08,70.19,0.0,0.0,0.0,0.0,False,False,False
2023-11-09,70.25,-21.5,0.0,0.27994624999999995,-21.77994625,True,True,False
2023-11-10,71.79,2.4999999999999467,-12.273800000000048,0.5829348,-10.356734800000101,True,False,False
2023-11-13,72.92,-3.000000000000025,-27.35729999999989,0.46012520000000007,-30.817425199999914,True,False,False
2023-11-14,72.69,31.99999999999994,8.470900000000146,0.023260799999999762,40.44763920000008,True,False,False
2023-11-15,71.34,35.50000000000013,48.8564999999998,0.5525283000000001,83.80397169999992,True,False,False
2023-11-16,68.05,-20.000000000000018,68.10300000000014,1.25858475,46.844415250000125,True,False,False
2023-11-17,70.75,33.999999999999986,43.98300000000005,1.0407324999999998,76.94226750000003,True,False,False
2023-11-20,72.3,1.5000000000000568,-20.35149999999996,0.7493895000000002,-19.6008894999999,True,False,False
2023-11-21,72.53,-4.499999999999993,-7.787800000000135,0.06999144999999973,-12.357791450000128,True,False,False
2023-11-22,71.61,-31.500000000000128,32.92680000000006,0.48981239999999987,0.9369875999999291,True,False,False
2023-11-24,70.82,63.50000000000007,17.466900000000134,0.2630963000000001,80.70380370000021,True,False,False
2023-11-27,69.96,50.000000000000085,12.624799999999984,0.43724999999999975,62.18755000000007,True,False,False
2023-11-28,71.26,4.999999999999893,-2.834000000000023,0.7325528000000001,1.4334471999998701,True,False,False
2023-11-29,72.52,-52.49999999999994,-28.65239999999979,0.5874120000000002,-81.73981199999973,True,False,False
2023-11-30,70.14,170.49999999999997,92.67719999999983,0.6807087000000003,262.4964912999998,True,False,False
2023-12-01,69.24,43.50000000000003,17.57700000000011,0.6761285999999999,60.40087140000014,False,False,True
2023-12-04,68.47,0.0,0.0,0.0,0.0,False,False,False
2023-12-05,67.58,0.0,0.0,0.0,0.0,False,False,False
2023-12-06,64.76,0.0,0.0,0.0,0.0,False,False,False
2023-12-07,65.11,0.0,0.0,0.0,0.0,False,False,False
2023-12-08,66.53,0.0,0.0,0.0,0.0,False,False,False
2023-12-11,66.8,0.0,0.0,0.0,0.0,False,False,False
2023-12-12,64.25,0.0,0.0,0.0,0.0,False,False,False
2023-12-13,65.33,0.0,0.0,0.0,0.0,False,False,False
2023-12-14,67.16,0.0,0.0,0.0,0.0,False,False,False
2023-12-15,67.15,0.0,0.0,0.0,0.0,False,False,False
2023-12-18,68.09,0.0,0.0,0.0,0.0,False,False,False
2023-12-19,69.36,0.0,0.0,0.0,0.0,False,False,False
2023-12-20,68.79,0.0,0.0,0.0,0.0,False,False,False
2023-12-21,69.03,0.0,0.0,0.0,0.0,False,False,False
2023-12-22,68.69,0.0,0.0,0.0,0.0,False,False,False
2023-12-26,70.21,0.0,0.0,0.0,0.0,False,False,False
2023-12-27,68.92,0.0,0.0,0.0,0.0,False,False,False
2023-12-28,67.18,0.0,0.0,0.0,0.0,False,False,False
2023-12-29,66.65,0.0,0.0,0.0,0.0,False,False,False
2024-01-02,65.77,-19.5,0.0,0.1035877500000001,-19.60358775,True,True,False
2024-01-03,68.19,-57.49999999999993,-7.623000000000013,0.8479426499999999,-65.97094264999994,True,False,False
2024-01-04,67.57,69.99999999999993,17.372400000000127,0.18007405000000007,87.19232595000005,True,False,False
2024-01-05,69.03,-22.000000000000064,-33.12740000000018,0.5663911500000002,-55.693791150000244,True,False,False
2024-01-08,66.4,81.50000000000013,102.83299999999983,0.9863720000000001,183.34662799999998,True,False,False
2024-01-09,67.39,2.999999999999936,-9.296099999999951,0.42826345,-6.724363450000015,True,False,False
2024-01-10,66.56,14.499999999999957,18.34299999999996,0.3048448000000001,32.53815519999992,True,False,False
2024-01-11,67.65,-16.500000000000004,-14.10460000000004,0.38459025000000013,-30.989190250000043,True,False,False
2024-01-12,68.02,-8.499999999999996,-8.994699999999765,0.2169838000000001,-17.71168379999976,True,False,False
2024-01-16,67.25,75.0,23.63129999999988,0.1523212499999999,98.47897874999988,True,False,False
2024-01-17,67.94,3.000000000000025,-18.050399999999943,0.21638889999999988,-15.266788899999918,True,False,False
2024-01-18,69.06,-25.99999999999998,-36.43360000000015,0.635352,-63.068952000000124,True,False,False
2024-01-19,68.82,46.0,12.223200000000464,0.08705730000000003,58.13614270000046,True,False,False
2024-01-22,69.69,-56.49999999999995,-42.10800000000022,0.52302345,-99.13102345000017,True,False,False
2024-01-23,69.66,19.99999999999993,1.902300000000072,0.06234570000000021,21.8399543,True,False,False
2024-01-24,70.54,-39.49999999999996,-57.37600000000063,0.38303219999999955,-97.25903220000059,True,False,False
2024-01-25,72.23,-160.50000000000006,-128.5413999999998,0.49296975000000076,-289.5343697499998,True,False,False
2024-01-26,73.1,-95.49999999999994,-78.04769999999914,3.2789005,-176.82660049999907,False,False,True
2024-01-29,72.05,0.0,0.0,0.0,0.0,False,False,False
2024-01-30,72.81,0.0,0.0,0.0,0.0,False,False,False
2024-01-31,70.92,-25.0,0.0,0.13155659999999988,-25.1315566,True,True,False
2024-02-01,69.07,26.499999999999968,6.863500000000025,0.7411210999999999,32.622378899999994,True,False,False
2024-02-02,67.51,-31.99999999999994,-27.689999999999788,0.7807531500000001,-60.47075314999973,True,False,False
2024-02-05,68.18,35.49999999999996,27.389600000000073,0.22260770000000032,62.66699230000003,True,False,False
2024-02-06,68.81,55.99999999999996,21.64049999999984,0.2370504499999998,77.4034495499998,True,False,False
2024-02-07,69.42,50.0,16.750599999999984,0.15341820000000006,66.59718179999999,True,False,False
2024-02-08,71.52,-0.4999999999999005,48.383999999999865,1.2616128,46.62238719999996,True,False,False
2024-02-09,71.67,4.499999999999993,-1.8360000000000705,0.03260984999999963,2.631390149999923,True,False,False
2024-02-12,72.11,17.499999999999982,-5.785999999999968,0.3039436500000004,11.410056350000014,True,False,False
2024-02-13,72.65,0.9999999999999787,-11.653200000000139,0.3334635,-10.98666350000016,True,False,False
2024-02-14,71.55,37.5,33.83600000000027,0.6206962500000003,70.71530375000027,True,False,False
2024-02-15,72.84,-19.50000000000003,-17.298900000000078,0.9024876000000001,-37.7013876000001,True,False,False
2024-02-16,73.41,-12.99999999999999,-21.768299999999737,0.3376860000000004,-35.105985999999724,True,False,False
2024-02-20,72.42,78.50000000000001,46.916099999999766,0.4776099000000004,124.93849009999977,True,False,False
2024-02-21,73.2,-25.0,-26.676000000000034,0.6170760000000003,-52.29307600000003,True,False,False
2024-02-22,73.6,-11.999999999999966,-20.423999999999566,0.4158399999999996,-32.83983999999953,True,False,False
2024-02-23,71.92,88.99999999999994,104.76479999999952,2.2424656,191.52233439999947,False,False,True
2024-02-26,72.79,0.0,0.0,0.0,0.0,False,False,False
2024-02-27,73.85,0.0,0.0,0.0,0.0,False,False,False
2024-02-28,73.62,0.0,0.0,0.0,0.0,False,False,False
2024-02-29,73.36,-16.0,0.0,0.17239600000000016,-16.172396,True,True,False
2024-03-01,74.96,-8.499999999999996,-7.519999999999981,0.7222395999999998,-16.742239599999976,True,False,False
2024-03-04,74.01,47.99999999999996,22.77149999999973,0.39928395000000017,70.3722160499997,True,False,False
2024-03-05,73.45,-82.99999999999991,7.380800000000029,0.37128975000000014,-75.9904897499999,True,False,False
2024-03-06,74.34,97.49999999999997,-2.7322999999999973,0.46722690000000017,94.30047309999998,True,False,False
2024-03-07,74.23,28.500000000000014,1.720399999999991,0.018557499999999803,30.201842500000005,True,False,False
2024-03-08,73.36,6.499999999999995,13.171800000000072,0.5872468,19.08455320000007,True,False,False
2024-03-11,73.62,21.499999999999986,0.22620000000000262,0.19325249999999977,21.532947499999988,True,False,False
2024-03-12,73.35,14.500000000000002,1.182600000000045,0.17127225000000004,15.511327750000047,True,False,False
2024-03-13,75.09,-23.0,0.504600000000005,1.30318695,-23.798586949999997,True,False,False
2024-03-14,76.3,-35.999999999999986,-41.64819999999979,0.6920409999999997,-78.34024099999978,True,False,False
2024-03-15,76.33,5.499999999999972,-1.5768000000000597,0.12823440000000025,3.7949655999999115,True,False,False
2024-03-18,77.98,-108.0,-92.26800000000033,0.7872081,-201.0552081000003,True,False,False
2024-03-19,78.43,-77.50000000000003,-34.24950000000022,0.23293709999999992,-111.98243710000024,True,False,False
2024-03-20,77.25,172.50000000000006,96.81900000000056,0.19853250000000003,269.12046750000064,True,False,False
2024-03-21,76.82,19.49999999999998,33.07130000000053,2.9541131,49.617186900000505,False,False,True
2024-03-22,76.68,0.0,0.0,0.0,0.0,False,False,False
2024-03-25,77.76,0.0,0.0,0.0,0.0,False,False,False
2024-03-26,77.29,0.0,0.0,0.0,0.0,False,False,False
2024-03-27,77.51,0.0,0.0,0.0,0.0,False,False,False
2024-03-28,78.73,0.0,0.0,0.0,0.0,False,False,False
2024-04-01,79.67,-17.999999999999943,0.0,0.27008130000000014,-18.270081299999944,True,True,False
2024-04-02,80.79,-13.500000000000068,-7.593600000000034,0.6168316500000001,-21.710431650000103,True,False,False
2024-04-03,81.25,-62.5,-10.142999999999864,0.14706250000000004,-72.79006249999986,True,False,False
2024-04-04,82.27,-44.00000000000004,-26.183399999999903,0.4483714999999998,-70.63177149999994,True,False,False
2024-04-05,82.4,7.000000000000028,-4.754100000000354,0.04326000000000017,2.2026399999996746,True,False,False
2024-04-08,82.2,49.00000000000002,7.5240000000001075,0.03164699999999984,56.49235300000013,True,False,False
2024-04-09,81.15,62.000000000000014,40.30949999999989,0.5120565,101.7974434999999,True,False,False
2024-04-10,82.09,-28.500000000000014,-24.22379999999994,0.5138834000000001,-53.23768339999995,True,False,False
2024-04-11,81.55,20.000000000000018,20.67660000000024,0.24342674999999994,40.43317325000026,True,False,False
2024-04-12,81.53,11.499999999999932,0.6463999999998714,0.018344250000000117,12.128055749999804,True,False,False
2024-04-15,81.65,-14.499999999999957,-3.9324000000001496,0.040825000000000146,-18.47322500000011,True,False,False
2024-04-16,81.33,33.0000000000001,10.166400000000234,0.006913050000000214,43.159486950000336,True,False,False
2024-04-17,78.91,36.99999999999992,76.47200000000004,1.5332213,111.93877869999996,True,False,False
2024-04-18,78.78,39.99999999999994,-0.9437999999999677,0.09138480000000002,38.964815199999975,True,False,False
2024-04-19,78.85,15.000000000000036,0.670599999999935,0.06505125000000009,15.60554874999997,True,False,False
2024-04-22,78.78,47.00000000000002,-0.5550999999999462,0.23318879999999972,46.211711200000074,True,False,False
2024-04-23,79.98,26.00000000000002,16.620000000000033,1.1449136999999998,41.47508630000006,True,False,False
2024-04-24,79.64,23.499999999999943,5.0252000000000505,0.3687332000000001,28.156466799999993,True,False,False
2024-04-25,80.44,0.5000000000000338,-4.415999999999982,0.8683498000000001,-4.784349799999948,True,False,False
2024-04-26,80.39,23.50000000000001,1.3554999999999229,1.0896864499999999,23.765813549999937,False,False,True
2024-04-29,79.5,0.0,0.0,0.0,0.0,False,False,False
2024-04-30,78.38,-13.000000000000057,0.0,0.11561049999999988,-13.115610500000058,True,True,False
2024-05-01,75.93,-35.99999999999994,7.227499999999959,1.26309555,-30.035595549999982,True,False,False
2024-05-02,75.93,14.999999999999947,0.0,0.13781294999999996,14.862187049999946,True,False,False
2024-05-03,75.13,-24.499999999999922,-27.160000000000384,0.4808320000000001,-52.14083200000031,True,False,False
2024-05-06,75.66,32.49999999999993,24.777500000000053,0.21222629999999998,57.065273699999985,True,False,False
2024-05-07,75.5,19.00000000000004,-6.5823999999998595,0.12042250000000018,12.29717750000018,True,False,False
2024-05-08,76.11,33.5,27.04129999999998,0.2937846000000005,60.247515399999976,True,False,False
2024-05-09,76.52,23.499999999999986,15.010099999999872,0.16987439999999965,38.34022559999986,True,False,False
2024-05-10,75.3,-35.00000000000001,-39.24739999999996,0.6671579999999999,-74.91455799999997,True,False,False
2024-05-13,76.13,47.00000000000002,41.40869999999992,0.3589529500000002,88.04974704999994,True,False,False
2024-05-14,75.21,-42.000000000000036,-37.22320000000006,0.6689929500000001,-79.89219295000011,True,False,False
2024-05-15,75.88,48.50000000000003,39.0275000000001,0.271271,87.25622900000013,True,False,False
2024-05-16,76.25,37.999999999999986,18.907000000000235,0.21006874999999994,56.696931250000226,True,False,False
2024-05-17,76.97,50.0,32.824799999999954,0.5218566000000001,82.30294339999995,True,False,False
2024-05-20,76.73,2.0000000000000018,-7.687199999999836,0.3778952499999998,-6.0650952499998345,True,False,False
2024-05-21,76.16,-18.999999999999993,-23.871600000000306,0.6165152000000002,-43.4881152000003,True,False,False
2024-05-22,74.87,-86.50000000000003,-74.91029999999954,1.1054555499999998,-162.51575554999954,True,False,False
2024-05-23,74.45,-40.50000000000003,-36.792000000000144,0.5263615000000001,-77.81836150000018,True,False,False
2024-05-24,75.35,73.50000000000003,66.11399999999936,2.7676054999999997,136.8463944999994,False,False,True
2024-05-28,77.66,0.0,0.0,0.0,0.0,False,False,False
2024-05-29,76.57,-18.499999999999943,0.0,0.2511495999999999,-18.751149599999945,True,True,False
2024-05-30,75.53,-3.500000000000014,6.822399999999947,0.6646640000000003,2.6577359999999324,True,False,False
2024-05-31,74.82,-17.50000000000007,-7.838400000000092,0.38083379999999956,-25.71923380000016,True,False,False
2024-06-03,71.83,-92.99999999999997,-63.44779999999988,1.4789797000000005,-157.92677969999986,True,False,False
2024-06-04,71.09,-44.50000000000003,-46.17599999999968,0.32488129999999976,-91.0008812999997,True,False,False
2024-06-05,71.89,63.99999999999997,57.23199999999979,0.22825074999999978,121.00374924999977,True,False,False
2024-06-06,73.26,99.00000000000011,89.3103000000003,0.5263730999999999,187.7839269000004,True,False,False
2024-06-07,73.02,2.4999999999999467,-12.196800000000461,0.27309479999999986,-9.969894800000514,True,False,False
2024-06-10,75.46,103.50000000000006,142.25199999999987,1.5367428999999995,244.21525709999992,True,False,False
2024-06-11,75.51,16.499999999999957,0.8785000000001999,0.04983660000000028,17.32866340000016,True,False,False
2024-06-12,75.98,21.999999999999975,7.63749999999998,0.2351581,29.402341899999954,True,False,False
2024-06-13,75.74,14.500000000000046,-2.4144000000000907,0.10414250000000028,11.981457499999955,True,False,False
2024-06-14,76.08,16.500000000000004,4.355400000000045,0.2499228000000003,20.60547720000005,True,False,False
2024-06-17,77.79,-16.500000000000004,10.670400000000042,1.67676345,-7.506363449999962,True,False,False
2024-06-18,78.67,-23.000000000000043,-32.44559999999983,0.7524785499999999,-56.19807854999987,True,False,False
2024-06-20,79.41,-40.49999999999998,-41.439999999999706,0.6321036000000004,-82.57210359999968,True,False,False
2024-06-21,78.65,53.500000000000014,54.659199999999345,2.8282540000000003,105.33094599999936,False,False,True
2024-06-24,79.7,0.0,0.0,0.0,0.0,False,False,False
2024-06-25,78.9,0.0,0.0,0.0,0.0,False,False,False
2024-06-26,78.75,0.0,0.0,0.0,0.0,False,False,False
2024-06-27,79.92,0.0,0.0,0.0,0.0,False,False,False
2024-06-28,79.59,0.0,0.0,0.0,0.0,False,False,False
2024-07-01,81.54,0.0,0.0,0.0,0.0,False,False,False
2024-07-02,81.11,0.0,0.0,0.0,0.0,False,False,False
2024-07-03,81.27,0.0,0.0,0.0,0.0,False,False,False
2024-07-05,81.31,0.0,0.0,0.0,0.0,False,False,False
2024-07-08,80.42,0.0,0.0,0.0,0.0,False,False,False
2024-07-09,79.77,0.0,0.0,0.0,0.0,False,False,False
2024-07-10,80.48,0.0,0.0,0.0,0.0,False,False,False
2024-07-11,80.94,0.0,0.0,0.0,0.0,False,False,False
2024-07-12,80.25,0.0,0.0,0.0,0.0,False,False,False
2024-07-15,80.12,-11.5,0.0,0.23395039999999984,-11.7339504,True,True,False
2024-07-16,79.06,0.9999999999999787,6.190400000000008,0.7004715999999997,6.489928399999988,True,False,False
2024-07-17,80.62,-5.999999999999961,18.53280000000002,1.0041221,11.528677900000059,True,False,False
2024-07-18,79.9,13.500000000000068,9.381599999999988,0.35835150000000004,22.523248500000054,True,False,False
2024-07-19,78.0,-32.000000000000114,7.714000000000027,1.1988600000000003,-25.484860000000086,True,False,False
2024-07-22,77.62,11.000000000000032,-10.138399999999878,0.3527829000000002,0.5088171000001536,True,False,False
2024-07-23,76.62,-34.999999999999964,-35.77,0.5259963000000002,-71.29599629999997,True,False,False
2024-07-24,76.81,26.499999999999968,9.40499999999989,0.04301360000000045,35.86198639999986,True,False,False
2024-07-25,77.46,27.500000000000036,31.446999999999584,0.38458889999999996,58.56241109999962,True,False,False
2024-07-26,76.11,-86.00000000000003,-51.90749999999978,0.7534890000000002,-138.6609889999998,True,False,False
2024-07-29,75.19,-49.00000000000002,-53.5900000000001,0.3075271000000003,-102.89752710000012,True,False,False
2024-07-30,74.46,-69.00000000000004,-48.49390000000027,0.2747573999999998,-117.76865740000031,True,False,False
2024-07-31,77.74,127.00000000000014,242.0968000000001,1.7724719999999998,367.32432800000026,True,False,False
2024-08-01,76.29,-26.000000000000068,-40.90449999999969,0.7442089499999998,-67.64870894999976,True,False,False
2024-08-02,73.39,-228.5,-138.38800000000026,0.8498561999999998,-367.73785620000024,True,False,False
2024-08-05,73.22,-63.49999999999997,-12.04960000000012,2.5949168,-78.1445168000001,False,False,True
2024-08-06,72.45,0.0,0.0,0.0,0.0,False,False,False
2024-08-07,74.69,0.0,0.0,0.0,0.0,False,False,False
2024-08-08,75.36,0.0,0.0,0.0,0.0,False,False,False
2024-08-09,76.22,0.0,0.0,0.0,0.0,False,False,False
2024-08-12,78.63,0.0,0.0,0.0,0.0,False,False,False
2024-08-13,77.64,0.0,0.0,0.0,0.0,False,False,False
2024-08-14,76.59,0.0,0.0,0.0,0.0,False,False,False
2024-08-15,77.41,0.0,0.0,0.0,0.0,False,False,False
2024-08-16,76.32,0.0,0.0,0.0,0.0,False,False,False
2024-08-19,74.38,0.0,0.0,0.0,0.0,False,False,False
2024-08-20,73.83,0.0,0.0,0.0,0.0,False,False,False
2024-08-21,72.6,0.0,0.0,0.0,0.0,False,False,False
2024-08-22,73.58,0.0,0.0,0.0,0.0,False,False,False
2024-08-23,75.55,0.0,0.0,0.0,0.0,False,False,False
2024-08-26,77.83,0.0,0.0,0.0,0.0,False,False,False
2024-08-27,76.49,0.0,0.0,0.0,0.0,False,False,False
2024-08-28,75.48,0.0,0.0,0.0,0.0,False,False,False
2024-08-29,76.77,0.0,0.0,0.0,0.0,False,False,False
2024-08-30,74.34,0.0,0.0,0.0,0.0,False,False,False
2024-09-03,71.09,0.0,0.0,0.0,0.0,False,False,False
2024-09-04,69.61,0.0,0.0,0.0,0.0,False,False,False
2024-09-05,69.89,0.0,0.0,0.0,0.0,False,False,False
2024-09-06,68.93,0.0,0.0,0.0,0.0,False,False,False
2024-09-09,69.27,0.0,0.0,0.0,0.0,False,False,False
2024-09-10,66.96,0.0,0.0,0.0,0.0,False,False,False
2024-09-11,67.85,0.0,0.0,0.0,0.0,False,False,False
2024-09-12,69.89,0.0,0.0,0.0,0.0,False,False,False
2024-09-13,69.84,0.0,0.0,0.0,0.0,False,False,False
2024-09-16,70.88,0.0,0.0,0.0,0.0,False,False,False
2024-09-17,71.72,0.0,0.0,0.0,0.0,False,False,False
2024-09-18,70.66,0.0,0.0,0.0,0.0,False,False,False
2024-09-19,72.75,0.0,0.0,0.0,0.0,False,False,False
2024-09-20,72.92,0.0,0.0,0.0,0.0,False,False,False
2024-09-23,72.25,0.0,0.0,0.0,0.0,False,False,False
2024-09-24,73.29,0.0,0.0,0.0,0.0,False,False,False
2024-09-25,71.48,0.0,0.0,0.0,0.0,False,False,False
2024-09-26,69.01,0.0,0.0,0.0,0.0,False,False,False
2024-09-27,70.27,0.0,0.0,0.0,0.0,False,False,False
2024-09-30,69.92,0.0,0.0,0.0,0.0,False,False,False
2024-10-01,72.11,-77.50000000000011,0.0,0.18135665000000004,-77.68135665000011,True,True,False
2024-10-02,72.76,-57.999999999999915,-3.269500000000029,0.23828900000000006,-61.507788999999946,True,False,False
2024-10-03,75.73,-172.50000000000006,-34.392599999999995,0.8780893499999999,-207.77068935000005,True,False,False
2024-10-04,76.35,81.00000000000006,-21.55739999999966,0.3252509999999998,59.117349000000395,True,False,False
2024-10-07,79.2,-160.99999999999994,-123.37650000000035,0.7258680000000003,-285.1023680000003,True,False,False
2024-10-08,75.79,-192.0000000000002,210.12419999999977,2.3350899,15.789110099999576,False,False,True
2024-10-09,75.25,0.0,0.0,0.0,0.0,False,False,False
2024-10-10,77.77,0.0,0.0,0.0,0.0,False,False,False
2024-10-11,77.49,0.0,0.0,0.0,0.0,False,False,False
2024-10-14,75.93,0.0,0.0,0.0,0.0,False,False,False
2024-10-15,72.76,0.0,0.0,0.0,0.0,False,False,False
2024-10-16,72.4,0.0,0.0,0.0,0.0,False,False,False
2024-10-17,72.62,0.0,0.0,0.0,0.0,False,False,False
2024-10-18,71.38,0.0,0.0,0.0,0.0,False,False,False
2024-10-21,72.26,0.0,0.0,0.0,0.0,False,False,False
2024-10-22,73.98,0.0,0.0,0.0,0.0,False,False,False
2024-10-23,73.55,0.0,0.0,0.0,0.0,False,False,False
2024-10-24,73.06,0.0,0.0,0.0,0.0,False,False,False
2024-10-25,74.23,0.0,0.0,0.0,0.0,False,False,False
2024-10-28,70.43,0.0,0.0,0.0,0.0,False,False,False
2024-10-29,69.66,0.0,0.0,0.0,0.0,False,False,False
2024-10-30,71.36,0.0,0.0,0.0,0.0,False,False,False
2024-10-31,73.08,0.0,0.0,0.0,0.0,False,False,False
2024-11-01,72.02,0.0,0.0,0.0,0.0,False,False,False
2024-11-04,74.29,0.0,0.0,0.0,0.0,False,False,False
2024-11-05,74.73,-290.0000000000001,0.0,0.2593131000000001,-290.2593131000001,True,True,False
2024-11-06,74.54,-214.99999999999994,1.3185999999999845,0.25865380000000004,-213.94005379999996,False,False,True
2024-11-07,74.66,0.0,0.0,0.0,0.0,False,False,False
2024-11-08,73.13,0.0,0.0,0.0,0.0,False,False,False
2024-11-11,70.94,0.0,0.0,0.0,0.0,False,False,False
2024-11-12,70.69,0.0,0.0,0.0,0.0,False,False,False
2024-11-13,70.73,0.0,0.0,0.0,0.0,False,False,False
2024-11-14,71.29,0.0,0.0,0.0,0.0,False,False,False
2024-11-15,69.75,0.0,0.0,0.0,0.0,False,False,False
2024-11-18,72.07,0.0,0.0,0.0,0.0,False,False,False
2024-11-19,72.31,0.0,0.0,0.0,0.0,False,False,False
2024-11-20,72.02,0.0,0.0,0.0,0.0,False,False,False
2024-11-21,73.2,0.0,0.0,0.0,0.0,False,False,False
2024-11-22,74.25,0.0,0.0,0.0,0.0,False,False,False
2024-11-25,72.1,0.0,0.0,0.0,0.0,False,False,False
2024-11-26,71.61,0.0,0.0,0.0,0.0,False,False,False
2024-11-27,71.72,0.0,0.0,0.0,0.0,False,False,False
2024-11-29,71.61,0.0,0.0,0.0,0.0,False,False,False
2024-12-02,71.04,0.0,0.0,0.0,0.0,False,False,False
2024-12-03,73.04,0.0,0.0,0.0,0.0,False,False,False
2024-12-04,71.88,0.0,0.0,0.0,0.0,False,False,False
2024-12-05,71.47,0.0,0.0,0.0,0.0,False,False,False
2024-12-06,70.24,0.0,0.0,0.0,0.0,False,False,False
2024-12-09,71.17,0.0,0.0,0.0,0.0,False,False,False
2024-12-10,71.4,0.0,0.0,0.0,0.0,False,False,False
2024-12-11,73.33,0.0,0.0,0.0,0.0,False,False,False
2024-12-12,73.21,0.0,0.0,0.0,0.0,False,False,False
2024-12-13,74.21,0.0,0.0,0.0,0.0,False,False,False
2024-12-16,73.7,0.0,0.0,0.0,0.0,False,False,False
2024-12-17,73.3,0.0,0.0,0.0,0.0,False,False,False
2024-12-18,72.94,0.0,0.0,0.0,0.0,False,False,False
2024-12-19,72.61,0.0,0.0,0.0,0.0,False,False,False
2024-12-20,73.1,0.0,0.0,0.0,0.0,False,False,False
2024-12-23,73.06,-112.5,0.0,0.1216449,-112.6216449,True,True,False
2024-12-24,73.65,-3.500000000000014,-1.9647000000000112,0.22905150000000013,-5.693751500000025,True,False,False
2024-12-26,73.13,34.999999999999964,4.966000000000099,0.15759515000000007,39.808404850000066,True,False,False
2024-12-27,73.85,-328.9999999999999,-3.7727999999999944,0.193487,-332.9662869999999,False,False,True
2024-12-30,74.82,0.0,0.0,0.0,0.0,False,False,False
2024-12-31,75.55,0.0,0.0,0.0,0.0,False,False,False
2025-01-02,76.93,0.0,0.0,0.0,0.0,False,False,False
2025-01-03,77.92,0.0,0.0,0.0,0.0,False,False,False
2025-01-06,77.3,0.0,0.0,0.0,0.0,False,False,False
2025-01-07,78.17,0.0,0.0,0.0,0.0,False,False,False
2025-01-08,77.3,0.0,0.0,0.0,0.0,False,False,False
2025-01-10,80.64,0.0,0.0,0.0,0.0,False,False,False
2025-01-13,82.23,0.0,0.0,0.0,0.0,False,False,False
2025-01-14,81.67,0.0,0.0,0.0,0.0,False,False,False
2025-01-15,84.34,0.0,0.0,0.0,0.0,False,False,False
2025-01-16,82.94,0.0,0.0,0.0,0.0,False,False,False
2025-01-17,82.52,0.0,0.0,0.0,0.0,False,False,False
2025-01-21,81.11,0.0,0.0,0.0,0.0,False,False,False
2025-01-22,80.43,0.0,0.0,0.0,0.0,False,False,False
2025-01-23,79.21,0.0,0.0,0.0,0.0,False,False,False
2025-01-24,79.6,0.0,0.0,0.0,0.0,False,False,False
2025-01-27,77.93,0.0,0.0,0.0,0.0,False,False,False
2025-01-28,78.86,0.0,0.0,0.0,0.0,False,False,False
2025-01-29,77.78,-75.0,0.0,0.059890600000000314,-75.0598906,True,True,False
2025-01-30,77.75,-51.49999999999997,0.04620000000000199,0.3086674999999997,-51.76246749999997,True,False,False
2025-01-31,78.02,82.99999999999991,-2.5595999999999623,0.23757089999999986,80.20282909999996,True,False,False
2025-02-03,77.82,26.500000000000057,0.6780000000000105,0.07898729999999994,27.099012700000067,True,False,False
2025-02-04,77.51,19.49999999999994,0.42159999999998554,0.12595375000000034,19.795646249999926,True,False,False
2025-02-05,76.09,15.000000000000124,-2.6838000000000073,0.8666650999999999,11.449534900000117,True,False,False
2025-02-06,75.45,-20.500000000000096,-15.788800000000013,0.36253725000000037,-36.65133725000011,True,False,False
2025-02-07,75.86,40.50000000000003,14.054799999999886,0.0792737000000004,54.47552629999991,True,False,False
2025-02-10,77.4,36.50000000000002,49.5726000000002,0.9787229999999998,85.09387700000022,True,False,False
2025-02-11,78.27,19.49999999999994,6.002999999999938,0.6786009000000002,24.82439909999988,True,False,False
2025-02-12,76.32,3.500000000000014,20.35800000000003,1.4786999999999997,22.379300000000043,True,False,False
2025-02-13,76.39,16.500000000000004,1.981700000000209,0.03628525000000011,18.445414750000214,True,False,False
2025-02-14,75.82,-42.50000000000003,-16.678200000000214,0.4128399,-59.59103990000025,True,False,False
2025-02-18,76.96,132.50000000000006,45.77100000000002,0.5656559999999996,177.70534400000008,True,False,False
2025-02-19,77.45,11.999999999999966,12.470500000000234,0.4658617500000003,24.0046382500002,True,False,False
2025-02-20,77.76,14.000000000000012,4.16020000000003,0.38568960000000013,17.774510400000043,True,False,False
2025-02-21,75.35,-101.5,-8.43500000000003,0.1318624999999999,-110.06686250000003,False,False,True
2025-02-24,75.97,0.0,0.0,0.0,0.0,False,False,False
2025-02-25,74.13,0.0,0.0,0.0,0.0,False,False,False
2025-02-26,73.85,0.0,0.0,0.0,0.0,False,False,False
2025-02-27,75.28,-85.0,0.0,0.08243160000000012,-85.0824316,True,True,False
2025-02-28,75.22,-0.9999999999999787,0.13140000000000515,0.2824511,-1.1510510999999735,True,False,False
2025-03-03,73.32,-4.0000000000000036,-10.108000000000024,0.8765405999999998,-14.984540600000027,True,False,False
2025-03-04,73.31,-77.50000000000003,-0.2922999999997341,0.36251794999999953,-78.15481794999975,True,False,False
2025-03-05,71.42,0.49999999999998934,-36.55260000000003,1.2123545000000002,-37.264954500000044,True,False,False
2025-03-06,71.13,-52.500000000000036,-15.454100000000334,0.09104639999999982,-68.04514640000036,True,False,False
2025-03-07,72.09,135.50000000000006,53.61600000000045,0.1701323999999997,188.9458676000005,True,False,False
2025-03-10,70.89,-56.99999999999994,-61.35600000000016,0.8209061999999999,-119.1769062000001,True,False,False
2025-03-11,71.45,45.50000000000001,41.60240000000017,0.07752325000000006,87.02487675000019,True,False,False
2025-03-12,72.8,101.99999999999996,97.3619999999996,0.8029840000000003,198.55901599999956,True,False,False
2025-03-13,71.62,-85.49999999999996,-59.07079999999962,0.44834120000000044,-145.01914119999955,True,False,False
2025-03-14,72.28,69.99999999999997,41.30279999999979,0.04770480000000001,111.25509519999976,True,False,False
2025-03-17,72.71,38.49999999999998,26.341799999999548,0.1614161999999999,64.68038379999952,True,False,False
2025-03-18,72.21,-29.499999999999993,-28.410000000000004,0.7253494499999996,-58.63534945,True,False,False
2025-03-19,72.42,34.49999999999997,16.15110000000061,0.018105,50.632995000000584,True,False,False
2025-03-20,73.73,136.50000000000006,100.09710000000017,0.7605249499999996,235.83657505000025,True,False,False
2025-03-21,73.79,-41.000000000000014,3.3468000000001275,2.0580031000000005,-39.711203099999885,False,False,True
2025-03-24,74.88,0.0,0.0,0.0,0.0,False,False,False
2025-03-25,74.82,0.0,0.0,0.0,0.0,False,False,False
2025-03-26,75.42,0.0,0.0,0.0,0.0,False,False,False
2025-03-27,75.48,0.0,0.0,0.0,0.0,False,False,False
2025-03-28,74.77,-94.0,0.0,0.054208250000000256,-94.05420825,True,True,False
2025-03-31,77.33,-25.49999999999999,-3.7120000000000206,1.3880735,-30.60007350000001,True,False,False
2025-04-01,77.08,17.499999999999982,9.337500000000002,0.10020400000000032,26.737295999999983,True,False,False
2025-04-02,77.74,-32.00000000000003,-22.93499999999988,0.32223229999999997,-55.25723229999991,True,False,False
2025-04-03,72.25,22.000000000000064,236.28959999999978,2.83328375,255.45631624999984,True,False,False
2025-04-04,67.92,-385.0,-153.23869999999994,1.2018444,-539.4405443999999,False,False,True
2025-04-07,65.98,0.0,0.0,0.0,0.0,False,False,False
2025-04-08,63.34,0.0,0.0,0.0,0.0,False,False,False
2025-04-09,67.58,0.0,0.0,0.0,0.0,False,False,False
2025-04-10,65.32,0.0,0.0,0.0,0.0,False,False,False
2025-04-11,66.46,0.0,0.0,0.0,0.0,False,False,False
2025-04-14,66.66,0.0,0.0,0.0,0.0,False,False,False
2025-04-15,66.48,0.0,0.0,0.0,0.0,False,False,False
2025-04-16,67.75,0.0,0.0,0.0,0.0,False,False,False
2025-04-17,69.48,0.0,0.0,0.0,0.0,False,False,False
2025-04-21,68.62,0.0,0.0,0.0,0.0,False,False,False
2025-04-22,69.37,0.0,0.0,0.0,0.0,False,False,False
2025-04-23,68.05,0.0,0.0,0.0,0.0,False,False,False
2025-04-24,68.46,0.0,0.0,0.0,0.0,False,False,False
2025-04-25,69.03,0.0,0.0,0.0,0.0,False,False,False
2025-04-28,67.76,0.0,0.0,0.0,0.0,False,False,False
2025-04-29,65.85,0.0,0.0,0.0,0.0,False,False,False
2025-04-30,63.56,-25.0,0.0,0.21038359999999975,-25.2103836,True,True,False
2025-05-01,64.52,5.50000000000006,-6.355199999999951,0.28421060000000026,-1.139410599999891,True,False,False
2025-05-02,64.01,37.000000000000014,7.86929999999986,0.18434879999999979,44.68495119999987,True,False,False
2025-05-05,62.37,182.49999999999994,15.858800000000086,0.6112260000000003,197.74757400000004,True,False,False
2025-05-06,64.6,-10.999999999999943,22.143899999999967,0.9111829999999999,10.232717000000024,True,False,False
2025-05-07,63.51,21.999999999999886,19.92519999999993,0.43377330000000003,41.49142669999982,True,False,False
2025-05-08,65.6,-14.999999999999858,-9.655799999999976,0.9079040000000002,-25.563703999999834,True,False,False
2025-05-09,66.61,-37.0000000000001,-32.62300000000017,0.3870040999999997,-70.01000410000027,True,False,False
2025-05-12,67.6,-20.500000000000007,-43.48079999999977,0.3718000000000002,-64.35259999999977,True,False,False
2025-05-13,69.59,-149.99999999999991,-109.2908000000005,0.5929068000000002,-259.8837068000004,True,False,False
2025-05-14,68.73,77.99999999999994,61.88559999999997,0.17113770000000064,139.7144622999999,True,False,False
2025-05-15,67.59,85.99999999999994,76.35720000000002,0.35856494999999977,161.99863505,True,False,False
2025-05-16,68.1,-29.999999999999982,-28.748699999999484,0.30917400000000017,-59.057873999999465,True,False,False
2025-05-19,68.51,16.000000000000014,-26.83450000000071,0.1729877499999999,-11.007487750000696,True,False,False
2025-05-20,68.66,-6.99999999999994,-10.574999999999399,0.2248614999999999,-17.799861499999338,True,False,False
2025-05-21,67.59,63.49999999999998,82.44349999999947,0.1186204499999997,145.82487954999945,True,False,False
2025-05-22,67.14,57.49999999999993,33.09300000000021,0.2168621999999998,90.37613780000014,True,False,False
2025-05-23,67.99,-54.49999999999993,-57.01799999999963,2.2803846000000005,-113.79838459999957,False,False,True
2025-05-27,67.28,0.0,0.0,0.0,0.0,False,False,False
2025-05-28,67.89,0.0,0.0,0.0,0.0,False,False,False
2025-05-29,67.19,-14.0,0.0,0.26204100000000025,-14.262041,True,True,False
2025-05-30,67.15,-11.000000000000032,0.3119999999999382,0.04834800000000026,-10.736348000000094,True,False,False
2025-06-02,69.55,-7.000000000000028,-15.263999999999944,0.9604854999999999,-23.224485499999975,True,False,False
2025-06-03,69.89,-3.500000000000014,-11.553200000000114,0.2935380000000002,-15.346738000000128,True,False,False
2025-06-04,69.34,57.500000000000014,23.30899999999988,0.20871339999999988,80.6002865999999,True,False,False
2025-06-05,69.93,-3.500000000000014,-21.45240000000013,0.33391574999999996,-25.286315750000142,True,False,False
2025-06-06,71.38,-70.00000000000001,-66.56949999999948,0.5724676,-137.1419675999995,True,False,False
2025-06-09,72.05,-25.99999999999998,-41.50650000000011,0.3249454999999999,-67.83144550000009,True,False,False
2025-06-10,71.6,51.50000000000006,31.9365000000002,0.14355800000000016,83.29294200000025,True,False,False
2025-06-11,74.82,-280.0,-215.6111999999999,0.6019269,-496.21312689999996,True,False,False
2025-06-12,75.05,-31.00000000000005,-19.10150000000033,0.01500999999999968,-50.116510000000375,True,False,False
2025-06-13,80.22,-561.0,-427.30050000000017,3.3150915,-991.6155915000002,False,False,True
2025-06-16,78.59,0.0,0.0,0.0,0.0,False,False,False
2025-06-17,82.3,0.0,0.0,0.0,0.0,False,False,False
2025-06-18,82.27,0.0,0.0,0.0,0.0,False,False,False
2025-06-20,83.12,0.0,0.0,0.0,0.0,False,False,False
2025-06-23,76.41,0.0,0.0,0.0,0.0,False,False,False
2025-06-24,73.0,0.0,0.0,0.0,0.0,False,False,False
2025-06-25,73.31,0.0,0.0,0.0,0.0,False,False,False
2025-06-26,73.59,0.0,0.0,0.0,0.0,False,False,False
2025-06-27,73.28,0.0,0.0,0.0,0.0,False,False,False
2025-06-30,73.11,0.0,0.0,0.0,0.0,False,False,False
2025-07-01,73.93,0.0,0.0,0.0,0.0,False,False,False
2025-07-02,75.59,0.0,0.0,0.0,0.0,False,False,False
2025-07-03,75.19,0.0,0.0,0.0,0.0,False,False,False
2025-07-07,76.48,0.0,0.0,0.0,0.0,False,False,False
2025-07-08,76.96,0.0,0.0,0.0,0.0,False,False,False
2025-07-09,76.93,0.0,0.0,0.0,0.0,False,False,False
2025-07-10,75.39,0.0,0.0,0.0,0.0,False,False,False
2025-07-11,77.29,0.0,0.0,0.0,0.0,False,False,False
2025-07-14,75.62,0.0,0.0,0.0,0.0,False,False,False
2025-07-15,75.26,0.0,0.0,0.0,0.0,False,False,False
2025-07-16,75.19,0.0,0.0,0.0,0.0,False,False,False
2025-07-17,76.16,0.0,0.0,0.0,0.0,False,False,False
2025-07-18,75.93,0.0,0.0,0.0,0.0,False,False,False
2025-07-21,75.59,0.0,0.0,0.0,0.0,False,False,False
2025-07-22,75.35,0.0,0.0,0.0,0.0,False,False,False
2025-07-23,75.28,0.0,0.0,0.0,0.0,False,False,False
2025-07-24,76.09,0.0,0.0,0.0,0.0,False,False,False
2025-07-25,74.85,0.0,0.0,0.0,0.0,False,False,False
2025-07-28,77.17,0.0,0.0,0.0,0.0,False,False,False
2025-07-29,79.8,0.0,0.0,0.0,0.0,False,False,False
2025-07-30,81.04,0.0,0.0,0.0,0.0,False,False,False
2025-07-31,79.59,0.0,0.0,0.0,0.0,False,False,False
2025-08-01,77.46,0.0,0.0,0.0,0.0,False,False,False
2025-08-04,76.11,0.0,0.0,0.0,0.0,False,False,False
2025-08-05,75.02,0.0,0.0,0.0,0.0,False,False,False
2025-08-06,73.79,0.0,0.0,0.0,0.0,False,False,False
2025-08-07,73.42,0.0,0.0,0.0,0.0,False,False,False
2025-08-08,73.3,0.0,0.0,0.0,0.0,False,False,False
2025-08-11,73.8,0.0,0.0,0.0,0.0,False,False,False
2025-08-12,72.95,0.0,0.0,0.0,0.0,False,False,False
2025-08-13,72.46,0.0,0.0,0.0,0.0,False,False,False
2025-08-14,73.74,-9.5,0.0,0.04866839999999996,-9.5486684,True,True,False
2025-08-15,72.8,-7.500000000000018,1.240799999999996,0.48229999999999995,-6.741500000000022,True,False,False
2025-08-18,73.17,75.99999999999997,4.4141000000000545,0.17304705,80.24105295000003,True,False,False
2025-08-19,72.3,-5.999999999999961,-6.264000000000034,0.4381379999999998,-12.702137999999996,True,False,False
2025-08-20,73.52,31.99999999999994,23.570399999999974,0.6002908000000002,54.97010919999991,True,False,False
2025-08-21,74.13,17.99999999999997,1.8238999999999939,0.32431874999999966,19.499581249999967,True,False,False
2025-08-22,74.64,15.000000000000036,-2.9376000000000286,0.2672112000000002,11.795188800000007,True,False,False
2025-08-25,75.75,-2.499999999999991,-14.341199999999997,0.7052324999999996,-17.546432499999987,True,False,False
2025-08-26,74.05,25.49999999999999,53.61800000000008,0.9904187499999998,78.12758125000006,True,False,False
2025-08-27,74.68,17.50000000000003,-3.0177000000000462,0.46488300000000005,14.017416999999982,True,False,False
2025-08-28,75.24,-6.500000000000039,-9.654399999999793,0.26935919999999997,-16.423759199999832,True,False,False
2025-08-29,74.84,36.50000000000002,9.759999999999792,0.19233880000000003,46.06766119999981,True,False,False
2025-09-02,76.76,-68.00000000000006,-36.97920000000003,1.3333211999999999,-106.31252120000008,True,False,False
2025-09-03,74.83,84.00000000000007,104.22000000000035,1.3110215999999997,186.90897840000042,True,False,False
2025-09-04,74.18,35.49999999999996,12.323999999999842,0.5530119000000003,47.2709880999998,True,False,False
2025-09-05,72.63,6.000000000000005,6.277500000000043,0.14707574999999992,12.13042425000005,False,False,True
2025-09-08,73.04,0.0,0.0,0.0,0.0,False,False,False
2025-09-09,73.39,0.0,0.0,0.0,0.0,False,False,False
2025-09-10,74.71,0.0,0.0,0.0,0.0,False,False,False
2025-09-11,73.0,0.0,0.0,0.0,0.0,False,False,False
2025-09-12,73.31,0.0,0.0,0.0,0.0,False,False,False
2025-09-15,74.23,0.0,0.0,0.0,0.0,False,False,False
2025-09-16,75.67,0.0,0.0,0.0,0.0,False,False,False
2025-09-17,74.97,-6.0,0.0,0.11282985000000005,-6.11282985,True,True,False
2025-09-18,74.69,16.999999999999904,0.8428000000000039,0.1527410500000002,17.69005894999991,True,False,False
2025-09-19,73.52,11.00000000000012,-1.2636000000000056,0.6532252000000001,9.083174800000116,True,False,False
2025-09-22,73.45,19.49999999999994,-1.3194999999998718,0.0995247499999999,18.080975250000066,True,False,False
2025-09-23,75.05,-0.9999999999999787,34.49599999999988,0.9895342500000001,32.506465749999904,True,False,False
2025-09-24,76.39,-36.49999999999993,-6.445400000000014,0.7497678499999999,-43.69516784999994,True,False,False
2025-09-25,76.99,-31.500000000000128,-14.663999999999858,0.13819705,-46.30219704999999,True,False,False
2025-09-26,77.02,8.000000000000007,-0.8409000000000317,0.23606630000000037,6.9230336999999755,True,False,False
2025-09-29,74.59,86.00000000000003,83.00879999999975,1.44741895,167.56138104999977,True,False,False
2025-09-30,73.75,10.500000000000043,-3.9060000000000104,0.47531875000000007,6.118681250000032,True,False,False
2025-10-01,73.14,-4.500000000000037,-10.699399999999986,0.4030014000000003,-15.602401400000025,True,False,False
2025-10-02,71.54,-81.5,-45.69599999999984,0.8559761000000001,-128.05197609999985,True,False,False
2025-10-03,71.71,37.999999999999986,8.923299999999344,0.06704885000000016,46.85625114999933,True,False,False
2025-10-06,72.87,96.0,58.71920000000054,0.3858466499999999,154.33335335000055,True,False,False
2025-10-07,73.2,23.500000000000032,13.209899999999932,0.09662400000000003,36.61327599999996,True,False,False
2025-10-08,73.53,30.99999999999996,12.338699999999937,0.19191329999999998,43.14678669999989,True,False,False
2025-10-09,72.51,-35.999999999999986,-32.813399999999874,0.8345901000000001,-69.64799009999986,True,False,False
2025-10-10,69.39,-269.5,-172.19280000000026,1.9148170500000001,-443.6076170500003,False,False,True
2025-10-13,70.28,0.0,0.0,0.0,0.0,False,False,False
2025-10-14,69.0,0.0,0.0,0.0,0.0,False,False,False
2025-10-15,68.99,0.0,0.0,0.0,0.0,False,False,False
2025-10-16,67.81,-8.0,0.0,0.03729550000000003,-8.0372955,True,True,False
2025-10-17,67.98,17.499999999999982,-0.18700000000000205,0.1104674999999999,17.202532499999982,True,False,False
2025-10-20,67.83,36.50000000000002,0.6525000000000244,0.11565014999999967,37.036849850000046,True,False,False
2025-10-21,68.27,17.499999999999982,-0.41360000000000113,0.18808384999999955,16.89831614999998,True,False,False
2025-10-22,70.63,-147.99999999999994,-15.221999999999984,1.1332583500000002,-164.35525834999993,True,False,False
2025-10-23,73.29,-110.49999999999996,-102.51640000000042,0.8373382500000002,-213.85373825000036,True,False,False
2025-10-24,73.18,41.9999999999999,6.752899999999965,0.049030599999999876,48.70386939999987,True,False,False
2025-10-27,73.12,32.00000000000003,3.7638000000001424,0.20290800000000017,35.56089200000017,True,False,False
2025-10-28,71.39,125.00000000000009,118.12440000000028,0.6203791000000001,242.50402090000037,True,False,False
2025-10-29,71.8,-14.000000000000057,-20.868999999999826,0.2735579999999999,-35.14255799999989,True,False,False
2025-10-30,71.71,24.499999999999922,5.266800000000199,0.14915680000000012,29.61764320000012,True,False,False
2025-10-31,72.56,-43.49999999999996,-53.27800000000053,0.23799679999999984,-97.0159968000005,True,False,False
2025-11-03,72.74,18.00000000000006,-12.463199999999487,0.345515,5.1912850000005735,True,False,False
2025-11-04,71.93,54.4999999999999,63.77939999999906,0.18486010000000005,118.09453989999896,True,False,False
2025-11-05,71.03,78.50000000000001,66.2400000000004,0.32247619999999994,144.4175238000004,True,False,False
2025-11-06,70.88,7.000000000000028,9.678000000000367,0.09108080000000025,16.586919200000395,True,False,False
2025-11-07,71.26,0.9999999999999893,-25.49420000000065,2.3904167000000003,-26.88461670000066,False,False,True
2025-11-10,71.68,0.0,0.0,0.0,0.0,False,False,False
2025-11-11,72.72,0.0,0.0,0.0,0.0,False,False,False
2025-11-12,69.79,0.0,0.0,0.0,0.0,False,False,False
2025-11-13,69.85,0.0,0.0,0.0,0.0,False,False,False
2025-11-14,71.38,0.0,0.0,0.0,0.0,False,False,False
2025-11-17,71.3,0.0,0.0,0.0,0.0,False,False,False
2025-11-18,72.5,-34.99999999999994,0.0,0.41034999999999994,-35.410349999999944,True,True,False
2025-11-19,70.88,5.499999999999972,18.338400000000046,0.8264608,23.01193920000002,True,False,False
2025-11-20,70.15,-7.499999999999929,-8.75999999999988,0.2732342499999999,-16.53323424999981,True,False,False
2025-11-21,69.3,-22.500000000000053,-16.82150000000017,0.41995799999999966,-39.74145800000023,True,False,False
2025-11-24,70.42,46.0,35.73920000000014,0.4749828999999999,81.26421710000014,True,False,False
2025-11-25,69.25,-23.499999999999943,-21.55140000000003,0.4511637500000001,-45.50256374999997,True,False,False
2025-11-26,70.04,42.99999999999997,24.845500000000197,0.2615994,67.58390060000018,True,False,False
2025-11-28,71.07,38.49999999999998,24.699399999999688,0.47901180000000004,62.72038819999967,True,False,False
2025-12-01,71.06,27.000000000000046,-0.10499999999990449,0.02167329999999979,26.873326700000142,True,False,False
2025-12-02,70.2,-13.500000000000068,-8.505399999999998,0.6219719999999997,-22.627372000000065,True,False,False
2025-12-03,70.66,54.999999999999986,12.700599999999826,0.13284079999999993,67.56775919999981,True,False,False
2025-12-04,71.39,28.00000000000007,17.410500000000095,0.49366185000000007,44.91683815000017,True,False,False
2025-12-05,71.92,29.999999999999982,5.310600000000009,0.400954,34.909645999999995,True,False,False
2025-12-08,70.49,-10.499999999999998,1.6159000000000123,1.2208868000000002,-10.104986799999987,True,False,False
2025-12-09,69.86,-9.999999999999964,-21.11129999999985,0.40029780000000004,-31.511597799999816,True,False,False
2025-12-10,70.54,34.49999999999997,30.579600000000312,0.46626940000000006,64.61333060000028,True,False,False
2025-12-11,69.25,-39.5,-40.95750000000021,1.23091875,-81.68841875000021,True,False,False
2025-12-12,68.81,-34.5,-29.611999999999853,2.3154565000000007,-66.42745649999985,False,False,True
2025-12-15,67.89,0.0,0.0,0.0,0.0,False,False,False
2025-12-16,66.17,0.0,0.0,0.0,0.0,False,False,False
2025-12-17,67.98,-6.999999999999943,0.0,0.10095030000000003,-7.100950299999943,True,True,False
2025-12-18,67.19,36.00000000000003,2.346300000000019,0.36047434999999983,37.98582565000005,True,False,False
2025-12-19,68.03,0.49999999999998934,6.518400000000022,0.4258677999999998,6.5925322000000115,True,False,False
2025-12-22,69.73,-11.000000000000032,-8.09200000000001,0.8949845500000001,-19.98698455000004,True,False,False
2025-12-23,70.3,-27.500000000000036,-17.345099999999793,0.14200599999999997,-44.987105999999834,True,False,False
2025-12-24,70.2,23.000000000000043,3.4469999999998038,0.09582300000000016,26.351176999999847,True,False,False
2025-12-26,68.48,59.999999999999964,63.98399999999996,0.9248224000000003,123.05917759999993,True,False,False
2025-12-29,69.61,2.0000000000000018,-11.514699999999953,0.7817203,-10.296420299999951,True,False,False
2025-12-30,69.74,21.499999999999986,-4.244499999999851,0.06032510000000014,17.195174900000133,True,False,False
2025-12-31,69.16,39.50000000000004,19.940399999999944,0.2894345999999999,59.15096539999998,True,False,False
2026-01-02,68.96,28.999999999999957,5.202000000000075,0.06049860800000024,34.14150139200003,True,False,False
2026-01-05,70.22,-40.99999999999997,-30.561804000000123,0.8860570260000002,-72.4478610260001,True,False,False
2026-01-06,68.51,62.000000000000014,84.6313199999997,1.0056582900000002,145.62566170999972,True,False,False
2026-01-07,67.79,-3.5000000000000586,14.496479999999977,0.7814627830000002,10.215017216999918,True,False,False
2026-01-08,70.54,-79.99999999999999,8.033850000000005,1.8152410900000007,-73.78139108999999,True,False,False
2026-01-09,70.78,-48.499999999999986,-11.650943999999754,1.7180287840000004,-61.86897278399974,False,False,True
2026-01-12,71.65,0.0,0.0,0.0,0.0,False,False,False
2026-01-13,73.48,0.0,0.0,0.0,0.0,False,False,False
2026-01-14,72.61,0.0,0.0,0.0,0.0,False,False,False
2026-01-15,71.13,-14.5,0.0,0.222089199,-14.722089199,True,True,False
2026-01-16,71.65,-3.4999999999999254,-3.247192000000064,0.2962870799999998,-7.043479079999989,True,False,False
2026-01-20,71.86,-25.49999999999999,-3.048149999999908,0.24400781600000032,-28.792157815999897,True,False,False
2026-01-21,73.34,29.499999999999904,-31.53317600000009,0.36676600600000003,-2.399942006000186,True,False,False
2026-01-22,71.82,41.99999999999999,47.58816000000033,0.617321628,88.97083837200033,True,False,False
2026-01-23,73.95,-85.99999999999994,-30.06963600000014,0.8399832599999997,-116.90961926000008,True,False,False
2026-01-26,73.48,56.99999999999994,17.312355999999955,0.09201165599999964,74.2203443439999,True,False,False
2026-01-27,75.66,-86.99999999999991,-74.84027199999976,0.6642494039999993,-162.5045214039997,True,False,False
2026-01-28,76.62,-62.999999999999986,-49.8136320000004,0.38211160200000016,-113.19574360200038,True,False,False
2026-01-29,79.14,-202.50000000000003,-155.89576799999972,0.5256320520000006,-358.92140005199974,True,False,False
2026-01-30,79.52,-37.5,-28.55585999999966,0.01005928000000057,-66.06591927999966,True,False,False
2026-02-02,75.33,431.49999999999994,313.80585999999977,0.6235064100000001,744.6823535899997,True,False,False
2026-02-03,77.47,-144.99999999999994,-124.84760000000001,0.5332802390000004,-270.38088023899996,True,False,False
2026-02-04,77.88,-113.49999999999997,-29.564033999999754,0.3022990079999999,-143.36633300799974,True,False,False
2026-02-05,76.69,132.50000000000003,95.04601399999981,0.36950008899999953,227.17651391099983,True,False,False
2026-02-06,76.99,-198.50000000000017,-21.070319999999803,2.703673228,-222.273993228,False,False,True
2026-02-09,78.02,0.0,0.0,0.0,0.0,False,False,False
2026-02-10,78.03,0.0,0.0,0.0,0.0,False,False,False
2026-02-11,78.89,0.0,0.0,0.0,0.0,False,False,False
2026-02-12,76.38,0.0,0.0,0.0,0.0,False,False,False
2026-02-13,76.22,-25.0,0.0,0.14281341400000003,-25.142813414,True,True,False
2026-02-17,75.73,29.999999999999982,1.8362259999999813,0.0595692180000001,31.776656781999964,True,False,False
2026-02-18,79.4,-143.49999999999997,-7.979313999999997,1.3302755400000001,-152.80958953999996,True,False,False
2026-02-19,81.19,-103.00000000000011,-63.871495999999716,0.47170578100000016,-167.34320178099983,True,False,False
2026-02-20,80.85,40.500000000000114,16.082748000000162,0.05226144000000027,56.53048656000028,True,False,False
2026-02-23,80.9,-8.000000000000007,-2.300470000000523,0.005420299999999727,-10.305890300000529,True,False,False
2026-02-24,80.76,18.50000000000005,6.422556000000027,0.0029235120000000725,24.91963248800008,True,False,False
2026-02-25,79.73,26.999999999999957,47.32623400000006,0.2902012540000004,74.03603274600003,True,False,False
2026-02-26,79.77,-2.999999999999936,-1.5467279999996921,0.060066810000000005,-4.606794809999629,True,False,False
2026-02-27,81.95,-101.50000000000006,-81.01359600000025,0.5993741050000003,-183.1129701050003,True,False,False
2026-03-02,87.19,-593.0,-271.37959999999975,2.2577850500000003,-866.6373850499998,False,False,True
2026-03-03,90.2,0.0,0.0,0.0,0.0,False,False,False
2026-03-04,91.56,0.0,0.0,0.0,0.0,False,False,False
2026-03-05,96.31,0.0,0.0,0.0,0.0,False,False,False
2026-03-06,108.77,0.0,0.0,0.0,0.0,False,False,False
2026-03-09,104.33,0.0,0.0,0.0,0.0,False,False,False
2026-03-10,105.86,0.0,0.0,0.0,0.0,False,False,False
2026-03-11,108.05,0.0,0.0,0.0,0.0,False,False,False
2026-03-12,118.39,0.0,0.0,0.0,0.0,False,False,False
2026-03-13,119.89,0.0,0.0,0.0,0.0,False,False,False
2026-03-16,115.03,-50.0,0.0,0.7681703399999998,-50.76817034,True,True,False
2026-03-17,118.84,139.99999999999986,-50.88636000000002,0.3887018720000005,88.72493812799983,True,False,False
2026-03-18,121.67,-7.499999999999929,-56.310207999999975,0.37733517099999936,-64.1875431709999,True,False,False
2026-03-19,117.36,247.5000000000005,112.49186200000003,0.6317606159999994,359.36010138400053,True,False,False
2026-03-20,121.43,-32.500000000000284,-62.40938000000013,0.8546121969999997,-95.7639921970004,True,False,False
2026-03-23,110.56,185.00000000000014,319.6845260000001,1.8901005920000002,502.7944254080002,True,False,False
2026-03-24,114.54,97.50000000000014,19.03076800000003,0.6783975120000003,115.85237048800016,True,False,False
2026-03-25,113.39,7.499999999999574,8.123600000000044,0.18204764500000048,15.441552354999617,True,False,False
2026-03-26,117.26,-72.49999999999979,-14.911109999999999,0.7727434000000006,-88.18385339999978,True,False,False
2026-03-27,124.2,-225.00000000000034,-118.20902,1.1687344199999998,-344.3777544200004,True,False,False
2026-03-30,129.83,10.000000000000142,-201.85351600000035,0.9128347300000004,-192.76635073000023,True,False,False
2026-03-31,127.25,262.50000000000034,128.78121600000063,0.16076765000000054,391.12044835000097,True,False,False
2026-04-01,124.09,69.99999999999993,149.74734399999983,0.7063575069999996,219.04098649299976,True,False,False
2026-04-02,137.92,-716.0,-497.9325539999995,2.337164736,-1216.2697187359995,True,False,False
2026-04-06,138.94,-67.49999999999972,-71.29330800000072,0.2635413919999999,-139.05684939200043,True,False,False
2026-04-07,138.08,110.99999999999923,63.372539999998914,0.05369931200000093,174.31884068799815,True,False,False
2026-04-08,124.58,1228.5000000000005,984.3012000000009,1.4802844759999996,2211.320915524001,True,False,False
2026-04-09,126.96,-16.499999999999915,-116.96938399999978,0.8718978000000008,-134.3412817999997,True,False,False
2026-04-10,124.82,135.99999999999991,134.56705200000007,3.924453138000001,266.642598862,False,False,True
