date,spot,option_pnl,hedge_pnl,tcost,total_pnl,in_trade,opened,closed
2020-05-04,19.67,-12.5,0.0,0.0,-12.5,True,True,False
2020-05-05,21.51,-58.50000000000004,0.0,0.0,-58.50000000000004,True,False,False
2020-05-06,20.85,29.000000000000092,-0.0,0.0,29.000000000000092,True,False,False
2020-05-07,20.47,33.49999999999995,-0.0,0.0,33.49999999999995,True,False,False
2020-05-08,21.47,-17.000000000000036,0.0,0.0,-17.000000000000036,True,False,False
2020-05-11,21.17,39.50000000000004,-0.0,0.0,39.50000000000004,True,False,False
2020-05-12,20.97,25.0,-0.0,0.0,25.0,True,False,False
2020-05-13,20.6,37.5,-0.0,0.0,37.5,True,False,False
2020-05-14,21.45,-28.500000000000014,0.0,0.0,-28.500000000000014,True,False,False
2020-05-15,22.39,-55.00000000000003,0.0,0.0,-55.00000000000003,True,False,False
2020-05-18,24.31,-149.49999999999997,0.0,0.0,-149.49999999999997,True,False,False
2020-05-19,24.44,18.00000000000006,0.0,0.0,18.00000000000006,True,False,False
2020-05-20,25.34,-105.00000000000007,0.0,0.0,-105.00000000000007,True,False,False
2020-05-21,26.6,-125.0,0.0,0.0,-125.0,True,False,False
2020-05-22,25.57,115.00000000000003,-0.0,0.0,115.00000000000003,True,False,False
2020-05-26,25.66,-2.000000000000135,0.0,0.0,-2.000000000000135,True,False,False
2020-05-27,25.0,91.50000000000009,-0.0,0.0,91.50000000000009,True,False,False
2020-05-28,25.03,-6.49999999999995,0.0,0.0,-6.49999999999995,True,False,False
2020-05-29,25.88,-104.5,0.0,0.0,-104.5,False,False,True
2020-06-01,26.22,0.0,0.0,0.0,0.0,False,False,False
2020-06-02,27.07,0.0,0.0,0.0,0.0,False,False,False
2020-06-03,27.12,0.0,0.0,0.0,0.0,False,False,False
2020-06-04,27.5,0.0,0.0,0.0,0.0,False,False,False
2020-06-05,28.87,0.0,0.0,0.0,0.0,False,False,False
2020-06-08,28.37,0.0,0.0,0.0,0.0,False,False,False
2020-06-09,28.42,0.0,0.0,0.0,0.0,False,False,False
2020-06-10,28.43,0.0,0.0,0.0,0.0,False,False,False
2020-06-11,26.36,0.0,0.0,0.0,0.0,False,False,False
2020-06-12,26.43,0.0,0.0,0.0,0.0,False,False,False
2020-06-15,26.98,0.0,0.0,0.0,0.0,False,False,False
2020-06-16,27.64,0.0,0.0,0.0,0.0,False,False,False
2020-06-17,27.28,0.0,0.0,0.0,0.0,False,False,False
2020-06-18,27.89,0.0,0.0,0.0,0.0,False,False,False
2020-06-19,28.23,0.0,0.0,0.0,0.0,False,False,False
2020-06-22,28.98,0.0,0.0,0.0,0.0,False,False,False
2020-06-23,28.72,0.0,0.0,0.0,0.0,False,False,False
2020-06-24,27.25,-8.5,0.0,0.0,-8.5,True,True,False
2020-06-25,27.94,-4.999999999999982,0.0,0.0,-4.999999999999982,True,False,False
2020-06-26,27.36,16.999999999999993,-0.0,0.0,16.999999999999993,True,False,False
2020-06-29,28.27,4.499999999999993,0.0,0.0,4.499999999999993,True,False,False
2020-06-30,28.06,22.500000000000007,-0.0,0.0,22.500000000000007,True,False,False
2020-07-01,28.35,16.499999999999957,0.0,0.0,16.499999999999957,True,False,False
2020-07-02,28.75,-0.9999999999999787,0.0,0.0,-0.9999999999999787,True,False,False
2020-07-06,28.96,5.000000000000027,0.0,0.0,5.000000000000027,True,False,False
2020-07-07,28.79,18.999999999999993,-0.0,0.0,18.999999999999993,True,False,False
2020-07-08,29.18,-8.000000000000007,0.0,0.0,-8.000000000000007,True,False,False
2020-07-09,28.41,47.50000000000001,-0.0,0.0,47.50000000000001,True,False,False
2020-07-10,29.03,-29.999999999999982,0.0,0.0,-29.999999999999982,True,False,False
2020-07-13,28.5,44.99999999999997,-0.0,0.0,44.99999999999997,True,False,False
2020-07-14,28.88,-28.000000000000025,0.0,0.0,-28.000000000000025,True,False,False
2020-07-15,29.29,-22.999999999999954,0.0,0.0,-22.999999999999954,True,False,False
2020-07-16,29.16,25.500000000000036,-0.0,0.0,25.500000000000036,True,False,False
2020-07-17,29.1,13.99999999999996,-0.0,0.0,13.99999999999996,False,False,True
2020-07-20,29.12,0.0,0.0,0.0,0.0,False,False,False
2020-07-21,29.72,0.0,0.0,0.0,0.0,False,False,False
2020-07-22,29.75,0.0,0.0,0.0,0.0,False,False,False
2020-07-23,29.41,-6.0,0.0,0.0,-6.0,True,True,False
2020-07-24,29.44,8.999999999999986,0.0,0.0,8.999999999999986,True,False,False
2020-07-27,29.72,13.499999999999979,0.0,0.0,13.499999999999979,True,False,False
2020-07-28,29.35,16.50000000000005,-0.0,0.0,16.50000000000005,True,False,False
2020-07-29,29.57,10.999999999999988,0.0,0.0,10.999999999999988,True,False,False
2020-07-30,28.93,-8.000000000000007,-0.0,0.0,-8.000000000000007,True,False,False
2020-07-31,29.07,10.000000000000009,0.0,0.0,10.000000000000009,True,False,False
2020-08-03,29.34,18.500000000000007,0.0,0.0,18.500000000000007,True,False,False
2020-08-04,29.78,0.49999999999998934,0.0,0.0,0.49999999999998934,True,False,False
2020-08-05,30.23,-2.499999999999991,0.0,0.0,-2.499999999999991,True,False,False
2020-08-06,30.18,7.500000000000018,-0.0,0.0,7.500000000000018,True,False,False
2020-08-07,29.85,20.499999999999986,-0.0,0.0,20.499999999999986,True,False,False
2020-08-10,30.16,12.999999999999968,0.0,0.0,12.999999999999968,True,False,False
2020-08-11,29.82,8.000000000000028,-0.0,0.0,8.000000000000028,True,False,False
2020-08-12,30.56,-16.499999999999982,0.0,0.0,-16.499999999999982,True,False,False
2020-08-13,30.4,11.5,-0.0,0.0,11.5,True,False,False
2020-08-14,30.33,16.499999999999982,-0.0,0.0,16.499999999999982,False,False,True
2020-08-17,30.77,0.0,0.0,0.0,0.0,False,False,False
2020-08-18,30.6,0.0,0.0,0.0,0.0,False,False,False
2020-08-19,30.66,0.0,0.0,0.0,0.0,False,False,False
2020-08-20,30.52,0.0,0.0,0.0,0.0,False,False,False
2020-08-21,30.18,-6.0,0.0,0.0,-6.0,True,True,False
2020-08-24,30.35,6.000000000000005,0.0,0.0,6.000000000000005,True,False,False
2020-08-25,30.92,-14.000000000000012,0.0,0.0,-14.000000000000012,True,False,False
2020-08-26,30.93,-0.49999999999998934,0.0,0.0,-0.49999999999998934,True,False,False
2020-08-27,30.67,17.499999999999982,-0.0,0.0,17.499999999999982,True,False,False
2020-08-28,30.72,14.500000000000025,0.0,0.0,14.500000000000025,True,False,False
2020-08-31,30.58,10.999999999999964,-0.0,0.0,10.999999999999964,True,False,False
2020-09-01,30.61,10.000000000000009,0.0,0.0,10.000000000000009,True,False,False
2020-09-02,29.86,3.0000000000000027,-0.0,0.0,3.0000000000000027,True,False,False
2020-09-03,29.64,-8.499999999999996,-0.0,0.0,-8.499999999999996,True,False,False
2020-09-04,28.51,-43.99999999999999,-0.0,0.0,-43.99999999999999,True,False,False
2020-09-08,26.75,-132.0,-0.0,0.0,-132.0,True,False,False
2020-09-09,27.41,63.000000000000036,0.0,0.0,63.000000000000036,True,False,False
2020-09-10,26.79,-56.49999999999999,-0.0,0.0,-56.49999999999999,True,False,False
2020-09-11,27.04,18.49999999999995,0.0,0.0,18.49999999999995,False,False,True
2020-09-14,26.94,0.0,0.0,0.0,0.0,False,False,False
2020-09-15,27.52,0.0,0.0,0.0,0.0,False,False,False
2020-09-16,28.7,0.0,0.0,0.0,0.0,False,False,False
2020-09-17,29.23,0.0,0.0,0.0,0.0,False,False,False
2020-09-18,29.06,0.0,0.0,0.0,0.0,False,False,False
2020-09-21,28.29,0.0,0.0,0.0,0.0,False,False,False
2020-09-22,28.17,0.0,0.0,0.0,0.0,False,False,False
2020-09-23,28.03,-11.500000000000028,0.0,0.0,-11.500000000000028,True,True,False
2020-09-24,28.5,-1.5000000000000124,0.0,0.0,-1.5000000000000124,True,False,False
2020-09-25,28.35,16.50000000000005,-0.0,0.0,16.50000000000005,True,False,False
2020-09-28,28.69,4.4999999999999485,0.0,0.0,4.4999999999999485,True,False,False
2020-09-29,27.7,1.5000000000000124,-0.0,0.0,1.5000000000000124,True,False,False
2020-09-30,28.29,6.500000000000039,0.0,0.0,6.500000000000039,True,False,False
2020-10-01,27.51,-8.000000000000007,-0.0,0.0,-8.000000000000007,True,False,False
2020-10-02,26.35,-45.000000000000014,-0.0,0.0,-45.000000000000014,True,False,False
2020-10-05,27.93,54.999999999999986,0.0,0.0,54.999999999999986,True,False,False
2020-10-06,28.39,7.000000000000028,0.0,0.0,7.000000000000028,True,False,False
2020-10-07,28.39,14.499999999999979,0.0,0.0,14.499999999999979,True,False,False
2020-10-08,29.14,-10.000000000000032,0.0,0.0,-10.000000000000032,True,False,False
2020-10-09,28.69,27.000000000000046,-0.0,0.0,27.000000000000046,True,False,False
2020-10-12,28.07,19.99999999999997,-0.0,0.0,19.99999999999997,True,False,False
2020-10-13,28.46,-4.499999999999993,0.0,0.0,-4.499999999999993,True,False,False
2020-10-14,28.98,-1.4999999999999902,0.0,0.0,-1.4999999999999902,True,False,False
2020-10-15,28.94,6.499999999999995,-0.0,0.0,6.499999999999995,True,False,False
2020-10-16,28.72,18.00000000000001,-0.0,0.0,18.00000000000001,False,False,True
2020-10-19,28.59,0.0,0.0,0.0,0.0,False,False,False
2020-10-20,29.05,0.0,0.0,0.0,0.0,False,False,False
2020-10-21,28.1,0.0,0.0,0.0,0.0,False,False,False
2020-10-22,28.51,-4.000000000000057,0.0,0.0,-4.000000000000057,True,True,False
2020-10-23,27.88,4.0000000000000036,-0.0,0.0,4.0000000000000036,True,False,False
2020-10-26,27.11,-16.499999999999957,-0.0,0.0,-16.499999999999957,True,False,False
2020-10-27,27.69,23.0,0.0,0.0,23.0,True,False,False
2020-10-28,26.31,-64.00000000000001,-0.0,0.0,-64.00000000000001,True,False,False
2020-10-29,25.6,-42.50000000000003,-0.0,0.0,-42.50000000000003,True,False,False
2020-10-30,25.25,-49.50000000000006,-0.0,0.0,-49.50000000000006,True,False,False
2020-11-02,26.26,83.50000000000009,0.0,0.0,83.50000000000009,True,False,False
2020-11-03,26.72,34.49999999999997,0.0,0.0,34.49999999999997,True,False,False
2020-11-04,27.44,67.0,0.0,0.0,67.0,True,False,False
2020-11-05,27.16,-0.0,-0.0,0.0,-0.0,True,False,False
2020-11-06,26.47,-28.49999999999997,-0.0,0.0,-28.49999999999997,True,False,False
2020-11-09,28.07,68.5,0.0,0.0,68.5,True,False,False
2020-11-10,28.91,5.999999999999983,0.0,0.0,5.999999999999983,True,False,False
2020-11-11,29.04,-2.5000000000000133,0.0,0.0,-2.5000000000000133,True,False,False
2020-11-12,28.66,22.00000000000002,-0.0,0.0,22.00000000000002,True,False,False
2020-11-13,28.13,24.0,-0.0,0.0,24.0,False,False,True
2020-11-16,28.81,0.0,0.0,0.0,0.0,False,False,False
2020-11-17,28.87,0.0,0.0,0.0,0.0,False,False,False
2020-11-18,29.0,0.0,0.0,0.0,0.0,False,False,False
2020-11-19,29.09,0.0,0.0,0.0,0.0,False,False,False
2020-11-20,29.27,0.0,0.0,0.0,0.0,False,False,False
2020-11-23,29.52,0.0,0.0,0.0,0.0,False,False,False
2020-11-24,30.8,0.0,0.0,0.0,0.0,False,False,False
2020-11-25,31.37,0.0,0.0,0.0,0.0,False,False,False
2020-11-27,31.22,0.0,0.0,0.0,0.0,False,False,False
2020-11-30,30.97,0.0,0.0,0.0,0.0,False,False,False
2020-12-01,30.62,-5.499999999999943,0.0,0.0,-5.499999999999943,True,True,False
2020-12-02,30.97,7.499999999999929,0.0,0.0,7.499999999999929,True,False,False
2020-12-03,31.25,22.00000000000002,0.0,0.0,22.00000000000002,True,False,False
2020-12-04,31.56,3.500000000000014,0.0,0.0,3.500000000000014,True,False,False
2020-12-07,31.4,16.999999999999993,-0.0,0.0,16.999999999999993,True,False,False
2020-12-08,31.41,9.50000000000002,0.0,0.0,9.50000000000002,True,False,False
2020-12-09,31.34,2.0000000000000018,-0.0,0.0,2.0000000000000018,True,False,False
2020-12-10,32.11,-38.99999999999997,0.0,0.0,-38.99999999999997,True,False,False
2020-12-11,31.94,12.999999999999945,-0.0,0.0,12.999999999999945,True,False,False
2020-12-14,32.17,-5.499999999999972,0.0,0.0,-5.499999999999972,True,False,False
2020-12-15,32.54,-16.000000000000014,0.0,0.0,-16.000000000000014,True,False,False
2020-12-16,32.74,-6.999999999999984,0.0,0.0,-6.999999999999984,True,False,False
2020-12-17,33.16,-26.500000000000014,0.0,0.0,-26.500000000000014,True,False,False
2020-12-18,33.48,-21.499999999999986,0.0,0.0,-21.499999999999986,True,False,False
2020-12-21,32.64,62.000000000000014,-0.0,0.0,62.000000000000014,True,False,False
2020-12-22,32.09,49.499999999999964,-0.0,0.0,49.499999999999964,True,False,False
2020-12-23,32.75,-52.00000000000004,0.0,0.0,-52.00000000000004,True,False,False
2020-12-24,32.92,1.0000000000000564,0.0,0.0,1.0000000000000564,False,False,True
2020-12-28,32.59,0.0,0.0,0.0,0.0,False,False,False
2020-12-29,32.78,0.0,0.0,0.0,0.0,False,False,False
2020-12-30,32.91,-7.0,0.0,0.0,-7.0,True,True,False
2020-12-31,33.01,-0.49999999999998934,0.0,0.0,-0.49999999999998934,True,False,False
2021-01-04,32.38,-6.00000000000005,-0.0,0.0,-6.00000000000005,True,False,False
2021-01-05,33.94,-11.000000000000032,0.0,0.0,-11.000000000000032,True,False,False
2021-01-06,34.11,3.000000000000025,0.0,0.0,3.000000000000025,True,False,False
2021-01-07,34.53,1.5000000000000124,0.0,0.0,1.5000000000000124,True,False,False
2021-01-08,35.43,-60.5,0.0,0.0,-60.5,True,False,False
2021-01-11,35.26,23.500000000000032,-0.0,0.0,23.500000000000032,True,False,False
2021-01-12,35.9,-47.000000000000064,0.0,0.0,-47.000000000000064,True,False,False
2021-01-13,35.8,12.000000000000055,-0.0,0.0,12.000000000000055,True,False,False
2021-01-14,36.24,-34.50000000000002,0.0,0.0,-34.50000000000002,True,False,False
2021-01-15,35.34,72.50000000000001,-0.0,0.0,72.50000000000001,True,False,False
2021-01-19,35.75,-14.999999999999991,0.0,0.0,-14.999999999999991,True,False,False
2021-01-20,35.79,2.0000000000000018,0.0,0.0,2.0000000000000018,True,False,False
2021-01-21,35.76,2.499999999999991,-0.0,0.0,2.499999999999991,True,False,False
2021-01-22,35.23,49.49999999999999,-0.0,0.0,49.49999999999999,False,False,True
2021-01-25,35.59,0.0,0.0,0.0,0.0,False,False,False
2021-01-26,35.45,0.0,0.0,0.0,0.0,False,False,False
2021-01-27,35.5,0.0,0.0,0.0,0.0,False,False,False
2021-01-28,35.25,-9.499999999999943,0.0,0.0,-9.499999999999943,True,True,False
2021-01-29,35.18,10.499999999999954,-0.0,0.0,10.499999999999954,True,False,False
2021-02-01,36.12,-9.999999999999964,0.0,0.0,-9.999999999999964,True,False,False
2021-02-02,36.82,-25.0,0.0,0.0,-25.0,True,False,False
2021-02-03,37.44,-29.000000000000004,0.0,0.0,-29.000000000000004,True,False,False
2021-02-04,37.81,-14.500000000000002,0.0,0.0,-14.500000000000002,True,False,False
2021-02-05,38.19,-27.99999999999998,0.0,0.0,-27.99999999999998,True,False,False
2021-02-08,38.94,-51.00000000000007,0.0,0.0,-51.00000000000007,True,False,False
2021-02-09,39.17,-21.999999999999975,0.0,0.0,-21.999999999999975,True,False,False
2021-02-10,39.28,-3.000000000000025,0.0,0.0,-3.000000000000025,True,False,False
2021-02-11,38.97,33.999999999999986,-0.0,0.0,33.999999999999986,True,False,False
2021-02-12,39.94,-89.49999999999996,0.0,0.0,-89.49999999999996,True,False,False
2021-02-16,40.45,-49.500000000000014,0.0,0.0,-49.500000000000014,True,False,False
2021-02-17,40.89,-47.499999999999964,0.0,0.0,-47.499999999999964,True,False,False
2021-02-18,40.27,68.99999999999994,-0.0,0.0,68.99999999999994,True,False,False
2021-02-19,39.68,32.00000000000002,-0.0,0.0,32.00000000000002,False,False,True
2021-02-22,41.28,0.0,0.0,0.0,0.0,False,False,False
2021-02-23,41.62,0.0,0.0,0.0,0.0,False,False,False
2021-02-24,42.5,0.0,0.0,0.0,0.0,False,False,False
2021-02-25,42.46,0.0,0.0,0.0,0.0,False,False,False
2021-02-26,41.31,-22.499999999999943,0.0,0.0,-22.499999999999943,True,True,False
2021-03-01,40.6,6.000000000000005,-0.0,0.0,6.000000000000005,True,False,False
2021-03-02,40.07,12.5,-0.0,0.0,12.5,True,False,False
2021-03-03,41.14,22.500000000000007,0.0,0.0,22.500000000000007,True,False,False
2021-03-04,43.07,-20.500000000000007,0.0,0.0,-20.500000000000007,True,False,False
2021-03-05,44.44,-60.5,0.0,0.0,-60.5,True,False,False
2021-03-08,43.5,54.0,-0.0,0.0,54.0,True,False,False
2021-03-09,43.11,32.49999999999997,-0.0,0.0,32.49999999999997,True,False,False
2021-03-10,43.74,-20.499999999999964,0.0,0.0,-20.499999999999964,True,False,False
2021-03-11,44.6,-45.50000000000005,0.0,0.0,-45.50000000000005,True,False,False
2021-03-12,44.35,19.50000000000003,-0.0,0.0,19.50000000000003,True,False,False
2021-03-15,44.26,12.5,-0.0,0.0,12.5,True,False,False
2021-03-16,43.83,31.000000000000007,-0.0,0.0,31.000000000000007,True,False,False
2021-03-17,43.82,17.499999999999982,-0.0,0.0,17.499999999999982,True,False,False
2021-03-18,40.47,25.500000000000036,-0.0,0.0,25.500000000000036,True,False,False
2021-03-19,41.77,55.999999999999986,0.0,0.0,55.999999999999986,False,False,True
2021-03-22,41.71,0.0,0.0,0.0,0.0,False,False,False
2021-03-23,39.37,0.0,0.0,0.0,0.0,False,False,False
2021-03-24,41.45,0.0,0.0,0.0,0.0,False,False,False
2021-03-25,39.89,0.0,0.0,0.0,0.0,False,False,False
2021-03-26,41.53,0.0,0.0,0.0,0.0,False,False,False
2021-03-29,41.92,0.0,0.0,0.0,0.0,False,False,False
2021-03-30,41.17,0.0,0.0,0.0,0.0,False,False,False
2021-03-31,40.53,0.0,0.0,0.0,0.0,False,False,False
2021-04-01,41.84,0.0,0.0,0.0,0.0,False,False,False
2021-04-05,40.28,0.0,0.0,0.0,0.0,False,False,False
2021-04-06,40.7,0.0,0.0,0.0,0.0,False,False,False
2021-04-07,40.86,0.0,0.0,0.0,0.0,False,False,False
2021-04-08,40.82,0.0,0.0,0.0,0.0,False,False,False
2021-04-09,40.64,0.0,0.0,0.0,0.0,False,False,False
2021-04-12,40.9,0.0,0.0,0.0,0.0,False,False,False
2021-04-13,41.4,0.0,0.0,0.0,0.0,False,False,False
2021-04-14,43.04,0.0,0.0,0.0,0.0,False,False,False
2021-04-15,43.27,0.0,0.0,0.0,0.0,False,False,False
2021-04-16,43.18,0.0,0.0,0.0,0.0,False,False,False
2021-04-19,43.32,0.0,0.0,0.0,0.0,False,False,False
2021-04-20,42.74,0.0,0.0,0.0,0.0,False,False,False
2021-04-21,41.77,0.0,0.0,0.0,0.0,False,False,False
2021-04-22,42.09,0.0,0.0,0.0,0.0,False,False,False
2021-04-23,42.46,0.0,0.0,0.0,0.0,False,False,False
2021-04-26,42.33,0.0,0.0,0.0,0.0,False,False,False
2021-04-27,43.11,0.0,0.0,0.0,0.0,False,False,False
2021-04-28,43.53,0.0,0.0,0.0,0.0,False,False,False
2021-04-29,44.26,0.0,0.0,0.0,0.0,False,False,False
2021-04-30,43.27,0.0,0.0,0.0,0.0,False,False,False
2021-05-03,43.98,0.0,0.0,0.0,0.0,False,False,False
2021-05-04,44.87,0.0,0.0,0.0,0.0,False,False,False
2021-05-05,44.66,0.0,0.0,0.0,0.0,False,False,False
2021-05-06,44.41,0.0,0.0,0.0,0.0,False,False,False
2021-05-07,44.43,0.0,0.0,0.0,0.0,False,False,False
2021-05-10,44.48,-14.0,0.0,0.0,-14.0,True,True,False
2021-05-11,44.87,14.999999999999991,0.0,0.0,14.999999999999991,True,False,False
2021-05-12,45.22,-0.0,0.0,0.0,0.0,True,False,False
2021-05-13,43.81,9.00000000000003,-0.0,0.0,9.00000000000003,True,False,False
2021-05-14,44.71,16.500000000000004,0.0,0.0,16.500000000000004,True,False,False
2021-05-17,45.39,-6.000000000000005,0.0,0.0,-6.000000000000005,True,False,False
2021-05-18,44.84,14.500000000000002,-0.0,0.0,14.500000000000002,True,False,False
2021-05-19,43.43,-8.499999999999996,-0.0,0.0,-8.499999999999996,True,False,False
2021-05-20,42.48,-12.99999999999999,-0.0,0.0,-12.99999999999999,True,False,False
2021-05-21,43.7,57.999999999999964,0.0,0.0,57.999999999999964,True,False,False
2021-05-24,45.02,14.000000000000012,0.0,0.0,14.000000000000012,True,False,False
2021-05-25,44.92,6.499999999999995,-0.0,0.0,6.499999999999995,True,False,False
2021-05-26,45.2,12.99999999999999,0.0,0.0,12.99999999999999,True,False,False
2021-05-27,45.55,-0.9999999999999787,0.0,0.0,-0.9999999999999787,True,False,False
2021-05-28,45.42,12.499999999999956,-0.0,0.0,12.499999999999956,True,False,False
2021-06-01,46.33,-25.499999999999943,0.0,0.0,-25.499999999999943,True,False,False
2021-06-02,46.9,-21.50000000000003,0.0,0.0,-21.50000000000003,True,False,False
2021-06-03,46.97,-4.0000000000000036,0.0,0.0,-4.0000000000000036,True,False,False
2021-06-04,47.26,-21.49999999999996,0.0,0.0,-21.49999999999996,False,False,True
2021-06-07,47.27,0.0,0.0,0.0,0.0,False,False,False
2021-06-08,47.88,0.0,0.0,0.0,0.0,False,False,False
2021-06-09,47.58,-9.000000000000057,0.0,0.0,-9.000000000000057,True,True,False
2021-06-10,47.83,2.000000000000046,0.0,0.0,2.000000000000046,True,False,False
2021-06-11,48.07,4.499999999999993,0.0,0.0,4.499999999999993,True,False,False
2021-06-14,48.32,4.999999999999982,0.0,0.0,4.999999999999982,True,False,False
2021-06-15,48.98,-18.49999999999996,0.0,0.0,-18.49999999999996,True,False,False
2021-06-16,48.75,3.4999999999999254,-0.0,0.0,3.4999999999999254,True,False,False
2021-06-17,48.04,11.000000000000076,-0.0,0.0,11.000000000000076,True,False,False
2021-06-18,48.36,13.499999999999979,0.0,0.0,13.499999999999979,True,False,False
2021-06-21,49.36,-31.999999999999986,0.0,0.0,-31.999999999999986,True,False,False
2021-06-22,49.42,5.499999999999972,0.0,0.0,5.499999999999972,True,False,False
2021-06-23,49.72,-6.999999999999984,0.0,0.0,-6.999999999999984,True,False,False
2021-06-24,49.84,7.999999999999963,0.0,0.0,7.999999999999963,True,False,False
2021-06-25,50.25,-15.499999999999936,0.0,0.0,-15.499999999999936,True,False,False
2021-06-28,49.54,53.49999999999993,-0.0,0.0,53.49999999999993,True,False,False
2021-06-29,49.89,-21.999999999999975,0.0,0.0,-21.999999999999975,True,False,False
2021-06-30,49.88,11.000000000000032,-0.0,0.0,11.000000000000032,True,False,False
2021-07-01,50.62,-43.000000000000014,0.0,0.0,-43.000000000000014,True,False,False
2021-07-02,50.93,-50.500000000000014,0.0,0.0,-50.500000000000014,False,False,True
2021-07-06,49.9,0.0,0.0,0.0,0.0,False,False,False
2021-07-07,48.66,0.0,0.0,0.0,0.0,False,False,False
2021-07-08,49.52,-8.0,0.0,0.0,-8.0,True,True,False
2021-07-09,50.41,4.4999999999999485,0.0,0.0,4.4999999999999485,True,False,False
2021-07-12,50.31,19.50000000000003,-0.0,0.0,19.50000000000003,True,False,False
2021-07-13,51.15,-21.50000000000003,0.0,0.0,-21.50000000000003,True,False,False
2021-07-14,49.7,49.000000000000064,-0.0,0.0,49.000000000000064,True,False,False
2021-07-15,49.04,7.999999999999963,-0.0,0.0,7.999999999999963,True,False,False
2021-07-16,49.14,18.500000000000007,0.0,0.0,18.500000000000007,True,False,False
2021-07-19,45.84,-163.49999999999997,-0.0,0.0,-163.49999999999997,True,False,False
2021-07-20,46.51,88.49999999999997,0.0,0.0,88.49999999999997,True,False,False
2021-07-21,48.27,98.50000000000003,0.0,0.0,98.50000000000003,True,False,False
2021-07-22,49.17,28.49999999999997,0.0,0.0,28.49999999999997,True,False,False
2021-07-23,49.47,16.500000000000004,0.0,0.0,16.500000000000004,True,False,False
2021-07-26,49.67,8.999999999999986,0.0,0.0,8.999999999999986,True,False,False
2021-07-27,49.47,16.500000000000004,-0.0,0.0,16.500000000000004,True,False,False
2021-07-28,49.72,14.500000000000002,0.0,0.0,14.500000000000002,True,False,False
2021-07-29,50.64,-10.499999999999998,0.0,0.0,-10.499999999999998,True,False,False
2021-07-30,50.66,1.1546319456101628e-14,0.0,0.0,1.1546319456101628e-14,False,False,True
2021-08-02,49.18,0.0,0.0,0.0,0.0,False,False,False
2021-08-03,48.85,0.0,0.0,0.0,0.0,False,False,False
2021-08-04,47.2,0.0,0.0,0.0,0.0,False,False,False
2021-08-05,48.1,0.0,0.0,0.0,0.0,False,False,False
2021-08-06,47.57,0.0,0.0,0.0,0.0,False,False,False
2021-08-09,46.6,-8.5,0.0,0.0,-8.5,True,True,False
2021-08-10,47.68,3.9999999999999147,0.0,0.0,3.9999999999999147,True,False,False
2021-08-11,48.3,1.0000000000000675,0.0,0.0,1.0000000000000675,True,False,False
2021-08-12,48.1,27.499999999999993,-0.0,0.0,27.499999999999993,True,False,False
2021-08-13,47.43,31.999999999999986,-0.0,0.0,31.999999999999986,True,False,False
2021-08-16,47.04,5.500000000000016,-0.0,0.0,5.500000000000016,True,False,False
2021-08-17,46.58,16.50000000000005,-0.0,0.0,16.50000000000005,True,False,False
2021-08-18,45.4,-2.000000000000046,-0.0,0.0,-2.000000000000046,True,False,False
2021-08-19,44.77,-9.499999999999975,-0.0,0.0,-9.499999999999975,True,False,False
2021-08-20,43.43,-50.99999999999998,-0.0,0.0,-50.99999999999998,True,False,False
2021-08-23,45.85,105.99999999999996,0.0,0.0,105.99999999999996,True,False,False
2021-08-24,47.37,1.499999999999968,0.0,0.0,1.499999999999968,True,False,False
2021-08-25,47.81,6.500000000000039,0.0,0.0,6.500000000000039,True,False,False
2021-08-26,47.48,13.499999999999979,-0.0,0.0,13.499999999999979,True,False,False
2021-08-27,48.15,-16.000000000000014,0.0,0.0,-16.000000000000014,True,False,False
2021-08-30,48.4,11.500000000000021,0.0,0.0,11.500000000000021,True,False,False
2021-08-31,48.04,17.99999999999997,-0.0,0.0,17.99999999999997,True,False,False
2021-09-01,47.93,25.500000000000036,-0.0,0.0,25.500000000000036,True,False,False
2021-09-02,48.95,-50.499999999999986,0.0,0.0,-50.499999999999986,True,False,False
2021-09-03,48.66,22.5,-0.0,0.0,22.5,False,False,True
2021-09-07,48.04,0.0,0.0,0.0,0.0,False,False,False
2021-09-08,48.59,0.0,0.0,0.0,0.0,False,False,False
2021-09-09,47.75,0.0,0.0,0.0,0.0,False,False,False
2021-09-10,48.8,0.0,0.0,0.0,0.0,False,False,False
2021-09-13,49.48,0.0,0.0,0.0,0.0,False,False,False
2021-09-14,49.31,0.0,0.0,0.0,0.0,False,False,False
2021-09-15,50.69,0.0,0.0,0.0,0.0,False,False,False
2021-09-16,50.7,0.0,0.0,0.0,0.0,False,False,False
2021-09-17,50.32,0.0,0.0,0.0,0.0,False,False,False
2021-09-20,49.6,-9.999999999999943,0.0,0.0,-9.999999999999943,True,True,False
2021-09-21,49.58,16.500000000000004,-0.0,0.0,16.500000000000004,True,False,False
2021-09-22,50.48,2.5000000000000355,0.0,0.0,2.5000000000000355,True,False,False
2021-09-23,51.38,-27.0,0.0,0.0,-27.0,True,False,False
2021-09-24,51.82,-11.000000000000076,0.0,0.0,-11.000000000000076,True,False,False
2021-09-27,52.91,-60.49999999999996,0.0,0.0,-60.49999999999996,True,False,False
2021-09-28,52.4,21.499999999999986,-0.0,0.0,21.499999999999986,True,False,False
2021-09-29,52.32,0.49999999999998934,-0.0,0.0,0.49999999999998934,True,False,False
2021-09-30,52.56,-22.999999999999954,0.0,0.0,-22.999999999999954,True,False,False
2021-10-01,53.26,-9.500000000000064,0.0,0.0,-9.500000000000064,True,False,False
2021-10-04,54.49,-92.49999999999999,0.0,0.0,-92.49999999999999,True,False,False
2021-10-05,55.63,-88.49999999999997,0.0,0.0,-88.49999999999997,True,False,False
2021-10-06,54.16,131.49999999999994,-0.0,0.0,131.49999999999994,True,False,False
2021-10-07,55.36,-97.99999999999996,0.0,0.0,-97.99999999999996,True,False,False
2021-10-08,55.47,-14.499999999999957,0.0,0.0,-14.499999999999957,True,False,False
2021-10-11,56.18,-53.500000000000014,0.0,0.0,-53.500000000000014,True,False,False
2021-10-12,56.11,10.500000000000043,-0.0,0.0,10.500000000000043,True,False,False
2021-10-13,56.16,-5.000000000000071,0.0,0.0,-5.000000000000071,True,False,False
2021-10-14,56.81,-64.00000000000006,0.0,0.0,-64.00000000000006,True,False,False
2021-10-15,57.15,-68.99999999999996,0.0,0.0,-68.99999999999996,False,False,True
2021-10-18,56.96,0.0,0.0,0.0,0.0,False,False,False
2021-10-19,57.42,-4.999999999999943,0.0,0.0,-4.999999999999943,True,True,False
2021-10-20,58.12,-3.000000000000025,0.0,0.0,-3.000000000000025,True,False,False
2021-10-21,57.41,1.5000000000000568,-0.0,0.0,1.5000000000000568,True,False,False
2021-10-22,58.03,0.9999999999999787,0.0,0.0,0.9999999999999787,True,False,False
2021-10-25,57.83,17.499999999999936,-0.0,0.0,17.499999999999936,True,False,False
2021-10-26,58.45,10.499999999999998,0.0,0.0,10.499999999999998,True,False,False
2021-10-27,56.9,6.00000000000005,-0.0,0.0,6.00000000000005,True,False,False
2021-10-28,57.4,13.999999999999968,0.0,0.0,13.999999999999968,True,False,False
2021-10-29,57.15,4.999999999999982,-0.0,0.0,4.999999999999982,True,False,False
2021-11-01,57.53,23.000000000000043,0.0,0.0,23.000000000000043,True,False,False
2021-11-02,57.53,17.99999999999997,0.0,0.0,17.99999999999997,True,False,False
2021-11-03,55.34,-49.00000000000002,-0.0,0.0,-49.00000000000002,True,False,False
2021-11-04,54.92,4.499999999999993,-0.0,0.0,4.499999999999993,True,False,False
2021-11-05,56.55,52.500000000000036,0.0,0.0,52.500000000000036,True,False,False
2021-11-08,57.09,34.50000000000002,0.0,0.0,34.50000000000002,True,False,False
2021-11-09,57.97,7.999999999999963,0.0,0.0,7.999999999999963,True,False,False
2021-11-10,56.32,19.00000000000004,-0.0,0.0,19.00000000000004,True,False,False
2021-11-11,56.22,15.49999999999998,-0.0,0.0,15.49999999999998,True,False,False
2021-11-12,55.98,4.5000000000000036,-0.0,0.0,4.5000000000000036,False,False,True
2021-11-15,56.07,0.0,0.0,0.0,0.0,False,False,False
2021-11-16,56.2,0.0,0.0,0.0,0.0,False,False,False
2021-11-17,55.0,-7.500000000000057,0.0,0.0,-7.500000000000057,True,True,False
2021-11-18,55.55,7.500000000000018,0.0,0.0,7.500000000000018,True,False,False
2021-11-19,53.78,-20.500000000000007,-0.0,0.0,-20.500000000000007,True,False,False
2021-11-22,54.45,30.50000000000006,0.0,0.0,30.50000000000006,True,False,False
2021-11-23,56.2,-9.000000000000075,0.0,0.0,-9.000000000000075,True,False,False
2021-11-24,55.88,21.500000000000075,-0.0,0.0,21.500000000000075,True,False,False
2021-11-26,49.63,-298.5000000000001,-0.0,0.0,-298.5000000000001,True,False,False
2021-11-29,50.17,80.50000000000014,0.0,0.0,80.50000000000014,True,False,False
2021-11-30,47.91,-120.00000000000001,-0.0,0.0,-120.00000000000001,True,False,False
2021-12-01,47.04,-93.00000000000006,-0.0,0.0,-93.00000000000006,True,False,False
2021-12-02,48.29,120.00000000000011,0.0,0.0,120.00000000000011,True,False,False
2021-12-03,48.0,-45.000000000000014,-0.0,0.0,-45.000000000000014,True,False,False
2021-12-06,50.51,234.4999999999999,0.0,0.0,234.4999999999999,True,False,False
2021-12-07,51.59,114.50000000000004,0.0,0.0,114.50000000000004,True,False,False
2021-12-08,52.42,66.5,0.0,0.0,66.5,True,False,False
2021-12-09,51.02,-103.00000000000003,-0.0,0.0,-103.00000000000003,True,False,False
2021-12-10,52.03,84.00000000000001,0.0,0.0,84.00000000000001,False,False,True
2021-12-13,51.44,0.0,0.0,0.0,0.0,False,False,False
2021-12-14,50.92,0.0,0.0,0.0,0.0,False,False,False
2021-12-15,51.62,0.0,0.0,0.0,0.0,False,False,False
2021-12-16,51.87,0.0,0.0,0.0,0.0,False,False,False
2021-12-17,50.78,0.0,0.0,0.0,0.0,False,False,False
2021-12-20,49.9,0.0,0.0,0.0,0.0,False,False,False
2021-12-21,51.57,0.0,0.0,0.0,0.0,False,False,False
2021-12-22,52.48,0.0,0.0,0.0,0.0,False,False,False
2021-12-23,53.13,0.0,0.0,0.0,0.0,False,False,False
2021-12-27,54.52,0.0,0.0,0.0,0.0,False,False,False
2021-12-28,54.67,0.0,0.0,0.0,0.0,False,False,False
2021-12-29,55.08,0.0,0.0,0.0,0.0,False,False,False
2021-12-30,55.1,0.0,0.0,0.0,0.0,False,False,False
2021-12-31,54.36,0.0,0.0,0.0,0.0,False,False,False
2022-01-03,54.83,0.0,0.0,0.0,0.0,False,False,False
2022-01-04,55.59,0.0,0.0,0.0,0.0,False,False,False
2022-01-05,55.43,0.0,0.0,0.0,0.0,False,False,False
2022-01-06,56.89,0.0,0.0,0.0,0.0,False,False,False
2022-01-07,56.67,0.0,0.0,0.0,0.0,False,False,False
2022-01-10,56.16,0.0,0.0,0.0,0.0,False,False,False
2022-01-11,58.16,0.0,0.0,0.0,0.0,False,False,False
2022-01-12,58.91,0.0,0.0,0.0,0.0,False,False,False
2022-01-13,58.27,0.0,0.0,0.0,0.0,False,False,False
2022-01-14,59.97,-59.5,0.0,0.0,-59.5,True,True,False
2022-01-18,60.97,43.49999999999996,0.0,0.0,43.49999999999996,True,False,False
2022-01-19,61.05,15.000000000000036,0.0,0.0,15.000000000000036,True,False,False
2022-01-20,60.66,20.999999999999908,-0.0,0.0,20.999999999999908,True,False,False
2022-01-21,60.78,5.500000000000149,0.0,0.0,5.500000000000149,True,False,False
2022-01-24,60.11,-3.0000000000001137,-0.0,0.0,-3.0000000000001137,True,False,False
2022-01-25,60.97,-4.499999999999993,0.0,0.0,-4.499999999999993,True,False,False
2022-01-26,61.68,-1.499999999999968,0.0,0.0,-1.499999999999968,True,False,False
2022-01-27,61.86,7.500000000000018,0.0,0.0,7.500000000000018,True,False,False
2022-01-28,61.97,2.5000000000000355,0.0,0.0,2.5000000000000355,True,False,False
2022-01-31,62.48,32.49999999999993,0.0,0.0,32.49999999999993,True,False,False
2022-02-01,62.53,22.500000000000053,0.0,0.0,22.500000000000053,True,False,False
2022-02-02,62.52,2.9999999999999805,-0.0,0.0,2.9999999999999805,True,False,False
2022-02-03,63.51,-72.50000000000001,0.0,0.0,-72.50000000000001,True,False,False
2022-02-04,64.91,-109.99999999999999,0.0,0.0,-109.99999999999999,False,False,True
2022-02-07,64.68,0.0,0.0,0.0,0.0,False,False,False
2022-02-08,63.62,0.0,0.0,0.0,0.0,False,False,False
2022-02-09,64.17,0.0,0.0,0.0,0.0,False,False,False
2022-02-10,63.96,0.0,0.0,0.0,0.0,False,False,False
2022-02-11,65.74,0.0,0.0,0.0,0.0,False,False,False
2022-02-14,66.36,-17.5,0.0,0.0,-17.5,True,True,False
2022-02-15,64.28,-0.0,-0.0,0.0,-0.0,True,False,False
2022-02-16,63.54,-3.9999999999999147,-0.0,0.0,-3.9999999999999147,True,False,False
2022-02-17,64.17,-40.50000000000003,0.0,0.0,-40.50000000000003,True,False,False
2022-02-18,64.74,28.499999999999925,0.0,0.0,28.499999999999925,True,False,False
2022-02-22,65.54,50.50000000000008,0.0,0.0,50.50000000000008,True,False,False
2022-02-23,66.24,5.499999999999972,0.0,0.0,5.499999999999972,True,False,False
2022-02-24,66.34,28.500000000000014,0.0,0.0,28.500000000000014,True,False,False
2022-02-25,65.8,19.50000000000003,-0.0,0.0,19.50000000000003,True,False,False
2022-02-28,67.48,-11.00000000000012,0.0,0.0,-11.00000000000012,True,False,False
2022-03-01,71.82,-217.9999999999998,0.0,0.0,-217.9999999999998,True,False,False
2022-03-02,75.42,-304.50000000000017,0.0,0.0,-304.50000000000017,True,False,False
2022-03-03,74.53,83.99999999999999,-0.0,0.0,83.99999999999999,True,False,False
2022-03-04,79.46,-456.49999999999994,0.0,0.0,-456.49999999999994,True,False,False
2022-03-07,82.37,-200.99999999999997,0.0,0.0,-200.99999999999997,True,False,False
2022-03-08,85.43,-225.0,0.0,0.0,-225.0,True,False,False
2022-03-09,75.47,833.0,-0.0,0.0,833.0,True,False,False
2022-03-10,74.06,166.49999999999991,-0.0,0.0,166.49999999999991,True,False,False
2022-03-11,76.4,-188.0,0.0,0.0,-188.0,False,False,True
2022-03-14,72.84,0.0,0.0,0.0,0.0,False,False,False
2022-03-15,68.63,0.0,0.0,0.0,0.0,False,False,False
2022-03-16,68.28,0.0,0.0,0.0,0.0,False,False,False
2022-03-17,73.68,0.0,0.0,0.0,0.0,False,False,False
2022-03-18,74.64,0.0,0.0,0.0,0.0,False,False,False
2022-03-21,79.54,0.0,0.0,0.0,0.0,False,False,False
2022-03-22,78.56,0.0,0.0,0.0,0.0,False,False,False
2022-03-23,81.95,0.0,0.0,0.0,0.0,False,False,False
2022-03-24,79.75,0.0,0.0,0.0,0.0,False,False,False
2022-03-25,80.74,0.0,0.0,0.0,0.0,False,False,False
2022-03-28,74.53,0.0,0.0,0.0,0.0,False,False,False
2022-03-29,76.15,0.0,0.0,0.0,0.0,False,False,False
2022-03-30,77.91,0.0,0.0,0.0,0.0,False,False,False
2022-03-31,74.12,0.0,0.0,0.0,0.0,False,False,False
2022-04-01,74.17,0.0,0.0,0.0,0.0,False,False,False
2022-04-04,76.86,0.0,0.0,0.0,0.0,False,False,False
2022-04-05,74.8,0.0,0.0,0.0,0.0,False,False,False
2022-04-06,73.05,0.0,0.0,0.0,0.0,False,False,False
2022-04-07,73.11,0.0,0.0,0.0,0.0,False,False,False
2022-04-08,74.11,0.0,0.0,0.0,0.0,False,False,False
2022-04-11,72.3,0.0,0.0,0.0,0.0,False,False,False
2022-04-12,75.98,0.0,0.0,0.0,0.0,False,False,False
2022-04-13,78.42,0.0,0.0,0.0,0.0,False,False,False
2022-04-14,79.57,0.0,0.0,0.0,0.0,False,False,False
2022-04-18,80.41,0.0,0.0,0.0,0.0,False,False,False
2022-04-19,76.86,0.0,0.0,0.0,0.0,False,False,False
2022-04-20,77.24,0.0,0.0,0.0,0.0,False,False,False
2022-04-21,78.12,0.0,0.0,0.0,0.0,False,False,False
2022-04-22,76.31,0.0,0.0,0.0,0.0,False,False,False
2022-04-25,74.65,0.0,0.0,0.0,0.0,False,False,False
2022-04-26,76.46,0.0,0.0,0.0,0.0,False,False,False
2022-04-27,76.37,0.0,0.0,0.0,0.0,False,False,False
2022-04-28,78.08,0.0,0.0,0.0,0.0,False,False,False
2022-04-29,77.16,0.0,0.0,0.0,0.0,False,False,False
2022-05-02,78.38,0.0,0.0,0.0,0.0,False,False,False
2022-05-03,76.69,0.0,0.0,0.0,0.0,False,False,False
2022-05-04,80.22,0.0,0.0,0.0,0.0,False,False,False
2022-05-05,80.48,0.0,0.0,0.0,0.0,False,False,False
2022-05-06,82.13,-44.999999999999886,0.0,0.0,-44.999999999999886,True,True,False
2022-05-09,76.57,-74.5000000000001,-0.0,0.0,-74.5000000000001,True,False,False
2022-05-10,74.53,-29.999999999999893,-0.0,0.0,-29.999999999999893,True,False,False
2022-05-11,78.18,174.99999999999983,0.0,0.0,174.99999999999983,True,False,False
2022-05-12,79.23,44.500000000000206,0.0,0.0,44.500000000000206,True,False,False
2022-05-13,81.28,64.99999999999986,0.0,0.0,64.99999999999986,True,False,False
2022-05-16,83.11,45.000000000000014,0.0,0.0,45.000000000000014,True,False,False
2022-05-17,81.11,50.99999999999998,-0.0,0.0,50.99999999999998,True,False,False
2022-05-18,79.29,-30.99999999999996,-0.0,0.0,-30.99999999999996,True,False,False
2022-05-19,80.58,73.00000000000004,0.0,0.0,73.00000000000004,True,False,False
2022-05-20,81.65,44.50000000000003,0.0,0.0,44.50000000000003,True,False,False
2022-05-23,81.97,74.99999999999991,0.0,0.0,74.99999999999991,True,False,False
2022-05-24,82.0,52.00000000000004,0.0,0.0,52.00000000000004,True,False,False
2022-05-25,82.48,29.000000000000004,0.0,0.0,29.000000000000004,True,False,False
2022-05-26,84.59,-48.50000000000003,0.0,0.0,-48.50000000000003,True,False,False
2022-05-27,85.46,-26.99999999999998,0.0,0.0,-26.99999999999998,False,False,True
2022-05-31,85.47,0.0,0.0,0.0,0.0,False,False,False
2022-06-01,85.54,0.0,0.0,0.0,0.0,False,False,False
2022-06-02,87.25,0.0,0.0,0.0,0.0,False,False,False
2022-06-03,89.47,0.0,0.0,0.0,0.0,False,False,False
2022-06-06,88.39,-22.500000000000114,0.0,0.0,-22.500000000000114,True,True,False
2022-06-07,90.04,30.00000000000007,0.0,0.0,30.00000000000007,True,False,False
2022-06-08,91.99,11.00000000000012,0.0,0.0,11.00000000000012,True,False,False
2022-06-09,91.08,36.99999999999992,-0.0,0.0,36.99999999999992,True,False,False
2022-06-10,90.13,42.00000000000017,-0.0,0.0,42.00000000000017,True,False,False
2022-06-13,90.36,4.999999999999893,0.0,0.0,4.999999999999893,True,False,False
2022-06-14,88.45,24.99999999999991,-0.0,0.0,24.99999999999991,True,False,False
2022-06-15,86.93,45.000000000000014,-0.0,0.0,45.000000000000014,True,False,False
2022-06-16,87.66,22.499999999999964,0.0,0.0,22.499999999999964,True,False,False
2022-06-17,83.34,-114.00000000000006,-0.0,0.0,-114.00000000000006,True,False,False
2022-06-21,84.05,141.0000000000002,0.0,0.0,141.0000000000002,True,False,False
2022-06-22,80.88,-173.5000000000001,-0.0,0.0,-173.5000000000001,True,False,False
2022-06-23,78.98,-101.99999999999996,-0.0,0.0,-101.99999999999996,True,False,False
2022-06-24,81.27,154.0,0.0,0.0,154.0,True,False,False
2022-06-27,82.93,156.50000000000003,0.0,0.0,156.50000000000003,True,False,False
2022-06-28,84.72,111.49999999999993,0.0,0.0,111.49999999999993,True,False,False
2022-06-29,82.95,-81.99999999999994,-0.0,0.0,-81.99999999999994,True,False,False
2022-06-30,80.35,-196.00000000000009,-0.0,0.0,-196.00000000000009,True,False,False
2022-07-01,81.67,127.5000000000001,0.0,0.0,127.5000000000001,False,False,True
2022-07-05,74.78,0.0,0.0,0.0,0.0,False,False,False
2022-07-06,73.67,0.0,0.0,0.0,0.0,False,False,False
2022-07-07,76.55,0.0,0.0,0.0,0.0,False,False,False
2022-07-08,78.54,0.0,0.0,0.0,0.0,False,False,False
2022-07-11,78.23,0.0,0.0,0.0,0.0,False,False,False
2022-07-12,72.81,0.0,0.0,0.0,0.0,False,False,False
2022-07-13,73.19,0.0,0.0,0.0,0.0,False,False,False
2022-07-14,72.85,0.0,0.0,0.0,0.0,False,False,False
2022-07-15,73.74,0.0,0.0,0.0,0.0,False,False,False
2022-07-18,76.81,0.0,0.0,0.0,0.0,False,False,False
2022-07-19,78.05,0.0,0.0,0.0,0.0,False,False,False
2022-07-20,77.64,0.0,0.0,0.0,0.0,False,False,False
2022-07-21,75.49,0.0,0.0,0.0,0.0,False,False,False
2022-07-22,74.53,0.0,0.0,0.0,0.0,False,False,False
2022-07-25,76.22,0.0,0.0,0.0,0.0,False,False,False
2022-07-26,75.16,0.0,0.0,0.0,0.0,False,False,False
2022-07-27,77.87,0.0,0.0,0.0,0.0,False,False,False
2022-07-28,77.13,0.0,0.0,0.0,0.0,False,False,False
2022-07-29,78.05,0.0,0.0,0.0,0.0,False,False,False
2022-08-01,75.13,0.0,0.0,0.0,0.0,False,False,False
2022-08-02,75.93,0.0,0.0,0.0,0.0,False,False,False
2022-08-03,73.53,0.0,0.0,0.0,0.0,False,False,False
2022-08-04,71.53,0.0,0.0,0.0,0.0,False,False,False
2022-08-05,71.54,0.0,0.0,0.0,0.0,False,False,False
2022-08-08,73.54,0.0,0.0,0.0,0.0,False,False,False
2022-08-09,73.45,0.0,0.0,0.0,0.0,False,False,False
2022-08-10,74.32,0.0,0.0,0.0,0.0,False,False,False
2022-08-11,76.28,0.0,0.0,0.0,0.0,False,False,False
2022-08-12,74.98,0.0,0.0,0.0,0.0,False,False,False
2022-08-15,72.88,0.0,0.0,0.0,0.0,False,False,False
2022-08-16,71.24,-15.000000000000114,0.0,0.0,-15.000000000000114,True,True,False
2022-08-17,72.05,-9.999999999999964,0.0,0.0,-9.999999999999964,True,False,False
2022-08-18,74.21,-11.500000000000021,0.0,0.0,-11.500000000000021,True,False,False
2022-08-19,74.06,-16.499999999999915,-0.0,0.0,-16.499999999999915,True,False,False
2022-08-22,74.68,2.5000000000000355,0.0,0.0,2.5000000000000355,True,False,False
2022-08-23,76.83,-71.00000000000009,0.0,0.0,-71.00000000000009,True,False,False
2022-08-24,78.04,-62.5,0.0,0.0,-62.5,True,False,False
2022-08-25,76.5,104.0,-0.0,0.0,104.0,True,False,False
2022-08-26,75.85,47.000000000000064,-0.0,0.0,47.000000000000064,True,False,False
2022-08-29,78.69,-162.50000000000009,0.0,0.0,-162.50000000000009,True,False,False
2022-08-30,75.47,206.49999999999994,-0.0,0.0,206.49999999999994,True,False,False
2022-08-31,73.11,100.00000000000009,-0.0,0.0,100.00000000000009,True,False,False
2022-09-01,70.95,33.999999999999986,-0.0,0.0,33.999999999999986,True,False,False
2022-09-02,71.43,-1.499999999999968,0.0,0.0,-1.499999999999968,True,False,False
2022-09-06,71.42,101.50000000000006,-0.0,0.0,101.50000000000006,True,False,False
2022-09-07,67.62,-35.50000000000013,-0.0,0.0,-35.50000000000013,True,False,False
2022-09-08,68.09,51.50000000000006,0.0,0.0,51.50000000000006,True,False,False
2022-09-09,71.1,84.0,0.0,0.0,84.0,False,False,True
2022-09-12,72.37,0.0,0.0,0.0,0.0,False,False,False
2022-09-13,72.01,0.0,0.0,0.0,0.0,False,False,False
2022-09-14,72.73,-27.5,0.0,0.0,-27.5,True,True,False
2022-09-15,69.76,-8.499999999999908,-0.0,0.0,-8.499999999999908,True,False,False
2022-09-16,69.9,50.999999999999886,0.0,0.0,50.999999999999886,True,False,False
2022-09-19,70.05,37.50000000000018,0.0,0.0,37.50000000000018,True,False,False
2022-09-20,69.22,-13.500000000000068,-0.0,0.0,-13.500000000000068,True,False,False
2022-09-21,68.68,-22.500000000000053,-0.0,0.0,-22.500000000000053,True,False,False
2022-09-22,68.97,38.49999999999998,0.0,0.0,38.49999999999998,True,False,False
2022-09-23,65.32,-192.0,-0.0,0.0,-192.0,True,False,False
2022-09-26,63.2,-144.50000000000003,-0.0,0.0,-144.50000000000003,True,False,False
2022-09-27,64.42,98.49999999999994,0.0,0.0,98.49999999999994,True,False,False
2022-09-28,67.13,179.00000000000009,0.0,0.0,179.00000000000009,True,False,False
2022-09-29,66.77,8.881784197001252e-14,-0.0,0.0,8.881784197001252e-14,True,False,False
2022-09-30,65.28,-88.50000000000007,-0.0,0.0,-88.50000000000007,True,False,False
2022-10-03,67.89,191.49999999999991,0.0,0.0,191.49999999999991,True,False,False
2022-10-04,70.28,115.00000000000003,0.0,0.0,115.00000000000003,True,False,False
2022-10-05,71.94,75.50000000000009,0.0,0.0,75.50000000000009,True,False,False
2022-10-06,72.99,60.99999999999994,0.0,0.0,60.99999999999994,True,False,False
2022-10-07,75.1,-63.5,0.0,0.0,-63.5,False,False,True
2022-10-10,73.78,0.0,0.0,0.0,0.0,False,False,False
2022-10-11,71.75,0.0,0.0,0.0,0.0,False,False,False
2022-10-12,70.93,0.0,0.0,0.0,0.0,False,False,False
2022-10-13,72.52,-35.0,0.0,0.0,-35.0,True,True,False
2022-10-14,70.17,-1.4999999999998792,-0.0,0.0,-1.4999999999998792,True,False,False
2022-10-17,70.13,34.99999999999987,-0.0,0.0,34.99999999999987,True,False,False
2022-10-18,68.7,7.500000000000018,-0.0,0.0,7.500000000000018,True,False,False
2022-10-19,70.04,58.999999999999986,0.0,0.0,58.999999999999986,True,False,False
2022-10-20,70.18,25.00000000000009,0.0,0.0,25.00000000000009,True,False,False
2022-10-21,70.57,34.99999999999987,0.0,0.0,34.99999999999987,True,False,False
2022-10-24,70.38,27.500000000000124,-0.0,0.0,27.500000000000124,True,False,False
2022-10-25,70.61,26.999999999999957,0.0,0.0,26.999999999999957,True,False,False
2022-10-26,72.97,-11.000000000000032,0.0,0.0,-11.000000000000032,True,False,False
2022-10-27,73.62,30.49999999999997,0.0,0.0,30.49999999999997,True,False,False
2022-10-28,72.82,44.00000000000004,-0.0,0.0,44.00000000000004,True,False,False
2022-10-31,71.53,43.49999999999996,-0.0,0.0,43.49999999999996,True,False,False
2022-11-01,73.12,16.000000000000014,0.0,0.0,16.000000000000014,True,False,False
2022-11-02,74.08,4.500000000000082,0.0,0.0,4.500000000000082,True,False,False
2022-11-03,73.29,46.499999999999986,-0.0,0.0,46.499999999999986,True,False,False
2022-11-04,76.82,-172.5,0.0,0.0,-172.5,False,False,True
2022-11-07,76.56,0.0,0.0,0.0,0.0,False,False,False
2022-11-08,74.47,0.0,0.0,0.0,0.0,False,False,False
2022-11-09,71.67,0.0,0.0,0.0,0.0,False,False,False
2022-11-10,72.24,0.0,0.0,0.0,0.0,False,False,False
2022-11-11,74.38,0.0,0.0,0.0,0.0,False,False,False
2022-11-14,71.91,-10.0,0.0,0.0,-10.0,True,True,False
2022-11-15,73.25,-27.500000000000036,0.0,0.0,-27.500000000000036,True,False,False
2022-11-16,72.04,47.499999999999964,-0.0,0.0,47.499999999999964,True,False,False
2022-11-17,70.14,9.500000000000064,-0.0,0.0,9.500000000000064,True,False,False
2022-11-18,69.03,-4.499999999999993,-0.0,0.0,-4.499999999999993,True,False,False
2022-11-21,69.03,27.500000000000036,0.0,0.0,27.500000000000036,True,False,False
2022-11-22,69.98,24.499999999999922,0.0,0.0,24.499999999999922,True,False,False
2022-11-23,67.41,-102.50000000000003,-0.0,0.0,-102.50000000000003,True,False,False
2022-11-25,66.96,48.00000000000004,-0.0,0.0,48.00000000000004,True,False,False
2022-11-28,66.88,-2.5000000000000355,-0.0,0.0,-2.5000000000000355,True,False,False
2022-11-29,68.34,78.50000000000001,0.0,0.0,78.50000000000001,True,False,False
2022-11-30,70.23,96.0,0.0,0.0,96.0,True,False,False
2022-12-01,70.45,34.49999999999997,0.0,0.0,34.49999999999997,True,False,False
2022-12-02,69.84,2.5000000000000355,-0.0,0.0,2.5000000000000355,True,False,False
2022-12-05,67.72,-55.99999999999996,-0.0,0.0,-55.99999999999996,True,False,False
2022-12-06,65.23,-161.00000000000003,-0.0,0.0,-161.00000000000003,True,False,False
2022-12-07,63.65,-147.50000000000014,-0.0,0.0,-147.50000000000014,True,False,False
2022-12-08,62.71,-87.49999999999983,-0.0,0.0,-87.49999999999983,True,False,False
2022-12-09,62.85,27.500000000000014,0.0,0.0,27.500000000000014,False,False,True
2022-12-12,64.41,0.0,0.0,0.0,0.0,False,False,False
2022-12-13,65.86,-22.500000000000114,0.0,0.0,-22.500000000000114,True,True,False
2022-12-14,67.36,15.499999999999936,0.0,0.0,15.499999999999936,True,False,False
2022-12-15,66.15,35.50000000000004,-0.0,0.0,35.50000000000004,True,False,False
2022-12-16,64.9,17.499999999999982,-0.0,0.0,17.499999999999982,True,False,False
2022-12-19,66.07,17.99999999999997,0.0,0.0,17.99999999999997,True,False,False
2022-12-20,66.22,25.99999999999998,0.0,0.0,25.99999999999998,True,False,False
2022-12-21,68.06,-11.999999999999922,0.0,0.0,-11.999999999999922,True,False,False
2022-12-22,67.7,17.499999999999982,-0.0,0.0,17.499999999999982,True,False,False
2022-12-23,69.32,-43.99999999999986,0.0,0.0,-43.99999999999986,True,False,False
2022-12-27,69.53,4.499999999999815,0.0,0.0,4.499999999999815,True,False,False
2022-12-28,68.58,53.500000000000014,-0.0,0.0,53.500000000000014,True,False,False
2022-12-29,68.53,46.50000000000007,-0.0,0.0,46.50000000000007,True,False,False
2022-12-30,70.11,-68.50000000000006,0.0,0.0,-68.50000000000006,True,False,False
2023-01-03,67.64,136.00000000000003,-0.0,0.0,136.00000000000003,True,False,False
2023-01-04,64.3,20.500000000000007,-0.0,0.0,20.500000000000007,True,False,False
2023-01-05,64.78,53.99999999999996,0.0,0.0,53.99999999999996,True,False,False
2023-01-06,64.83,31.00000000000003,0.0,0.0,31.00000000000003,False,False,True
2023-01-09,65.88,0.0,0.0,0.0,0.0,False,False,False
2023-01-10,65.9,0.0,0.0,0.0,0.0,False,False,False
2023-01-11,68.05,-14.5,0.0,0.0,-14.5,True,True,False
2023-01-12,68.61,41.000000000000014,0.0,0.0,41.000000000000014,True,False,False
2023-01-13,70.05,-14.500000000000046,0.0,0.0,-14.500000000000046,True,False,False
2023-01-17,70.86,-6.99999999999994,0.0,0.0,-6.99999999999994,True,False,False
2023-01-18,69.51,61.49999999999993,-0.0,0.0,61.49999999999993,True,False,False
2023-01-19,70.59,-22.999999999999954,0.0,0.0,-22.999999999999954,True,False,False
2023-01-20,71.55,-9.999999999999964,0.0,0.0,-9.999999999999964,True,False,False
2023-01-23,71.5,29.499999999999993,-0.0,0.0,29.499999999999993,True,False,False
2023-01-24,70.22,62.5,-0.0,0.0,62.5,True,False,False
2023-01-25,70.51,8.999999999999897,0.0,0.0,8.999999999999897,True,False,False
2023-01-26,70.93,-3.000000000000025,0.0,0.0,-3.000000000000025,True,False,False
2023-01-27,69.5,68.00000000000006,-0.0,0.0,68.00000000000006,True,False,False
2023-01-30,68.1,30.49999999999997,-0.0,0.0,30.49999999999997,True,False,False
2023-01-31,69.32,25.49999999999999,0.0,0.0,25.49999999999999,True,False,False
2023-02-01,67.36,53.00000000000003,-0.0,0.0,53.00000000000003,True,False,False
2023-02-02,66.57,4.499999999999993,-0.0,0.0,4.499999999999993,True,False,False
2023-02-03,64.4,-109.0,-0.0,0.0,-109.0,False,False,True
2023-02-06,65.5,0.0,0.0,0.0,0.0,False,False,False
2023-02-07,67.76,0.0,0.0,0.0,0.0,False,False,False
2023-02-08,68.68,0.0,0.0,0.0,0.0,False,False,False
2023-02-09,67.92,0.0,0.0,0.0,0.0,False,False,False
2023-02-10,69.87,0.0,0.0,0.0,0.0,False,False,False
2023-02-13,69.5,-8.5,0.0,0.0,-8.5,True,True,False
2023-02-14,69.4,24.499999999999922,-0.0,0.0,24.499999999999922,True,False,False
2023-02-15,69.02,26.500000000000057,-0.0,0.0,26.500000000000057,True,False,False
2023-02-16,68.45,18.50000000000005,-0.0,0.0,18.50000000000005,True,False,False
2023-02-17,67.02,0.4999999999999005,-0.0,0.0,0.4999999999999005,True,False,False
2023-02-21,66.69,19.00000000000004,-0.0,0.0,19.00000000000004,True,False,False
2023-02-22,64.92,-65.49999999999994,-0.0,0.0,-65.49999999999994,True,False,False
2023-02-23,66.38,77.99999999999994,0.0,0.0,77.99999999999994,True,False,False
2023-02-24,67.1,30.50000000000006,0.0,0.0,30.50000000000006,True,False,False
2023-02-27,66.25,4.0000000000000036,-0.0,0.0,4.0000000000000036,True,False,False
2023-02-28,67.21,55.99999999999996,0.0,0.0,55.99999999999996,True,False,False
2023-03-01,68.07,16.499999999999957,0.0,0.0,16.499999999999957,True,False,False
2023-03-02,68.3,29.500000000000036,0.0,0.0,29.500000000000036,True,False,False
2023-03-03,69.86,4.499999999999993,0.0,0.0,4.499999999999993,True,False,False
2023-03-06,70.49,15.500000000000025,0.0,0.0,15.500000000000025,True,False,False
2023-03-07,67.85,22.999999999999954,-0.0,0.0,22.999999999999954,True,False,False
2023-03-08,67.1,4.499999999999993,-0.0,0.0,4.499999999999993,True,False,False
2023-03-09,66.24,-49.99999999999996,-0.0,0.0,-49.99999999999996,True,False,False
2023-03-10,67.14,19.999999999999954,0.0,0.0,19.999999999999954,False,False,True
2023-03-13,65.25,0.0,0.0,0.0,0.0,False,False,False
2023-03-14,62.93,-29.5,0.0,0.0,-29.5,True,True,False
2023-03-15,60.02,-40.499999999999936,-0.0,0.0,-40.499999999999936,True,False,False
2023-03-16,60.05,23.000000000000043,0.0,0.0,23.000000000000043,True,False,False
2023-03-17,58.66,-63.00000000000008,-0.0,0.0,-63.00000000000008,True,False,False
2023-03-20,59.79,66.5,0.0,0.0,66.5,True,False,False
2023-03-21,61.23,64.50000000000004,0.0,0.0,64.50000000000004,True,False,False
2023-03-22,61.61,34.999999999999964,0.0,0.0,34.999999999999964,True,False,False
2023-03-23,60.99,-10.500000000000043,-0.0,0.0,-10.500000000000043,True,False,False
2023-03-24,60.96,30.50000000000006,-0.0,0.0,30.50000000000006,True,False,False
2023-03-27,64.15,48.50000000000003,0.0,0.0,48.50000000000003,True,False,False
2023-03-28,64.55,14.499999999999957,0.0,0.0,14.499999999999957,True,False,False
2023-03-29,64.15,31.00000000000005,-0.0,0.0,31.00000000000005,True,False,False
2023-03-30,65.32,-5.50000000000006,0.0,0.0,-5.50000000000006,True,False,False
2023-03-31,66.44,-46.99999999999997,0.0,0.0,-46.99999999999997,True,False,False
2023-04-03,70.27,-270.5000000000001,0.0,0.0,-270.5000000000001,True,False,False
2023-04-04,70.27,3.500000000000014,0.0,0.0,3.500000000000014,True,False,False
2023-04-05,70.24,-11.500000000000021,-0.0,0.0,-11.500000000000021,True,False,False
2023-04-06,70.26,19.00000000000004,0.0,0.0,19.00000000000004,True,False,False
2023-04-10,69.76,41.00000000000007,-0.0,0.0,41.00000000000007,False,False,True
2023-04-11,71.07,0.0,0.0,0.0,0.0,False,False,False
2023-04-12,72.43,0.0,0.0,0.0,0.0,False,False,False
2023-04-13,71.8,0.0,0.0,0.0,0.0,False,False,False
2023-04-14,72.09,0.0,0.0,0.0,0.0,False,False,False
2023-04-17,70.84,0.0,0.0,0.0,0.0,False,False,False
2023-04-18,70.73,0.0,0.0,0.0,0.0,False,False,False
2023-04-19,69.3,0.0,0.0,0.0,0.0,False,False,False
2023-04-20,67.6,0.0,0.0,0.0,0.0,False,False,False
2023-04-21,68.21,0.0,0.0,0.0,0.0,False,False,False
2023-04-24,69.25,0.0,0.0,0.0,0.0,False,False,False
2023-04-25,67.62,0.0,0.0,0.0,0.0,False,False,False
2023-04-26,65.36,-26.5,0.0,0.0,-26.5,True,True,False
2023-04-27,65.81,25.500000000000078,0.0,0.0,25.500000000000078,True,False,False
2023-04-28,67.5,-10.500000000000043,0.0,0.0,-10.500000000000043,True,False,False
2023-05-01,66.55,46.499999999999986,-0.0,0.0,46.499999999999986,True,False,False
2023-05-02,63.05,-2.999999999999936,-0.0,0.0,-2.999999999999936,True,False,False
2023-05-03,60.31,-132.50000000000003,-0.0,0.0,-132.50000000000003,True,False,False
2023-05-04,60.7,-0.49999999999998934,0.0,0.0,-0.49999999999998934,True,False,False
2023-05-05,63.03,175.4999999999999,0.0,0.0,175.4999999999999,True,False,False
2023-05-08,64.26,58.500000000000085,0.0,0.0,58.500000000000085,True,False,False
2023-05-09,64.87,16.500000000000004,0.0,0.0,16.500000000000004,True,False,False
2023-05-10,64.39,20.999999999999996,-0.0,0.0,20.999999999999996,True,False,False
2023-05-11,63.25,-23.000000000000043,-0.0,0.0,-23.000000000000043,True,False,False
2023-05-12,62.07,-51.99999999999996,-0.0,0.0,-51.99999999999996,True,False,False
2023-05-15,62.99,71.49999999999999,0.0,0.0,71.49999999999999,True,False,False
2023-05-16,62.54,-6.999999999999984,-0.0,0.0,-6.999999999999984,True,False,False
2023-05-17,64.6,85.99999999999999,0.0,0.0,85.99999999999999,True,False,False
2023-05-18,64.04,14.000000000000012,-0.0,0.0,14.000000000000012,True,False,False
2023-05-19,63.9,3.9999999999999813,-0.0,0.0,3.9999999999999813,False,False,True
2023-05-22,63.91,0.0,0.0,0.0,0.0,False,False,False
2023-05-23,64.87,0.0,0.0,0.0,0.0,False,False,False
2023-05-24,65.66,0.0,0.0,0.0,0.0,False,False,False
2023-05-25,64.09,0.0,0.0,0.0,0.0,False,False,False
2023-05-26,64.8,0.0,0.0,0.0,0.0,False,False,False
2023-05-30,62.3,0.0,0.0,0.0,0.0,False,False,False
2023-05-31,60.63,-20.000000000000114,0.0,0.0,-20.000000000000114,True,True,False
2023-06-01,62.55,-21.500000000000075,0.0,0.0,-21.500000000000075,True,False,False
2023-06-02,64.15,-81.49999999999994,0.0,0.0,-81.49999999999994,True,False,False
2023-06-05,64.03,56.49999999999995,-0.0,0.0,56.49999999999995,True,False,False
2023-06-06,63.79,40.000000000000036,-0.0,0.0,40.000000000000036,True,False,False
2023-06-07,64.71,-20.500000000000007,0.0,0.0,-20.500000000000007,True,False,False
2023-06-08,63.46,79.0,-0.0,0.0,79.0,True,False,False
2023-06-09,62.93,41.000000000000014,-0.0,0.0,41.000000000000014,True,False,False
2023-06-12,60.24,61.999999999999964,-0.0,0.0,61.999999999999964,True,False,False
2023-06-13,62.14,-9.50000000000002,0.0,0.0,-9.50000000000002,True,False,False
2023-06-14,61.83,30.00000000000003,-0.0,0.0,30.00000000000003,True,False,False
2023-06-15,63.41,-58.50000000000004,0.0,0.0,-58.50000000000004,True,False,False
2023-06-16,64.35,-40.499999999999936,0.0,0.0,-40.499999999999936,True,False,False
2023-06-20,63.92,49.00000000000002,-0.0,0.0,49.00000000000002,True,False,False
2023-06-21,65.04,-67.49999999999999,0.0,0.0,-67.49999999999999,True,False,False
2023-06-22,62.52,180.49999999999997,-0.0,0.0,180.49999999999997,True,False,False
2023-06-23,62.42,8.499999999999963,-0.0,0.0,8.499999999999963,False,False,True
2023-06-26,62.73,0.0,0.0,0.0,0.0,False,False,False
2023-06-27,61.3,0.0,0.0,0.0,0.0,False,False,False
2023-06-28,62.52,0.0,0.0,0.0,0.0,False,False,False
2023-06-29,62.96,0.0,0.0,0.0,0.0,False,False,False
2023-06-30,63.55,0.0,0.0,0.0,0.0,False,False,False
2023-07-03,63.39,0.0,0.0,0.0,0.0,False,False,False
2023-07-05,64.63,0.0,0.0,0.0,0.0,False,False,False
2023-07-06,64.44,0.0,0.0,0.0,0.0,False,False,False
2023-07-07,65.85,0.0,0.0,0.0,0.0,False,False,False
2023-07-10,65.54,0.0,0.0,0.0,0.0,False,False,False
2023-07-11,67.03,0.0,0.0,0.0,0.0,False,False,False
2023-07-12,67.87,0.0,0.0,0.0,0.0,False,False,False
2023-07-13,69.09,0.0,0.0,0.0,0.0,False,False,False
2023-07-14,67.47,0.0,0.0,0.0,0.0,False,False,False
2023-07-17,66.58,0.0,0.0,0.0,0.0,False,False,False
2023-07-18,67.96,0.0,0.0,0.0,0.0,False,False,False
2023-07-19,67.69,0.0,0.0,0.0,0.0,False,False,False
2023-07-20,68.05,0.0,0.0,0.0,0.0,False,False,False
2023-07-21,68.99,0.0,0.0,0.0,0.0,False,False,False
2023-07-24,70.69,0.0,0.0,0.0,0.0,False,False,False
2023-07-25,71.16,0.0,0.0,0.0,0.0,False,False,False
2023-07-26,70.66,0.0,0.0,0.0,0.0,False,False,False
2023-07-27,71.43,0.0,0.0,0.0,0.0,False,False,False
2023-07-28,72.09,0.0,0.0,0.0,0.0,False,False,False
2023-07-31,73.17,0.0,0.0,0.0,0.0,False,False,False
2023-08-01,72.96,0.0,0.0,0.0,0.0,False,False,False
2023-08-02,71.48,0.0,0.0,0.0,0.0,False,False,False
2023-08-03,73.14,0.0,0.0,0.0,0.0,False,False,False
2023-08-04,73.79,0.0,0.0,0.0,0.0,False,False,False
2023-08-07,73.82,0.0,0.0,0.0,0.0,False,False,False
2023-08-08,74.06,0.0,0.0,0.0,0.0,False,False,False
2023-08-09,75.1,0.0,0.0,0.0,0.0,False,False,False
2023-08-10,74.2,0.0,0.0,0.0,0.0,False,False,False
2023-08-11,74.25,0.0,0.0,0.0,0.0,False,False,False
2023-08-14,73.81,-10.999999999999943,0.0,0.0,-10.999999999999943,True,True,False
2023-08-15,72.62,-0.0,-0.0,0.0,-0.0,True,False,False
2023-08-16,71.37,-22.000000000000064,-0.0,0.0,-22.000000000000064,True,False,False
2023-08-17,71.98,10.500000000000043,0.0,0.0,10.500000000000043,True,False,False
2023-08-18,72.79,37.000000000000014,0.0,0.0,37.000000000000014,True,False,False
2023-08-21,72.58,19.99999999999993,-0.0,0.0,19.99999999999993,True,False,False
2023-08-22,72.28,2.000000000000046,-0.0,0.0,2.000000000000046,True,False,False
2023-08-23,71.36,-17.499999999999982,-0.0,0.0,-17.499999999999982,True,False,False
2023-08-24,71.41,9.499999999999975,0.0,0.0,9.499999999999975,True,False,False
2023-08-25,72.45,48.499999999999986,0.0,0.0,48.499999999999986,True,False,False
2023-08-28,72.41,16.500000000000004,-0.0,0.0,16.500000000000004,True,False,False
2023-08-29,73.32,26.00000000000002,0.0,0.0,26.00000000000002,True,False,False
2023-08-30,73.66,25.0,0.0,0.0,25.0,True,False,False
2023-08-31,75.06,-9.999999999999964,0.0,0.0,-9.999999999999964,True,False,False
2023-09-01,76.92,-90.00000000000003,0.0,0.0,-90.00000000000003,True,False,False
2023-09-05,77.76,-40.50000000000003,0.0,0.0,-40.50000000000003,True,False,False
2023-09-06,78.52,-46.499999999999986,0.0,0.0,-46.499999999999986,True,False,False
2023-09-07,77.95,58.00000000000001,-0.0,0.0,58.00000000000001,True,False,False
2023-09-08,78.3,-39.499999999999986,0.0,0.0,-39.499999999999986,False,False,True
2023-09-11,78.37,0.0,0.0,0.0,0.0,False,False,False
2023-09-12,79.7,-8.0,0.0,0.0,-8.0,True,True,False
2023-09-13,79.68,3.9999999999999147,-0.0,0.0,3.9999999999999147,True,False,False
2023-09-14,81.12,-23.499999999999943,0.0,0.0,-23.499999999999943,True,False,False
2023-09-15,81.29,-10.000000000000053,0.0,0.0,-10.000000000000053,True,False,False
2023-09-18,81.45,11.000000000000032,0.0,0.0,11.000000000000032,True,False,False
2023-09-19,81.5,-7.500000000000107,0.0,0.0,-7.500000000000107,True,False,False
2023-09-20,80.14,36.500000000000114,-0.0,0.0,36.500000000000114,True,False,False
2023-09-21,80.41,-21.499999999999986,0.0,0.0,-21.499999999999986,True,False,False
2023-09-22,80.63,28.000000000000025,0.0,0.0,28.000000000000025,True,False,False
2023-09-25,80.39,29.999999999999893,-0.0,0.0,29.999999999999893,True,False,False
2023-09-26,80.88,-19.49999999999994,0.0,0.0,-19.49999999999994,True,False,False
2023-09-27,82.9,-91.00000000000001,0.0,0.0,-91.00000000000001,True,False,False
2023-09-28,81.57,84.00000000000007,-0.0,0.0,84.00000000000007,True,False,False
2023-09-29,80.86,44.49999999999994,-0.0,0.0,44.49999999999994,True,False,False
2023-10-02,79.39,64.99999999999999,-0.0,0.0,64.99999999999999,True,False,False
2023-10-03,79.93,3.000000000000025,0.0,0.0,3.000000000000025,True,False,False
2023-10-04,75.59,-126.50000000000001,-0.0,0.0,-126.50000000000001,True,False,False
2023-10-05,73.99,-121.99999999999997,-0.0,0.0,-121.99999999999997,True,False,False
2023-10-06,74.16,13.500000000000004,0.0,0.0,13.500000000000004,False,False,True
2023-10-09,77.13,0.0,0.0,0.0,0.0,False,False,False
2023-10-10,76.71,0.0,0.0,0.0,0.0,False,False,False
2023-10-11,75.67,-15.0,0.0,0.0,-15.0,True,True,False
2023-10-12,75.42,12.00000000000001,-0.0,0.0,12.00000000000001,True,False,False
2023-10-13,78.99,-135.99999999999994,0.0,0.0,-135.99999999999994,True,False,False
2023-10-16,78.39,106.99999999999994,-0.0,0.0,106.99999999999994,True,False,False
2023-10-17,78.8,6.99999999999994,0.0,0.0,6.99999999999994,True,False,False
2023-10-18,79.84,-58.500000000000085,0.0,0.0,-58.500000000000085,True,False,False
2023-10-19,81.68,-102.49999999999986,0.0,0.0,-102.49999999999986,True,False,False
2023-10-20,80.7,96.0,-0.0,0.0,96.0,True,False,False
2023-10-23,78.89,146.4999999999999,-0.0,0.0,146.4999999999999,True,False,False
2023-10-24,76.93,64.50000000000004,-0.0,0.0,64.50000000000004,True,False,False
2023-10-25,78.46,-70.49999999999991,0.0,0.0,-70.49999999999991,True,False,False
2023-10-26,76.89,75.4999999999999,-0.0,0.0,75.4999999999999,True,False,False
2023-10-27,78.36,-55.49999999999997,0.0,0.0,-55.49999999999997,True,False,False
2023-10-30,76.05,115.00000000000003,-0.0,0.0,115.00000000000003,True,False,False
2023-10-31,75.02,37.5,-0.0,0.0,37.5,True,False,False
2023-11-01,74.75,31.999999999999986,-0.0,0.0,31.999999999999986,True,False,False
2023-11-02,76.18,42.50000000000003,0.0,0.0,42.50000000000003,True,False,False
2023-11-03,74.85,4.499999999999993,-0.0,0.0,4.499999999999993,False,False,True
2023-11-06,74.91,0.0,0.0,0.0,0.0,False,False,False
2023-11-07,71.8,0.0,0.0,0.0,0.0,False,False,False
2023-11-08,70.19,0.0,0.0,0.0,0.0,False,False,False
2023-11-09,70.25,-21.5,0.0,0.0,-21.5,True,True,False
2023-11-10,71.79,2.4999999999999467,0.0,0.0,2.4999999999999467,True,False,False
2023-11-13,72.92,-3.000000000000025,0.0,0.0,-3.000000000000025,True,False,False
2023-11-14,72.69,31.99999999999994,-0.0,0.0,31.99999999999994,True,False,False
2023-11-15,71.34,35.50000000000013,-0.0,0.0,35.50000000000013,True,False,False
2023-11-16,68.05,-20.000000000000018,-0.0,0.0,-20.000000000000018,True,False,False
2023-11-17,70.75,33.999999999999986,0.0,0.0,33.999999999999986,True,False,False
2023-11-20,72.3,1.5000000000000568,0.0,0.0,1.5000000000000568,True,False,False
2023-11-21,72.53,-4.499999999999993,0.0,0.0,-4.499999999999993,True,False,False
2023-11-22,71.61,-31.500000000000128,-0.0,0.0,-31.500000000000128,True,False,False
2023-11-24,70.82,63.50000000000007,-0.0,0.0,63.50000000000007,True,False,False
2023-11-27,69.96,50.000000000000085,-0.0,0.0,50.000000000000085,True,False,False
2023-11-28,71.26,4.999999999999893,0.0,0.0,4.999999999999893,True,False,False
2023-11-29,72.52,-52.49999999999994,0.0,0.0,-52.49999999999994,True,False,False
2023-11-30,70.14,170.49999999999997,-0.0,0.0,170.49999999999997,True,False,False
2023-12-01,69.24,43.50000000000003,-0.0,0.0,43.50000000000003,False,False,True
2023-12-04,68.47,0.0,0.0,0.0,0.0,False,False,False
2023-12-05,67.58,0.0,0.0,0.0,0.0,False,False,False
2023-12-06,64.76,0.0,0.0,0.0,0.0,False,False,False
2023-12-07,65.11,0.0,0.0,0.0,0.0,False,False,False
2023-12-08,66.53,0.0,0.0,0.0,0.0,False,False,False
2023-12-11,66.8,0.0,0.0,0.0,0.0,False,False,False
2023-12-12,64.25,0.0,0.0,0.0,0.0,False,False,False
2023-12-13,65.33,0.0,0.0,0.0,0.0,False,False,False
2023-12-14,67.16,0.0,0.0,0.0,0.0,False,False,False
2023-12-15,67.15,0.0,0.0,0.0,0.0,False,False,False
2023-12-18,68.09,0.0,0.0,0.0,0.0,False,False,False
2023-12-19,69.36,0.0,0.0,0.0,0.0,False,False,False
2023-12-20,68.79,0.0,0.0,0.0,0.0,False,False,False
2023-12-21,69.03,0.0,0.0,0.0,0.0,False,False,False
2023-12-22,68.69,0.0,0.0,0.0,0.0,False,False,False
2023-12-26,70.21,0.0,0.0,0.0,0.0,False,False,False
2023-12-27,68.92,0.0,0.0,0.0,0.0,False,False,False
2023-12-28,67.18,0.0,0.0,0.0,0.0,False,False,False
2023-12-29,66.65,0.0,0.0,0.0,0.0,False,False,False
2024-01-02,65.77,-19.5,0.0,0.0,-19.5,True,True,False
2024-01-03,68.19,-57.49999999999993,0.0,0.0,-57.49999999999993,True,False,False
2024-01-04,67.57,69.99999999999993,-0.0,0.0,69.99999999999993,True,False,False
2024-01-05,69.03,-22.000000000000064,0.0,0.0,-22.000000000000064,True,False,False
2024-01-08,66.4,81.50000000000013,-0.0,0.0,81.50000000000013,True,False,False
2024-01-09,67.39,2.999999999999936,0.0,0.0,2.999999999999936,True,False,False
2024-01-10,66.56,14.499999999999957,-0.0,0.0,14.499999999999957,True,False,False
2024-01-11,67.65,-16.500000000000004,0.0,0.0,-16.500000000000004,True,False,False
2024-01-12,68.02,-8.499999999999996,0.0,0.0,-8.499999999999996,True,False,False
2024-01-16,67.25,75.0,-0.0,0.0,75.0,True,False,False
2024-01-17,67.94,3.000000000000025,0.0,0.0,3.000000000000025,True,False,False
2024-01-18,69.06,-25.99999999999998,0.0,0.0,-25.99999999999998,True,False,False
2024-01-19,68.82,46.0,-0.0,0.0,46.0,True,False,False
2024-01-22,69.69,-56.49999999999995,0.0,0.0,-56.49999999999995,True,False,False
2024-01-23,69.66,19.99999999999993,-0.0,0.0,19.99999999999993,True,False,False
2024-01-24,70.54,-39.49999999999996,0.0,0.0,-39.49999999999996,True,False,False
2024-01-25,72.23,-160.50000000000006,0.0,0.0,-160.50000000000006,True,False,False
2024-01-26,73.1,-95.49999999999994,0.0,0.0,-95.49999999999994,False,False,True
2024-01-29,72.05,0.0,0.0,0.0,0.0,False,False,False
2024-01-30,72.81,0.0,0.0,0.0,0.0,False,False,False
2024-01-31,70.92,-25.0,0.0,0.0,-25.0,True,True,False
2024-02-01,69.07,26.499999999999968,-0.0,0.0,26.499999999999968,True,False,False
2024-02-02,67.51,-31.99999999999994,-0.0,0.0,-31.99999999999994,True,False,False
2024-02-05,68.18,35.49999999999996,0.0,0.0,35.49999999999996,True,False,False
2024-02-06,68.81,55.99999999999996,0.0,0.0,55.99999999999996,True,False,False
2024-02-07,69.42,50.0,0.0,0.0,50.0,True,False,False
2024-02-08,71.52,-0.4999999999999005,0.0,0.0,-0.4999999999999005,True,False,False
2024-02-09,71.67,4.499999999999993,0.0,0.0,4.499999999999993,True,False,False
2024-02-12,72.11,17.499999999999982,0.0,0.0,17.499999999999982,True,False,False
2024-02-13,72.65,0.9999999999999787,0.0,0.0,0.9999999999999787,True,False,False
2024-02-14,71.55,37.5,-0.0,0.0,37.5,True,False,False
2024-02-15,72.84,-19.50000000000003,0.0,0.0,-19.50000000000003,True,False,False
2024-02-16,73.41,-12.99999999999999,0.0,0.0,-12.99999999999999,True,False,False
2024-02-20,72.42,78.50000000000001,-0.0,0.0,78.50000000000001,True,False,False
2024-02-21,73.2,-25.0,0.0,0.0,-25.0,True,False,False
2024-02-22,73.6,-11.999999999999966,0.0,0.0,-11.999999999999966,True,False,False
2024-02-23,71.92,88.99999999999994,-0.0,0.0,88.99999999999994,False,False,True
2024-02-26,72.79,0.0,0.0,0.0,0.0,False,False,False
2024-02-27,73.85,0.0,0.0,0.0,0.0,False,False,False
2024-02-28,73.62,0.0,0.0,0.0,0.0,False,False,False
2024-02-29,73.36,-16.0,0.0,0.0,-16.0,True,True,False
2024-03-01,74.96,-8.499999999999996,0.0,0.0,-8.499999999999996,True,False,False
2024-03-04,74.01,47.99999999999996,-0.0,0.0,47.99999999999996,True,False,False
2024-03-05,73.45,-82.99999999999991,-0.0,0.0,-82.99999999999991,True,False,False
2024-03-06,74.34,97.49999999999997,0.0,0.0,97.49999999999997,True,False,False
2024-03-07,74.23,28.500000000000014,-0.0,0.0,28.500000000000014,True,False,False
2024-03-08,73.36,6.499999999999995,-0.0,0.0,6.499999999999995,True,False,False
2024-03-11,73.62,21.499999999999986,0.0,0.0,21.499999999999986,True,False,False
2024-03-12,73.35,14.500000000000002,-0.0,0.0,14.500000000000002,True,False,False
2024-03-13,75.09,-23.0,0.0,0.0,-23.0,True,False,False
2024-03-14,76.3,-35.999999999999986,0.0,0.0,-35.999999999999986,True,False,False
2024-03-15,76.33,5.499999999999972,0.0,0.0,5.499999999999972,True,False,False
2024-03-18,77.98,-108.0,0.0,0.0,-108.0,True,False,False
2024-03-19,78.43,-77.50000000000003,0.0,0.0,-77.50000000000003,True,False,False
2024-03-20,77.25,172.50000000000006,-0.0,0.0,172.50000000000006,True,False,False
2024-03-21,76.82,19.49999999999998,-0.0,0.0,19.49999999999998,False,False,True
2024-03-22,76.68,0.0,0.0,0.0,0.0,False,False,False
2024-03-25,77.76,0.0,0.0,0.0,0.0,False,False,False
2024-03-26,77.29,0.0,0.0,0.0,0.0,False,False,False
2024-03-27,77.51,0.0,0.0,0.0,0.0,False,False,False
2024-03-28,78.73,0.0,0.0,0.0,0.0,False,False,False
2024-04-01,79.67,-17.999999999999943,0.0,0.0,-17.999999999999943,True,True,False
2024-04-02,80.79,-13.500000000000068,0.0,0.0,-13.500000000000068,True,False,False
2024-04-03,81.25,-62.5,0.0,0.0,-62.5,True,False,False
2024-04-04,82.27,-44.00000000000004,0.0,0.0,-44.00000000000004,True,False,False
2024-04-05,82.4,7.000000000000028,0.0,0.0,7.000000000000028,True,False,False
2024-04-08,82.2,49.00000000000002,-0.0,0.0,49.00000000000002,True,False,False
2024-04-09,81.15,62.000000000000014,-0.0,0.0,62.000000000000014,True,False,False
2024-04-10,82.09,-28.500000000000014,0.0,0.0,-28.500000000000014,True,False,False
2024-04-11,81.55,20.000000000000018,-0.0,0.0,20.000000000000018,True,False,False
2024-04-12,81.53,11.499999999999932,-0.0,0.0,11.499999999999932,True,False,False
2024-04-15,81.65,-14.499999999999957,0.0,0.0,-14.499999999999957,True,False,False
2024-04-16,81.33,33.0000000000001,-0.0,0.0,33.0000000000001,True,False,False
2024-04-17,78.91,36.99999999999992,-0.0,0.0,36.99999999999992,True,False,False
2024-04-18,78.78,39.99999999999994,-0.0,0.0,39.99999999999994,True,False,False
2024-04-19,78.85,15.000000000000036,0.0,0.0,15.000000000000036,True,False,False
2024-04-22,78.78,47.00000000000002,-0.0,0.0,47.00000000000002,True,False,False
2024-04-23,79.98,26.00000000000002,0.0,0.0,26.00000000000002,True,False,False
2024-04-24,79.64,23.499999999999943,-0.0,0.0,23.499999999999943,True,False,False
2024-04-25,80.44,0.5000000000000338,0.0,0.0,0.5000000000000338,True,False,False
2024-04-26,80.39,23.50000000000001,-0.0,0.0,23.50000000000001,False,False,True
2024-04-29,79.5,0.0,0.0,0.0,0.0,False,False,False
2024-04-30,78.38,-13.000000000000057,0.0,0.0,-13.000000000000057,True,True,False
2024-05-01,75.93,-35.99999999999994,-0.0,0.0,-35.99999999999994,True,False,False
2024-05-02,75.93,14.999999999999947,0.0,0.0,14.999999999999947,True,False,False
2024-05-03,75.13,-24.499999999999922,-0.0,0.0,-24.499999999999922,True,False,False
2024-05-06,75.66,32.49999999999993,0.0,0.0,32.49999999999993,True,False,False
2024-05-07,75.5,19.00000000000004,-0.0,0.0,19.00000000000004,True,False,False
2024-05-08,76.11,33.5,0.0,0.0,33.5,True,False,False
2024-05-09,76.52,23.499999999999986,0.0,0.0,23.499999999999986,True,False,False
2024-05-10,75.3,-35.00000000000001,-0.0,0.0,-35.00000000000001,True,False,False
2024-05-13,76.13,47.00000000000002,0.0,0.0,47.00000000000002,True,False,False
2024-05-14,75.21,-42.000000000000036,-0.0,0.0,-42.000000000000036,True,False,False
2024-05-15,75.88,48.50000000000003,0.0,0.0,48.50000000000003,True,False,False
2024-05-16,76.25,37.999999999999986,0.0,0.0,37.999999999999986,True,False,False
2024-05-17,76.97,50.0,0.0,0.0,50.0,True,False,False
2024-05-20,76.73,2.0000000000000018,-0.0,0.0,2.0000000000000018,True,False,False
2024-05-21,76.16,-18.999999999999993,-0.0,0.0,-18.999999999999993,True,False,False
2024-05-22,74.87,-86.50000000000003,-0.0,0.0,-86.50000000000003,True,False,False
2024-05-23,74.45,-40.50000000000003,-0.0,0.0,-40.50000000000003,True,False,False
2024-05-24,75.35,73.50000000000003,0.0,0.0,73.50000000000003,False,False,True
2024-05-28,77.66,0.0,0.0,0.0,0.0,False,False,False
2024-05-29,76.57,-18.499999999999943,0.0,0.0,-18.499999999999943,True,True,False
2024-05-30,75.53,-3.500000000000014,-0.0,0.0,-3.500000000000014,True,False,False
2024-05-31,74.82,-17.50000000000007,-0.0,0.0,-17.50000000000007,True,False,False
2024-06-03,71.83,-92.99999999999997,-0.0,0.0,-92.99999999999997,True,False,False
2024-06-04,71.09,-44.50000000000003,-0.0,0.0,-44.50000000000003,True,False,False
2024-06-05,71.89,63.99999999999997,0.0,0.0,63.99999999999997,True,False,False
2024-06-06,73.26,99.00000000000011,0.0,0.0,99.00000000000011,True,False,False
2024-06-07,73.02,2.4999999999999467,-0.0,0.0,2.4999999999999467,True,False,False
2024-06-10,75.46,103.50000000000006,0.0,0.0,103.50000000000006,True,False,False
2024-06-11,75.51,16.499999999999957,0.0,0.0,16.499999999999957,True,False,False
2024-06-12,75.98,21.999999999999975,0.0,0.0,21.999999999999975,True,False,False
2024-06-13,75.74,14.500000000000046,-0.0,0.0,14.500000000000046,True,False,False
2024-06-14,76.08,16.500000000000004,0.0,0.0,16.500000000000004,True,False,False
2024-06-17,77.79,-16.500000000000004,0.0,0.0,-16.500000000000004,True,False,False
2024-06-18,78.67,-23.000000000000043,0.0,0.0,-23.000000000000043,True,False,False
2024-06-20,79.41,-40.49999999999998,0.0,0.0,-40.49999999999998,True,False,False
2024-06-21,78.65,53.500000000000014,-0.0,0.0,53.500000000000014,False,False,True
2024-06-24,79.7,0.0,0.0,0.0,0.0,False,False,False
2024-06-25,78.9,0.0,0.0,0.0,0.0,False,False,False
2024-06-26,78.75,0.0,0.0,0.0,0.0,False,False,False
2024-06-27,79.92,0.0,0.0,0.0,0.0,False,False,False
2024-06-28,79.59,0.0,0.0,0.0,0.0,False,False,False
2024-07-01,81.54,0.0,0.0,0.0,0.0,False,False,False
2024-07-02,81.11,0.0,0.0,0.0,0.0,False,False,False
2024-07-03,81.27,0.0,0.0,0.0,0.0,False,False,False
2024-07-05,81.31,0.0,0.0,0.0,0.0,False,False,False
2024-07-08,80.42,0.0,0.0,0.0,0.0,False,False,False
2024-07-09,79.77,0.0,0.0,0.0,0.0,False,False,False
2024-07-10,80.48,0.0,0.0,0.0,0.0,False,False,False
2024-07-11,80.94,0.0,0.0,0.0,0.0,False,False,False
2024-07-12,80.25,0.0,0.0,0.0,0.0,False,False,False
2024-07-15,80.12,-11.5,0.0,0.0,-11.5,True,True,False
2024-07-16,79.06,0.9999999999999787,-0.0,0.0,0.9999999999999787,True,False,False
2024-07-17,80.62,-5.999999999999961,0.0,0.0,-5.999999999999961,True,False,False
2024-07-18,79.9,13.500000000000068,-0.0,0.0,13.500000000000068,True,False,False
2024-07-19,78.0,-32.000000000000114,-0.0,0.0,-32.000000000000114,True,False,False
2024-07-22,77.62,11.000000000000032,-0.0,0.0,11.000000000000032,True,False,False
2024-07-23,76.62,-34.999999999999964,-0.0,0.0,-34.999999999999964,True,False,False
2024-07-24,76.81,26.499999999999968,0.0,0.0,26.499999999999968,True,False,False
2024-07-25,77.46,27.500000000000036,0.0,0.0,27.500000000000036,True,False,False
2024-07-26,76.11,-86.00000000000003,-0.0,0.0,-86.00000000000003,True,False,False
2024-07-29,75.19,-49.00000000000002,-0.0,0.0,-49.00000000000002,True,False,False
2024-07-30,74.46,-69.00000000000004,-0.0,0.0,-69.00000000000004,True,False,False
2024-07-31,77.74,127.00000000000014,0.0,0.0,127.00000000000014,True,False,False
2024-08-01,76.29,-26.000000000000068,-0.0,0.0,-26.000000000000068,True,False,False
2024-08-02,73.39,-228.5,-0.0,0.0,-228.5,True,False,False
2024-08-05,73.22,-32.49999999999993,-0.0,0.0,-32.49999999999993,True,False,False
2024-08-06,72.45,-20.000000000000018,-0.0,0.0,-20.000000000000018,True,False,False
2024-08-07,74.69,201.49999999999997,0.0,0.0,201.49999999999997,True,False,False
2024-08-08,75.36,72.50000000000006,0.0,0.0,72.50000000000006,True,False,False
2024-08-09,76.22,70.99999999999999,0.0,0.0,70.99999999999999,False,False,True
2024-08-12,78.63,0.0,0.0,0.0,0.0,False,False,False
2024-08-13,77.64,0.0,0.0,0.0,0.0,False,False,False
2024-08-14,76.59,0.0,0.0,0.0,0.0,False,False,False
2024-08-15,77.41,0.0,0.0,0.0,0.0,False,False,False
2024-08-16,76.32,0.0,0.0,0.0,0.0,False,False,False
2024-08-19,74.38,0.0,0.0,0.0,0.0,False,False,False
2024-08-20,73.83,0.0,0.0,0.0,0.0,False,False,False
2024-08-21,72.6,0.0,0.0,0.0,0.0,False,False,False
2024-08-22,73.58,0.0,0.0,0.0,0.0,False,False,False
2024-08-23,75.55,0.0,0.0,0.0,0.0,False,False,False
2024-08-26,77.83,0.0,0.0,0.0,0.0,False,False,False
2024-08-27,76.49,0.0,0.0,0.0,0.0,False,False,False
2024-08-28,75.48,0.0,0.0,0.0,0.0,False,False,False
2024-08-29,76.77,0.0,0.0,0.0,0.0,False,False,False
2024-08-30,74.34,0.0,0.0,0.0,0.0,False,False,False
2024-09-03,71.09,0.0,0.0,0.0,0.0,False,False,False
2024-09-04,69.61,0.0,0.0,0.0,0.0,False,False,False
2024-09-05,69.89,0.0,0.0,0.0,0.0,False,False,False
2024-09-06,68.93,0.0,0.0,0.0,0.0,False,False,False
2024-09-09,69.27,0.0,0.0,0.0,0.0,False,False,False
2024-09-10,66.96,0.0,0.0,0.0,0.0,False,False,False
2024-09-11,67.85,0.0,0.0,0.0,0.0,False,False,False
2024-09-12,69.89,0.0,0.0,0.0,0.0,False,False,False
2024-09-13,69.84,0.0,0.0,0.0,0.0,False,False,False
2024-09-16,70.88,0.0,0.0,0.0,0.0,False,False,False
2024-09-17,71.72,0.0,0.0,0.0,0.0,False,False,False
2024-09-18,70.66,0.0,0.0,0.0,0.0,False,False,False
2024-09-19,72.75,0.0,0.0,0.0,0.0,False,False,False
2024-09-20,72.92,0.0,0.0,0.0,0.0,False,False,False
2024-09-23,72.25,0.0,0.0,0.0,0.0,False,False,False
2024-09-24,73.29,0.0,0.0,0.0,0.0,False,False,False
2024-09-25,71.48,0.0,0.0,0.0,0.0,False,False,False
2024-09-26,69.01,0.0,0.0,0.0,0.0,False,False,False
2024-09-27,70.27,0.0,0.0,0.0,0.0,False,False,False
2024-09-30,69.92,0.0,0.0,0.0,0.0,False,False,False
2024-10-01,72.11,-77.50000000000011,0.0,0.0,-77.50000000000011,True,True,False
2024-10-02,72.76,-57.999999999999915,0.0,0.0,-57.999999999999915,True,False,False
2024-10-03,75.73,-172.50000000000006,0.0,0.0,-172.50000000000006,True,False,False
2024-10-04,76.35,81.00000000000006,0.0,0.0,81.00000000000006,True,False,False
2024-10-07,79.2,-160.99999999999994,0.0,0.0,-160.99999999999994,True,False,False
2024-10-08,75.79,135.49999999999986,-0.0,0.0,135.49999999999986,True,False,False
2024-10-09,75.25,105.50000000000014,-0.0,0.0,105.50000000000014,True,False,False
2024-10-10,77.77,-147.00000000000006,0.0,0.0,-147.00000000000006,True,False,False
2024-10-11,77.49,-47.50000000000014,-0.0,0.0,-47.50000000000014,True,False,False
2024-10-14,75.93,197.00000000000014,-0.0,0.0,197.00000000000014,True,False,False
2024-10-15,72.76,153.00000000000003,-0.0,0.0,153.00000000000003,True,False,False
2024-10-16,72.4,29.499999999999993,-0.0,0.0,29.499999999999993,True,False,False
2024-10-17,72.62,13.99999999999988,0.0,0.0,13.99999999999988,True,False,False
2024-10-18,71.38,38.500000000000156,-0.0,0.0,38.500000000000156,True,False,False
2024-10-21,72.26,47.99999999999996,0.0,0.0,47.99999999999996,True,False,False
2024-10-22,73.98,-28.000000000000025,0.0,0.0,-28.000000000000025,True,False,False
2024-10-23,73.55,57.00000000000003,-0.0,0.0,57.00000000000003,True,False,False
2024-10-24,73.06,41.49999999999996,-0.0,0.0,41.49999999999996,True,False,False
2024-10-25,74.23,-38.000000000000014,0.0,0.0,-38.000000000000014,False,False,True
2024-10-28,70.43,0.0,0.0,0.0,0.0,False,False,False
2024-10-29,69.66,0.0,0.0,0.0,0.0,False,False,False
2024-10-30,71.36,0.0,0.0,0.0,0.0,False,False,False
2024-10-31,73.08,0.0,0.0,0.0,0.0,False,False,False
2024-11-01,72.02,0.0,0.0,0.0,0.0,False,False,False
2024-11-04,74.29,0.0,0.0,0.0,0.0,False,False,False
2024-11-05,74.73,-290.0000000000001,0.0,0.0,-290.0000000000001,True,True,False
2024-11-06,74.54,26.500000000000057,-0.0,0.0,26.500000000000057,True,False,False
2024-11-07,74.66,57.00000000000003,0.0,0.0,57.00000000000003,True,False,False
2024-11-08,73.13,65.00000000000003,-0.0,0.0,65.00000000000003,True,False,False
2024-11-11,70.94,-42.000000000000085,-0.0,0.0,-42.000000000000085,True,False,False
2024-11-12,70.69,75.49999999999999,-0.0,0.0,75.49999999999999,True,False,False
2024-11-13,70.73,-60.499999999999865,0.0,0.0,-60.499999999999865,True,False,False
2024-11-14,71.29,47.99999999999996,0.0,0.0,47.99999999999996,True,False,False
2024-11-15,69.75,-67.99999999999997,-0.0,0.0,-67.99999999999997,True,False,False
2024-11-18,72.07,143.99999999999994,0.0,0.0,143.99999999999994,True,False,False
2024-11-19,72.31,-14.999999999999947,0.0,0.0,-14.999999999999947,True,False,False
2024-11-20,72.02,42.99999999999997,-0.0,0.0,42.99999999999997,True,False,False
2024-11-21,73.2,56.49999999999999,0.0,0.0,56.49999999999999,True,False,False
2024-11-22,74.25,27.99999999999998,0.0,0.0,27.99999999999998,True,False,False
2024-11-25,72.1,-27.499999999999993,-0.0,0.0,-27.499999999999993,True,False,False
2024-11-26,71.61,-0.9999999999999787,-0.0,0.0,-0.9999999999999787,True,False,False
2024-11-27,71.72,38.99999999999997,0.0,0.0,38.99999999999997,True,False,False
2024-11-29,71.61,-23.500000000000014,-0.0,0.0,-23.500000000000014,False,False,True
2024-12-02,71.04,0.0,0.0,0.0,0.0,False,False,False
2024-12-03,73.04,0.0,0.0,0.0,0.0,False,False,False
2024-12-04,71.88,0.0,0.0,0.0,0.0,False,False,False
2024-12-05,71.47,0.0,0.0,0.0,0.0,False,False,False
2024-12-06,70.24,0.0,0.0,0.0,0.0,False,False,False
2024-12-09,71.17,0.0,0.0,0.0,0.0,False,False,False
2024-12-10,71.4,0.0,0.0,0.0,0.0,False,False,False
2024-12-11,73.33,0.0,0.0,0.0,0.0,False,False,False
2024-12-12,73.21,0.0,0.0,0.0,0.0,False,False,False
2024-12-13,74.21,0.0,0.0,0.0,0.0,False,False,False
2024-12-16,73.7,0.0,0.0,0.0,0.0,False,False,False
2024-12-17,73.3,0.0,0.0,0.0,0.0,False,False,False
2024-12-18,72.94,0.0,0.0,0.0,0.0,False,False,False
2024-12-19,72.61,0.0,0.0,0.0,0.0,False,False,False
2024-12-20,73.1,0.0,0.0,0.0,0.0,False,False,False
2024-12-23,73.06,-112.5,0.0,0.0,-112.5,True,True,False
2024-12-24,73.65,-3.500000000000014,0.0,0.0,-3.500000000000014,True,False,False
2024-12-26,73.13,34.999999999999964,-0.0,0.0,34.999999999999964,True,False,False
2024-12-27,73.85,-1.499999999999968,0.0,0.0,-1.499999999999968,True,False,False
2024-12-30,74.82,48.49999999999994,0.0,0.0,48.49999999999994,True,False,False
2024-12-31,75.55,-26.499999999999968,0.0,0.0,-26.499999999999968,True,False,False
2025-01-02,76.93,-44.00000000000004,0.0,0.0,-44.00000000000004,True,False,False
2025-01-03,77.92,-81.49999999999994,0.0,0.0,-81.49999999999994,True,False,False
2025-01-06,77.3,71.0,-0.0,0.0,71.0,True,False,False
2025-01-07,78.17,-87.99999999999999,0.0,0.0,-87.99999999999999,True,False,False
2025-01-08,77.3,96.49999999999999,-0.0,0.0,96.49999999999999,True,False,False
2025-01-10,80.64,-322.49999999999994,0.0,0.0,-322.49999999999994,True,False,False
2025-01-13,82.23,-94.99999999999993,0.0,0.0,-94.99999999999993,True,False,False
2025-01-14,81.67,18.999999999999773,-0.0,0.0,18.999999999999773,True,False,False
2025-01-15,84.34,-180.49999999999997,0.0,0.0,-180.49999999999997,True,False,False
2025-01-16,82.94,124.49999999999991,-0.0,0.0,124.49999999999991,True,False,False
2025-01-17,82.52,-172.9999999999998,-0.0,0.0,-172.9999999999998,False,False,True
2025-01-21,81.11,0.0,0.0,0.0,0.0,False,False,False
2025-01-22,80.43,0.0,0.0,0.0,0.0,False,False,False
2025-01-23,79.21,0.0,0.0,0.0,0.0,False,False,False
2025-01-24,79.6,0.0,0.0,0.0,0.0,False,False,False
2025-01-27,77.93,0.0,0.0,0.0,0.0,False,False,False
2025-01-28,78.86,0.0,0.0,0.0,0.0,False,False,False
2025-01-29,77.78,-75.0,0.0,0.0,-75.0,True,True,False
2025-01-30,77.75,-51.49999999999997,-0.0,0.0,-51.49999999999997,True,False,False
2025-01-31,78.02,82.99999999999991,0.0,0.0,82.99999999999991,True,False,False
2025-02-03,77.82,26.500000000000057,-0.0,0.0,26.500000000000057,True,False,False
2025-02-04,77.51,19.49999999999994,-0.0,0.0,19.49999999999994,True,False,False
2025-02-05,76.09,15.000000000000124,-0.0,0.0,15.000000000000124,True,False,False
2025-02-06,75.45,-20.500000000000096,-0.0,0.0,-20.500000000000096,True,False,False
2025-02-07,75.86,40.50000000000003,0.0,0.0,40.50000000000003,True,False,False
2025-02-10,77.4,36.50000000000002,0.0,0.0,36.50000000000002,True,False,False
2025-02-11,78.27,19.49999999999994,0.0,0.0,19.49999999999994,True,False,False
2025-02-12,76.32,3.500000000000014,-0.0,0.0,3.500000000000014,True,False,False
2025-02-13,76.39,16.500000000000004,0.0,0.0,16.500000000000004,True,False,False
2025-02-14,75.82,-42.50000000000003,-0.0,0.0,-42.50000000000003,True,False,False
2025-02-18,76.96,132.50000000000006,0.0,0.0,132.50000000000006,True,False,False
2025-02-19,77.45,11.999999999999966,0.0,0.0,11.999999999999966,True,False,False
2025-02-20,77.76,14.000000000000012,0.0,0.0,14.000000000000012,True,False,False
2025-02-21,75.35,-101.5,-0.0,0.0,-101.5,False,False,True
2025-02-24,75.97,0.0,0.0,0.0,0.0,False,False,False
2025-02-25,74.13,0.0,0.0,0.0,0.0,False,False,False
2025-02-26,73.85,0.0,0.0,0.0,0.0,False,False,False
2025-02-27,75.28,-85.0,0.0,0.0,-85.0,True,True,False
2025-02-28,75.22,-0.9999999999999787,-0.0,0.0,-0.9999999999999787,True,False,False
2025-03-03,73.32,-4.0000000000000036,-0.0,0.0,-4.0000000000000036,True,False,False
2025-03-04,73.31,-77.50000000000003,-0.0,0.0,-77.50000000000003,True,False,False
2025-03-05,71.42,0.49999999999998934,-0.0,0.0,0.49999999999998934,True,False,False
2025-03-06,71.13,-52.500000000000036,-0.0,0.0,-52.500000000000036,True,False,False
2025-03-07,72.09,135.50000000000006,0.0,0.0,135.50000000000006,True,False,False
2025-03-10,70.89,-56.99999999999994,-0.0,0.0,-56.99999999999994,True,False,False
2025-03-11,71.45,45.50000000000001,0.0,0.0,45.50000000000001,True,False,False
2025-03-12,72.8,101.99999999999996,0.0,0.0,101.99999999999996,True,False,False
2025-03-13,71.62,-85.49999999999996,-0.0,0.0,-85.49999999999996,True,False,False
2025-03-14,72.28,69.99999999999997,0.0,0.0,69.99999999999997,True,False,False
2025-03-17,72.71,38.49999999999998,0.0,0.0,38.49999999999998,True,False,False
2025-03-18,72.21,-29.499999999999993,-0.0,0.0,-29.499999999999993,True,False,False
2025-03-19,72.42,34.49999999999997,0.0,0.0,34.49999999999997,True,False,False
2025-03-20,73.73,136.50000000000006,0.0,0.0,136.50000000000006,True,False,False
2025-03-21,73.79,-41.000000000000014,0.0,0.0,-41.000000000000014,False,False,True
2025-03-24,74.88,0.0,0.0,0.0,0.0,False,False,False
2025-03-25,74.82,0.0,0.0,0.0,0.0,False,False,False
2025-03-26,75.42,0.0,0.0,0.0,0.0,False,False,False
2025-03-27,75.48,0.0,0.0,0.0,0.0,False,False,False
2025-03-28,74.77,-94.0,0.0,0.0,-94.0,True,True,False
2025-03-31,77.33,-25.49999999999999,0.0,0.0,-25.49999999999999,True,False,False
2025-04-01,77.08,17.499999999999982,-0.0,0.0,17.499999999999982,True,False,False
2025-04-02,77.74,-32.00000000000003,0.0,0.0,-32.00000000000003,True,False,False
2025-04-03,72.25,22.000000000000064,-0.0,0.0,22.000000000000064,True,False,False
2025-04-04,67.92,-326.99999999999994,-0.0,0.0,-326.99999999999994,True,False,False
2025-04-07,65.98,-102.50000000000003,-0.0,0.0,-102.50000000000003,True,False,False
2025-04-08,63.34,-339.00000000000006,-0.0,0.0,-339.00000000000006,True,False,False
2025-04-09,67.58,455.50000000000006,0.0,0.0,455.50000000000006,True,False,False
2025-04-10,65.32,-239.00000000000014,-0.0,0.0,-239.00000000000014,True,False,False
2025-04-11,66.46,131.00000000000006,0.0,0.0,131.00000000000006,True,False,False
2025-04-14,66.66,52.500000000000036,0.0,0.0,52.500000000000036,True,False,False
2025-04-15,66.48,-19.99999999999993,-0.0,0.0,-19.99999999999993,True,False,False
2025-04-16,67.75,100.0,0.0,0.0,100.0,True,False,False
2025-04-17,69.48,163.99999999999997,0.0,0.0,163.99999999999997,True,False,False
2025-04-21,68.62,-91.50000000000003,-0.0,0.0,-91.50000000000003,False,False,True
2025-04-22,69.37,0.0,0.0,0.0,0.0,False,False,False
2025-04-23,68.05,0.0,0.0,0.0,0.0,False,False,False
2025-04-24,68.46,0.0,0.0,0.0,0.0,False,False,False
2025-04-25,69.03,0.0,0.0,0.0,0.0,False,False,False
2025-04-28,67.76,0.0,0.0,0.0,0.0,False,False,False
2025-04-29,65.85,0.0,0.0,0.0,0.0,False,False,False
2025-04-30,63.56,-25.0,0.0,0.0,-25.0,True,True,False
2025-05-01,64.52,5.50000000000006,0.0,0.0,5.50000000000006,True,False,False
2025-05-02,64.01,37.000000000000014,-0.0,0.0,37.000000000000014,True,False,False
2025-05-05,62.37,182.49999999999994,-0.0,0.0,182.49999999999994,True,False,False
2025-05-06,64.6,-10.999999999999943,0.0,0.0,-10.999999999999943,True,False,False
2025-05-07,63.51,21.999999999999886,-0.0,0.0,21.999999999999886,True,False,False
2025-05-08,65.6,-14.999999999999858,0.0,0.0,-14.999999999999858,True,False,False
2025-05-09,66.61,-37.0000000000001,0.0,0.0,-37.0000000000001,True,False,False
2025-05-12,67.6,-20.500000000000007,0.0,0.0,-20.500000000000007,True,False,False
2025-05-13,69.59,-149.99999999999991,0.0,0.0,-149.99999999999991,True,False,False
2025-05-14,68.73,77.99999999999994,-0.0,0.0,77.99999999999994,True,False,False
2025-05-15,67.59,85.99999999999994,-0.0,0.0,85.99999999999994,True,False,False
2025-05-16,68.1,-29.999999999999982,0.0,0.0,-29.999999999999982,True,False,False
2025-05-19,68.51,16.000000000000014,0.0,0.0,16.000000000000014,True,False,False
2025-05-20,68.66,-6.99999999999994,0.0,0.0,-6.99999999999994,True,False,False
2025-05-21,67.59,63.49999999999998,-0.0,0.0,63.49999999999998,True,False,False
2025-05-22,67.14,57.49999999999993,-0.0,0.0,57.49999999999993,True,False,False
2025-05-23,67.99,-54.49999999999993,0.0,0.0,-54.49999999999993,False,False,True
2025-05-27,67.28,0.0,0.0,0.0,0.0,False,False,False
2025-05-28,67.89,0.0,0.0,0.0,0.0,False,False,False
2025-05-29,67.19,-14.0,0.0,0.0,-14.0,True,True,False
2025-05-30,67.15,-11.000000000000032,-0.0,0.0,-11.000000000000032,True,False,False
2025-06-02,69.55,-7.000000000000028,0.0,0.0,-7.000000000000028,True,False,False
2025-06-03,69.89,-3.500000000000014,0.0,0.0,-3.500000000000014,True,False,False
2025-06-04,69.34,57.500000000000014,-0.0,0.0,57.500000000000014,True,False,False
2025-06-05,69.93,-3.500000000000014,0.0,0.0,-3.500000000000014,True,False,False
2025-06-06,71.38,-70.00000000000001,0.0,0.0,-70.00000000000001,True,False,False
2025-06-09,72.05,-25.99999999999998,0.0,0.0,-25.99999999999998,True,False,False
2025-06-10,71.6,51.50000000000006,-0.0,0.0,51.50000000000006,True,False,False
2025-06-11,74.82,-280.0,0.0,0.0,-280.0,True,False,False
2025-06-12,75.05,-31.00000000000005,0.0,0.0,-31.00000000000005,True,False,False
2025-06-13,80.22,-531.0,0.0,0.0,-531.0,True,False,False
2025-06-16,78.59,192.4999999999999,-0.0,0.0,192.4999999999999,True,False,False
2025-06-17,82.3,-373.4999999999998,0.0,0.0,-373.4999999999998,True,False,False
2025-06-18,82.27,9.499999999999886,-0.0,0.0,9.499999999999886,True,False,False
2025-06-20,83.12,-146.50000000000006,0.0,0.0,-146.50000000000006,False,False,True
2025-06-23,76.41,0.0,0.0,0.0,0.0,False,False,False
2025-06-24,73.0,0.0,0.0,0.0,0.0,False,False,False
2025-06-25,73.31,0.0,0.0,0.0,0.0,False,False,False
2025-06-26,73.59,0.0,0.0,0.0,0.0,False,False,False
2025-06-27,73.28,0.0,0.0,0.0,0.0,False,False,False
2025-06-30,73.11,0.0,0.0,0.0,0.0,False,False,False
2025-07-01,73.93,0.0,0.0,0.0,0.0,False,False,False
2025-07-02,75.59,0.0,0.0,0.0,0.0,False,False,False
2025-07-03,75.19,0.0,0.0,0.0,0.0,False,False,False
2025-07-07,76.48,0.0,0.0,0.0,0.0,False,False,False
2025-07-08,76.96,0.0,0.0,0.0,0.0,False,False,False
2025-07-09,76.93,0.0,0.0,0.0,0.0,False,False,False
2025-07-10,75.39,0.0,0.0,0.0,0.0,False,False,False
2025-07-11,77.29,0.0,0.0,0.0,0.0,False,False,False
2025-07-14,75.62,0.0,0.0,0.0,0.0,False,False,False
2025-07-15,75.26,0.0,0.0,0.0,0.0,False,False,False
2025-07-16,75.19,0.0,0.0,0.0,0.0,False,False,False
2025-07-17,76.16,0.0,0.0,0.0,0.0,False,False,False
2025-07-18,75.93,0.0,0.0,0.0,0.0,False,False,False
2025-07-21,75.59,0.0,0.0,0.0,0.0,False,False,False
2025-07-22,75.35,0.0,0.0,0.0,0.0,False,False,False
2025-07-23,75.28,0.0,0.0,0.0,0.0,False,False,False
2025-07-24,76.09,0.0,0.0,0.0,0.0,False,False,False
2025-07-25,74.85,0.0,0.0,0.0,0.0,False,False,False
2025-07-28,77.17,0.0,0.0,0.0,0.0,False,False,False
2025-07-29,79.8,0.0,0.0,0.0,0.0,False,False,False
2025-07-30,81.04,0.0,0.0,0.0,0.0,False,False,False
2025-07-31,79.59,0.0,0.0,0.0,0.0,False,False,False
2025-08-01,77.46,0.0,0.0,0.0,0.0,False,False,False
2025-08-04,76.11,0.0,0.0,0.0,0.0,False,False,False
2025-08-05,75.02,0.0,0.0,0.0,0.0,False,False,False
2025-08-06,73.79,0.0,0.0,0.0,0.0,False,False,False
2025-08-07,73.42,0.0,0.0,0.0,0.0,False,False,False
2025-08-08,73.3,0.0,0.0,0.0,0.0,False,False,False
2025-08-11,73.8,0.0,0.0,0.0,0.0,False,False,False
2025-08-12,72.95,0.0,0.0,0.0,0.0,False,False,False
2025-08-13,72.46,0.0,0.0,0.0,0.0,False,False,False
2025-08-14,73.74,-9.5,0.0,0.0,-9.5,True,True,False
2025-08-15,72.8,-7.500000000000018,-0.0,0.0,-7.500000000000018,True,False,False
2025-08-18,73.17,75.99999999999997,0.0,0.0,75.99999999999997,True,False,False
2025-08-19,72.3,-5.999999999999961,-0.0,0.0,-5.999999999999961,True,False,False
2025-08-20,73.52,31.99999999999994,0.0,0.0,31.99999999999994,True,False,False
2025-08-21,74.13,17.99999999999997,0.0,0.0,17.99999999999997,True,False,False
2025-08-22,74.64,15.000000000000036,0.0,0.0,15.000000000000036,True,False,False
2025-08-25,75.75,-2.499999999999991,0.0,0.0,-2.499999999999991,True,False,False
2025-08-26,74.05,25.49999999999999,-0.0,0.0,25.49999999999999,True,False,False
2025-08-27,74.68,17.50000000000003,0.0,0.0,17.50000000000003,True,False,False
2025-08-28,75.24,-6.500000000000039,0.0,0.0,-6.500000000000039,True,False,False
2025-08-29,74.84,36.50000000000002,-0.0,0.0,36.50000000000002,True,False,False
2025-09-02,76.76,-68.00000000000006,0.0,0.0,-68.00000000000006,True,False,False
2025-09-03,74.83,84.00000000000007,-0.0,0.0,84.00000000000007,True,False,False
2025-09-04,74.18,35.49999999999996,-0.0,0.0,35.49999999999996,True,False,False
2025-09-05,72.63,6.000000000000005,-0.0,0.0,6.000000000000005,False,False,True
2025-09-08,73.04,0.0,0.0,0.0,0.0,False,False,False
2025-09-09,73.39,0.0,0.0,0.0,0.0,False,False,False
2025-09-10,74.71,0.0,0.0,0.0,0.0,False,False,False
2025-09-11,73.0,0.0,0.0,0.0,0.0,False,False,False
2025-09-12,73.31,0.0,0.0,0.0,0.0,False,False,False
2025-09-15,74.23,0.0,0.0,0.0,0.0,False,False,False
2025-09-16,75.67,0.0,0.0,0.0,0.0,False,False,False
2025-09-17,74.97,-6.0,0.0,0.0,-6.0,True,True,False
2025-09-18,74.69,16.999999999999904,-0.0,0.0,16.999999999999904,True,False,False
2025-09-19,73.52,11.00000000000012,-0.0,0.0,11.00000000000012,True,False,False
2025-09-22,73.45,19.49999999999994,-0.0,0.0,19.49999999999994,True,False,False
2025-09-23,75.05,-0.9999999999999787,0.0,0.0,-0.9999999999999787,True,False,False
2025-09-24,76.39,-36.49999999999993,0.0,0.0,-36.49999999999993,True,False,False
2025-09-25,76.99,-31.500000000000128,0.0,0.0,-31.500000000000128,True,False,False
2025-09-26,77.02,8.000000000000007,0.0,0.0,8.000000000000007,True,False,False
2025-09-29,74.59,86.00000000000003,-0.0,0.0,86.00000000000003,True,False,False
2025-09-30,73.75,10.500000000000043,-0.0,0.0,10.500000000000043,True,False,False
2025-10-01,73.14,-4.500000000000037,-0.0,0.0,-4.500000000000037,True,False,False
2025-10-02,71.54,-81.5,-0.0,0.0,-81.5,True,False,False
2025-10-03,71.71,37.999999999999986,0.0,0.0,37.999999999999986,True,False,False
2025-10-06,72.87,96.0,0.0,0.0,96.0,True,False,False
2025-10-07,73.2,23.500000000000032,0.0,0.0,23.500000000000032,True,False,False
2025-10-08,73.53,30.99999999999996,0.0,0.0,30.99999999999996,True,False,False
2025-10-09,72.51,-35.999999999999986,-0.0,0.0,-35.999999999999986,True,False,False
2025-10-10,69.39,-269.5,-0.0,0.0,-269.5,False,False,True
2025-10-13,70.28,0.0,0.0,0.0,0.0,False,False,False
2025-10-14,69.0,0.0,0.0,0.0,0.0,False,False,False
2025-10-15,68.99,0.0,0.0,0.0,0.0,False,False,False
2025-10-16,67.81,-8.0,0.0,0.0,-8.0,True,True,False
2025-10-17,67.98,17.499999999999982,0.0,0.0,17.499999999999982,True,False,False
2025-10-20,67.83,36.50000000000002,-0.0,0.0,36.50000000000002,True,False,False
2025-10-21,68.27,17.499999999999982,0.0,0.0,17.499999999999982,True,False,False
2025-10-22,70.63,-147.99999999999994,0.0,0.0,-147.99999999999994,True,False,False
2025-10-23,73.29,-110.49999999999996,0.0,0.0,-110.49999999999996,True,False,False
2025-10-24,73.18,41.9999999999999,-0.0,0.0,41.9999999999999,True,False,False
2025-10-27,73.12,32.00000000000003,-0.0,0.0,32.00000000000003,True,False,False
2025-10-28,71.39,125.00000000000009,-0.0,0.0,125.00000000000009,True,False,False
2025-10-29,71.8,-14.000000000000057,0.0,0.0,-14.000000000000057,True,False,False
2025-10-30,71.71,24.499999999999922,-0.0,0.0,24.499999999999922,True,False,False
2025-10-31,72.56,-43.49999999999996,0.0,0.0,-43.49999999999996,True,False,False
2025-11-03,72.74,18.00000000000006,0.0,0.0,18.00000000000006,True,False,False
2025-11-04,71.93,54.4999999999999,-0.0,0.0,54.4999999999999,True,False,False
2025-11-05,71.03,78.50000000000001,-0.0,0.0,78.50000000000001,True,False,False
2025-11-06,70.88,7.000000000000028,-0.0,0.0,7.000000000000028,True,False,False
2025-11-07,71.26,0.9999999999999893,0.0,0.0,0.9999999999999893,False,False,True
2025-11-10,71.68,0.0,0.0,0.0,0.0,False,False,False
2025-11-11,72.72,0.0,0.0,0.0,0.0,False,False,False
2025-11-12,69.79,0.0,0.0,0.0,0.0,False,False,False
2025-11-13,69.85,0.0,0.0,0.0,0.0,False,False,False
2025-11-14,71.38,0.0,0.0,0.0,0.0,False,False,False
2025-11-17,71.3,0.0,0.0,0.0,0.0,False,False,False
2025-11-18,72.5,-34.99999999999994,0.0,0.0,-34.99999999999994,True,True,False
2025-11-19,70.88,5.499999999999972,-0.0,0.0,5.499999999999972,True,False,False
2025-11-20,70.15,-7.499999999999929,-0.0,0.0,-7.499999999999929,True,False,False
2025-11-21,69.3,-22.500000000000053,-0.0,0.0,-22.500000000000053,True,False,False
2025-11-24,70.42,46.0,0.0,0.0,46.0,True,False,False
2025-11-25,69.25,-23.499999999999943,-0.0,0.0,-23.499999999999943,True,False,False
2025-11-26,70.04,42.99999999999997,0.0,0.0,42.99999999999997,True,False,False
2025-11-28,71.07,38.49999999999998,0.0,0.0,38.49999999999998,True,False,False
2025-12-01,71.06,27.000000000000046,-0.0,0.0,27.000000000000046,True,False,False
2025-12-02,70.2,-13.500000000000068,-0.0,0.0,-13.500000000000068,True,False,False
2025-12-03,70.66,54.999999999999986,0.0,0.0,54.999999999999986,True,False,False
2025-12-04,71.39,28.00000000000007,0.0,0.0,28.00000000000007,True,False,False
2025-12-05,71.92,29.999999999999982,0.0,0.0,29.999999999999982,True,False,False
2025-12-08,70.49,-10.499999999999998,-0.0,0.0,-10.499999999999998,True,False,False
2025-12-09,69.86,-9.999999999999964,-0.0,0.0,-9.999999999999964,True,False,False
2025-12-10,70.54,34.49999999999997,0.0,0.0,34.49999999999997,True,False,False
2025-12-11,69.25,-39.5,-0.0,0.0,-39.5,True,False,False
2025-12-12,68.81,-34.5,-0.0,0.0,-34.5,False,False,True
2025-12-15,67.89,0.0,0.0,0.0,0.0,False,False,False
2025-12-16,66.17,0.0,0.0,0.0,0.0,False,False,False
2025-12-17,67.98,-6.999999999999943,0.0,0.0,-6.999999999999943,True,True,False
2025-12-18,67.19,36.00000000000003,-0.0,0.0,36.00000000000003,True,False,False
2025-12-19,68.03,0.49999999999998934,0.0,0.0,0.49999999999998934,True,False,False
2025-12-22,69.73,-11.000000000000032,0.0,0.0,-11.000000000000032,True,False,False
2025-12-23,70.3,-27.500000000000036,0.0,0.0,-27.500000000000036,True,False,False
2025-12-24,70.2,23.000000000000043,-0.0,0.0,23.000000000000043,True,False,False
2025-12-26,68.48,59.999999999999964,-0.0,0.0,59.999999999999964,True,False,False
2025-12-29,69.61,2.0000000000000018,0.0,0.0,2.0000000000000018,True,False,False
2025-12-30,69.74,21.499999999999986,0.0,0.0,21.499999999999986,True,False,False
2025-12-31,69.16,39.50000000000004,-0.0,0.0,39.50000000000004,True,False,False
2026-01-02,68.96,28.999999999999957,-0.0,0.0,28.999999999999957,True,False,False
2026-01-05,70.22,-40.99999999999997,0.0,0.0,-40.99999999999997,True,False,False
2026-01-06,68.51,62.000000000000014,-0.0,0.0,62.000000000000014,True,False,False
2026-01-07,67.79,-3.5000000000000586,-0.0,0.0,-3.5000000000000586,True,False,False
2026-01-08,70.54,-79.99999999999999,0.0,0.0,-79.99999999999999,True,False,False
2026-01-09,70.78,-48.499999999999986,0.0,0.0,-48.499999999999986,False,False,True
2026-01-12,71.65,0.0,0.0,0.0,0.0,False,False,False
2026-01-13,73.48,0.0,0.0,0.0,0.0,False,False,False
2026-01-14,72.61,0.0,0.0,0.0,0.0,False,False,False
2026-01-15,71.13,-14.5,0.0,0.0,-14.5,True,True,False
2026-01-16,71.65,-3.4999999999999254,0.0,0.0,-3.4999999999999254,True,False,False
2026-01-20,71.86,-25.49999999999999,0.0,0.0,-25.49999999999999,True,False,False
2026-01-21,73.34,29.499999999999904,0.0,0.0,29.499999999999904,True,False,False
2026-01-22,71.82,41.99999999999999,-0.0,0.0,41.99999999999999,True,False,False
2026-01-23,73.95,-85.99999999999994,0.0,0.0,-85.99999999999994,True,False,False
2026-01-26,73.48,56.99999999999994,-0.0,0.0,56.99999999999994,True,False,False
2026-01-27,75.66,-86.99999999999991,0.0,0.0,-86.99999999999991,True,False,False
2026-01-28,76.62,-62.999999999999986,0.0,0.0,-62.999999999999986,True,False,False
2026-01-29,79.14,-202.50000000000003,0.0,0.0,-202.50000000000003,True,False,False
2026-01-30,79.52,-37.5,0.0,0.0,-37.5,True,False,False
2026-02-02,75.33,431.49999999999994,-0.0,0.0,431.49999999999994,True,False,False
2026-02-03,77.47,-144.99999999999994,0.0,0.0,-144.99999999999994,True,False,False
2026-02-04,77.88,-113.49999999999997,0.0,0.0,-113.49999999999997,True,False,False
2026-02-05,76.69,132.50000000000003,-0.0,0.0,132.50000000000003,True,False,False
2026-02-06,76.99,-198.50000000000017,0.0,0.0,-198.50000000000017,False,False,True
2026-02-09,78.02,0.0,0.0,0.0,0.0,False,False,False
2026-02-10,78.03,0.0,0.0,0.0,0.0,False,False,False
2026-02-11,78.89,0.0,0.0,0.0,0.0,False,False,False
2026-02-12,76.38,0.0,0.0,0.0,0.0,False,False,False
2026-02-13,76.22,-25.0,0.0,0.0,-25.0,True,True,False
2026-02-17,75.73,29.999999999999982,-0.0,0.0,29.999999999999982,True,False,False
2026-02-18,79.4,-143.49999999999997,0.0,0.0,-143.49999999999997,True,False,False
2026-02-19,81.19,-103.00000000000011,0.0,0.0,-103.00000000000011,True,False,False
2026-02-20,80.85,40.500000000000114,-0.0,0.0,40.500000000000114,True,False,False
2026-02-23,80.9,-8.000000000000007,0.0,0.0,-8.000000000000007,True,False,False
2026-02-24,80.76,18.50000000000005,-0.0,0.0,18.50000000000005,True,False,False
2026-02-25,79.73,26.999999999999957,-0.0,0.0,26.999999999999957,True,False,False
2026-02-26,79.77,-2.999999999999936,0.0,0.0,-2.999999999999936,True,False,False
2026-02-27,81.95,-101.50000000000006,0.0,0.0,-101.50000000000006,True,False,False
2026-03-02,87.19,-457.5000000000001,0.0,0.0,-457.5000000000001,True,False,False
2026-03-03,90.2,-94.50000000000003,0.0,0.0,-94.50000000000003,True,False,False
2026-03-04,91.56,-159.49999999999972,0.0,0.0,-159.49999999999972,True,False,False
2026-03-05,96.31,-511.0000000000003,0.0,0.0,-511.0000000000003,True,False,False
2026-03-06,108.77,-1374.4999999999998,0.0,0.0,-1374.4999999999998,False,False,True
2026-03-09,104.33,0.0,0.0,0.0,0.0,False,False,False
2026-03-10,105.86,0.0,0.0,0.0,0.0,False,False,False
2026-03-11,108.05,0.0,0.0,0.0,0.0,False,False,False
2026-03-12,118.39,0.0,0.0,0.0,0.0,False,False,False
2026-03-13,119.89,0.0,0.0,0.0,0.0,False,False,False
2026-03-16,115.03,-50.0,0.0,0.0,-50.0,True,True,False
2026-03-17,118.84,139.99999999999986,0.0,0.0,139.99999999999986,True,False,False
2026-03-18,121.67,-7.499999999999929,0.0,0.0,-7.499999999999929,True,False,False
2026-03-19,117.36,247.5000000000005,-0.0,0.0,247.5000000000005,True,False,False
2026-03-20,121.43,-32.500000000000284,0.0,0.0,-32.500000000000284,True,False,False
2026-03-23,110.56,185.00000000000014,-0.0,0.0,185.00000000000014,True,False,False
2026-03-24,114.54,97.50000000000014,0.0,0.0,97.50000000000014,True,False,False
2026-03-25,113.39,7.499999999999574,-0.0,0.0,7.499999999999574,True,False,False
2026-03-26,117.26,-72.49999999999979,0.0,0.0,-72.49999999999979,True,False,False
2026-03-27,124.2,-225.00000000000034,0.0,0.0,-225.00000000000034,True,False,False
2026-03-30,129.83,10.000000000000142,0.0,0.0,10.000000000000142,True,False,False
2026-03-31,127.25,262.50000000000034,-0.0,0.0,262.50000000000034,True,False,False
2026-04-01,124.09,69.99999999999993,-0.0,0.0,69.99999999999993,True,False,False
2026-04-02,137.92,-716.0,0.0,0.0,-716.0,True,False,False
2026-04-06,138.94,-67.49999999999972,0.0,0.0,-67.49999999999972,True,False,False
2026-04-07,138.08,110.99999999999923,-0.0,0.0,110.99999999999923,True,False,False
2026-04-08,124.58,1228.5000000000005,-0.0,0.0,1228.5000000000005,True,False,False
2026-04-09,126.96,-16.499999999999915,0.0,0.0,-16.499999999999915,True,False,False
2026-04-10,124.82,135.99999999999991,-0.0,0.0,135.99999999999991,False,False,True
